Carimbo de data/hora,Como você se identifica?,Qual a sua idade?,Em qual bairro você mora?,Qual a renda total da sua casa por mês?,O seu trabalho hoje é:,"De 1 a 5, que nota você dá para a qualidade de vida em São José?",Quais meios de transporte você usa? (marque todos que utilizar),Você acha que a cidade tem boas opções de cultura e eventos?,"Para você, São José é:",Você sente que as festas e eventos da cidade combinam com o seu jeito?,O que você acha que mais falta em São José?,Com que frequência você sai para passear ou se divertir na cidade?,Você costuma ir para outras cidades para passear ou comer fora?,Qual região da cidade você mais frequenta quando sai de casa?,Qual a maior dificuldade para sair à noite em São José?,O que faz você escolher um restaurante ou bar?,Você escolhe um lugar só porque ele é bonito para tirar fotos e postar?,Quais tipos de música você mais gosta de ouvir?,Quais desses serviços de filmes ou música você usa?,Qual rede social você mais usa pra encontrar lugares e referências na cidade,Você já foi em algum lugar só porque viu um influenciador da cidade indicando?,Escreva o nome de até 3 influenciadores de São José que você acompanha. ,Por onde você fica sabendo das notícias de São José?,"De 1 a 5, o quanto você acompanha o que acontece na política da cidade?","Na política, você se sente mais próximo de qual lado?",Quem você acha que mais ajuda a cidade a crescer?,"Para você, a cidade de São José está:","Se tivesse mais opções de lazer que você gosta, você gastaria mais com isso?",Você tem orgulho de morar em São José dos Campos?,Qual o seu estado civil?,Você Já tem casa própria?,Você acha que precisa estar bem financeiramente antes de começar um relacionamento sério?,As redes sociais ou aplicativos de namoro mexem com a sua vida social?,"Em poucas palavras, como você definiria São José hoje?","Comparando com as cidades vizinhas, o que você acha das opções de lazer daqui?",Você costuma comprar de produtores locais ou ir em feiras de artesanato da cidade?,"Você tem animal de estimação?(gato, cachorro e etc)","Você acha que São José é uma cidade boa para quem tem animais de estimação (cachorro, gato e etc)?",Tem algo que queira falar e não abordamos na pesquisa?,Região
02/03/2026 15:24:57,Homem Cis,25 a 34 anos,Vila Industrial ,Entre R$ 2.801 e R$ 5.600,Carteira assinada (CLT),3,Ônibus,Sim,Uma cidade moderna e cheia de tecnologia,Não,"Melhorar o ônibus e o trânsito, Mais segurança",1 vez por mês,"Sim, sempre","Centro / Oeste (ex: Aquarius, Vila Adyana)",Não vejo dificuldade,Indicação de amigos ou família,"Não, não ligo para isso","Rock, Sertanejo, Funk, Pagode/Samba","Netflix, Spotify, YouTube Music",Instagram,Sim,"MC Tuto, MC Kadu, MC Paiva","Canais de TV (Vanguarda, Thathi, Canção Nova, etc.), Páginas de Instagram (Notícias SJC, Explore SJC, Fica Dica SJC, Prefeitura SJC)",1,Prefiro não responder,As empresas e o comércio,Do mesmo jeito,Não,Não,Namorando,Tenho Casa Própria,Não,Não,É uma cidade boa pra se morar em alguns aspectos ,São piores,Não tenho interesse,Não,5,O transporte em São José só aumenta a passagem não estão em condições boas. Em São Paulo já não paga a passagem. Os motoristas são grossos se a gente não tem como pagar a passagem. ,Leste
02/03/2026 15:46:53,Mulher Cis,45 a 54 anos,Interlagos ,Entre R$ 2.801 e R$ 5.600,Por conta própria / Bico / PJ,5,"Carro próprio, Apps de transporte (Uber, 99), Ônibus, Linha Verde",Não,Um pouco das duas coisas,Não,"Mais festas e eventos culturais, Mais opções para sair à noite, Parques e praças mais bem cuidados, Melhorar o ônibus e o trânsito, Mais segurança",Quase nunca,Quase nunca,"Centro / Oeste (ex: Aquarius, Vila Adyana)",É tudo muito caro,O preço,"Não, não ligo para isso","Pop, Rock","Netflix, Disney+, Spotify",Não usa,Não,Prefeito Emanuel,"Portais de Notícias (Meon, Life Informa, Diário de SJC, G1 Vale, 012 News), Rádios (Band Vale, CBN, Jovem Pan, Nativa, Stereo Vale, etc.), Páginas de Instagram (Notícias SJC, Explore SJC, Fica Dica SJC, Prefeitura SJC), Grupos de WhatsApp ou Telegram",3,Direita,As empresas e o comércio,Melhorando,Sim,Sim,Divorciado(a),Tenho Casa Própria,Não,Muito,Uma cidade tranquila.,São melhores,Não tenho interesse,Sim,3,Uma sugestão de mudança é ter mais ciclovias em bairros periféricos. Oe periféricos não tem ciclovia e é uma bagunça o trânsito,Sul
02/03/2026 16:09:46,Homem Trans,35 a 44 anos,Jd Minas Gerais ,Entre R$ 2.801 e R$ 5.600,Carteira assinada (CLT),5,"Carro próprio, Ônibus",Sim,Um pouco das duas coisas,Sim,"Mais festas e eventos culturais, Mais opções para sair à noite",Toda semana,Quase nunca,Zona Sul,Não vejo dificuldade,O preço,"Não, não ligo para isso","Sertanejo, Funk, Pagode/Samba","Netflix, Max (HBO)",YouTube,Não,Não.,"Portais de Notícias (Meon, Life Informa, Diário de SJC, G1 Vale, 012 News), Páginas de Instagram (Notícias SJC, Explore SJC, Fica Dica SJC, Prefeitura SJC)",2,Direita,Os dois juntos,Melhorando,Sim,Sim,Casado(a) ou morando junto,Tenho Casa Própria,Sim,Não,São José é bom de viver ,São melhores,Às vezes,Não,5,Nada.,Norte
02/03/2026 18:22:54,Mulher Cis,25 a 34 anos,Vila maria,Até R$ 2.800,Carteira assinada (CLT),5,"Apps de transporte (Uber, 99)",Sim,Um pouco das duas coisas,Não,Mais opções para sair à noite,Quase nunca,"Sim, sempre",Vou em todas as regiões,Não tem lugar legal para ir,O que vejo no Instagram ou TikTok,Um pouco,"Funk, Eletrônica","Netflix, Disney+, Globoplay, YouTube Music",TikTok,Sim,Não conheço ,"Páginas de Instagram (Notícias SJC, Explore SJC, Fica Dica SJC, Prefeitura SJC)",1,Esquerda,As empresas e o comércio,Melhorando,Sim,Sim,Casado(a) ou morando junto,Moro de aluguel mas quero uma casa própria,Sim,Não,"Uma cidade muito boa de se morar, segura ",São piores,Não tenho interesse,Sim,4,,Centro
02/03/2026 21:21:03,Mulher Cis,25 a 34 anos,Rio Comprido,Entre R$ 2.801 e R$ 5.600,Carteira assinada (CLT),4,"Carro próprio, Apps de transporte (Uber, 99), Ônibus",Sim,Um pouco das duas coisas,Sim,"Mais festas e eventos culturais, Mais opções para sair à noite, Restaurantes e lanchonetes diferentes, Parques e praças mais bem cuidados, Melhorar o ônibus e o trânsito, Mais segurança",1 vez por mês,Às vezes,Zona Sul,Não tem lugar legal para ir,Se o lugar é bonito e agradável,Um pouco,"Sertanejo, Funk, Pagode/Samba","Netflix, Amazon Prime Video, Globoplay, Spotify",Instagram,Sim,"jeito jessica de ser, tamires e thais cavalin","Canais de TV (Vanguarda, Thathi, Canção Nova, etc.), Páginas de Instagram (Notícias SJC, Explore SJC, Fica Dica SJC, Prefeitura SJC)",1,Prefiro não responder,Os dois juntos,Melhorando,Sim,Sim,Solteiro(a),Tenho Casa Própria,Sim,Não,,São melhores,"Sim, sempre",Não,3,,Sul
02/03/2026 21:28:53,Mulher Cis,35 a 44 anos,Vila Maria ,Entre R$ 2.801 e R$ 5.600,Carteira assinada (CLT),4,Carro próprio,Não,Um pouco das duas coisas,Não,Não falta nada,1 vez por mês,"Sim, sempre",Vou em todas as regiões,Não vejo dificuldade,Se o lugar é bonito e agradável,"Não, não ligo para isso","Eletrônica, MPB, Hip Hop, Pagode/Samba","Netflix, Disney+, Globoplay, Star+, Spotify, YouTube Music",TikTok,Sim,Não me recordo ,"Páginas de Instagram (Notícias SJC, Explore SJC, Fica Dica SJC, Prefeitura SJC)",3,Prefiro não responder,Os dois juntos,Melhorando,Não,Sim,Casado(a) ou morando junto,Moro de aluguel mas quero uma casa própria,Não,Um pouco,Praticidade ,São iguais,Às vezes,Sim,4,,Centro
02/03/2026 21:59:29,Mulher Cis,35 a 44 anos,Jd colonial ,Até R$ 2.800,Por conta própria / Bico / PJ,3,"Carro alugado, Apps de transporte (Uber, 99), Ônibus",Não,Um pouco das duas coisas,Não,"Mais festas e eventos culturais, Mais opções para sair à noite, Restaurantes e lanchonetes diferentes, Parques e praças mais bem cuidados, Melhorar o ônibus e o trânsito, Mais segurança",Quase nunca,Às vezes,Vou em todas as regiões,É tudo muito caro,Se o lugar é bonito e agradável,Um pouco,"Pop, Sertanejo, MPB, Gospel, Pagode/Samba","Netflix, Globoplay",Instagram,Não,Nenhum,"Páginas de Instagram (Notícias SJC, Explore SJC, Fica Dica SJC, Prefeitura SJC)",3,Prefiro não responder,Não sei,Piorando,Sim,Sim,Divorciado(a),Moro de aluguel mas quero uma casa própria,Não,Não, Uma cidade com poucos recursos  para  jovens,São piores,"Tenho vontade, mas não vou",Sim,3,,Sul
02/03/2026 22:46:18,Mulher Cis,35 a 44 anos,Jd. Imperial ,Entre R$ 2.801 e R$ 5.600,Funcionário público,3,"Carro próprio, Apps de transporte (Uber, 99)",Não,Nenhuma delas,Não,"Mais festas e eventos culturais, Mais opções para sair à noite, Restaurantes e lanchonetes diferentes, Parques e praças mais bem cuidados, Melhorar o ônibus e o trânsito, Mais segurança",1 vez por mês,"Sim, sempre","Centro / Oeste (ex: Aquarius, Vila Adyana)",Não tem lugar legal para ir,Se o lugar é bonito e agradável,Um pouco,"MPB, Hip Hop, Pagode/Samba","Netflix, Spotify, YouTube Music",Instagram,Sim,Luis Guilherme Barros,"Portais de Notícias (Meon, Life Informa, Diário de SJC, G1 Vale, 012 News), Páginas de Instagram (Notícias SJC, Explore SJC, Fica Dica SJC, Prefeitura SJC), Grupos de WhatsApp ou Telegram, Conversando com amigos e família",5,Direita,As empresas e o comércio,Piorando,Sim,Não,Namorando,Moro de aluguel e não quero adquirir uma casa própria,Sim,Não,Pior gestão de todos os tempos.,São piores,Às vezes,Sim,3,,Sul
02/03/2026 23:04:41,Homem Cis,35 a 44 anos,Esplanada ,Entre R$ 5.601 e R$ 12.000,Carteira assinada (CLT),5,"Apps de transporte (Uber, 99), Ônibus",Sim,Uma cidade moderna e cheia de tecnologia,Sim,Melhorar o ônibus e o trânsito,2 ou 3 vezes por mês,Às vezes,Zona Sul,Não vejo dificuldade,Indicação de amigos ou família,"Não, não ligo para isso",Rock,Não uso nenhum,Instagram,Não,Não conheço ,"Portais de Notícias (Meon, Life Informa, Diário de SJC, G1 Vale, 012 News), Páginas de Instagram (Notícias SJC, Explore SJC, Fica Dica SJC, Prefeitura SJC)",4,Esquerda,As empresas e o comércio,Melhorando,Sim,Sim,Solteiro(a),Moro de aluguel e não quero adquirir uma casa própria,Sim,Não,Melhor cidade para se morar ,São melhores,Às vezes,Não,4,,Oeste
03/03/2026 03:06:03,Outros,35 a 44 anos,Vila industrial ,Até R$ 2.800,Carteira assinada (CLT),4,Ônibus,Não,Um pouco das duas coisas,Sim,"Mais festas e eventos culturais, Mais opções para sair à noite, Restaurantes e lanchonetes diferentes, Parques e praças mais bem cuidados, Mais segurança",2 ou 3 vezes por mês,Às vezes,Vou em todas as regiões,Ônibus ou falta de transporte,Indicação de amigos ou família,"Não, não ligo para isso","Sertanejo, Funk, Pagode/Samba","Netflix, Amazon Prime Video, Disney+, Globoplay, Deezer, YouTube Music",Instagram,Não,Não conheço ,"Portais de Notícias (Meon, Life Informa, Diário de SJC, G1 Vale, 012 News), Páginas de Instagram (Notícias SJC, Explore SJC, Fica Dica SJC, Prefeitura SJC)",3,Prefiro não responder,Os dois juntos,Melhorando,Sim,Sim,Solteiro(a),Moro de aluguel mas quero uma casa própria,Sim,Um pouco,,São iguais,"Sim, sempre",Sim,4,,Leste
03/03/2026 06:48:29,Mulher Cis,25 a 34 anos,Jardim uira ,Até R$ 2.800,Por conta própria / Bico / PJ,3,"Carro próprio, Apps de transporte (Uber, 99), Ônibus",Sim,Uma cidade moderna e cheia de tecnologia,Sim,Parques e praças mais bem cuidados,1 vez por mês,"Sim, sempre",Zona Sul,Falta de segurança,O preço,Um pouco,Eletrônica,"Netflix, Disney+, Max (HBO)",Instagram,Sim,Lorak,"Portais de Notícias (Meon, Life Informa, Diário de SJC, G1 Vale, 012 News)",4,Esquerda,As empresas e o comércio,Do mesmo jeito,Sim,Sim,Divorciado(a),Moro de aluguel e não quero adquirir uma casa própria,Sim,Não,Bom mesmo é morar em São José ,São melhores,Às vezes,Sim,2,,Sudeste
03/03/2026 07:56:05,Mulher Cis,35 a 44 anos,Torrao de ouro,Entre R$ 12.001 e R$ 26.000,Carteira assinada (CLT),5,Ônibus,Sim,Um pouco das duas coisas,Sim,Mais segurança,2 ou 3 vezes por mês,Às vezes,Zona Sul,Falta de segurança,Indicação de amigos ou família,"Não, não ligo para isso","Rock, Sertanejo, Funk, Trap, Eletrônica, MPB, Hip Hop, Gospel, Pagode/Samba","Netflix, YouTube Music",YouTube,Não,Nenhum,"Portais de Notícias (Meon, Life Informa, Diário de SJC, G1 Vale, 012 News), Rádios (Band Vale, CBN, Jovem Pan, Nativa, Stereo Vale, etc.), Canais de TV (Vanguarda, Thathi, Canção Nova, etc.), Conversando com amigos e família",1,Prefiro não responder,Os dois juntos,Melhorando,Não,Sim,Casado(a) ou morando junto,Tenho Casa Própria,Não,Não,Ótimo ,São iguais,Às vezes,Sim,5,Nao,Sudeste
03/03/2026 08:21:25,Homem Cis,35 a 44 anos,Altos de Santana ,Entre R$ 2.801 e R$ 5.600,Carteira assinada (CLT),2,"Carro próprio, Apps de transporte (Uber, 99), Patinete Alugado, Ônibus",Sim,Um pouco das duas coisas,Sim,"Parques e praças mais bem cuidados, Melhorar o ônibus e o trânsito, Mais segurança",Toda semana,"Sim, sempre",Zona Sul,Falta de segurança,Se o lugar é bonito e agradável,"Não, não ligo para isso","Pop, Rock, Eletrônica, MPB, Pagode/Samba","Netflix, Amazon Prime Video, Disney+, Max (HBO), Globoplay, Apple TV+, Star+, Paramount+, YouTube Music, PlayStation Plus",Instagram,Não,Nemhum,"Rádios (Band Vale, CBN, Jovem Pan, Nativa, Stereo Vale, etc.), Canais de TV (Vanguarda, Thathi, Canção Nova, etc.)",5,Direita,Os dois juntos,Melhorando,Sim,Sim,Casado(a) ou morando junto,Moro de aluguel mas quero uma casa própria,Não,Não,Uma cidade boa,São melhores,"Sim, sempre",Sim,5,,Norte
03/03/2026 09:18:14,Homem Cis,35 a 44 anos,Pararangaba ,Até R$ 2.800,Carteira assinada (CLT),3,"Apps de transporte (Uber, 99), Bicicleta própria, Ônibus, Linha Verde",Sim,Um pouco das duas coisas,Sim,"Mais festas e eventos culturais, Melhorar o ônibus e o trânsito, Mais segurança",1 vez por mês,Quase nunca,Zona Leste,Ônibus ou falta de transporte,Se é perto de casa,"Não, não ligo para isso","Pop, Rock, Sertanejo, Funk, Eletrônica, Pagode/Samba",YouTube Music,TikTok,Não,Moço do te amo,"Conversando com amigos e família, Não acompanho as notícias da cidade",3,Prefiro não responder,As empresas e o comércio,Melhorando,Sim,Sim,Casado(a) ou morando junto,Moro de aluguel mas quero uma casa própria,Sim,Não,Boa,São iguais,Não tenho interesse,Não,4,N̈ tudo bem explicado ,Leste
03/03/2026 10:59:15,Homem Cis,25 a 34 anos,Cerejeiras ,Entre R$ 2.801 e R$ 5.600,Carteira assinada (CLT),4,"Carro próprio, Apps de transporte (Uber, 99), Ônibus",Sim,Uma cidade moderna e cheia de tecnologia,Sim,Melhorar o ônibus e o trânsito,1 vez por mês,Às vezes,"Centro / Oeste (ex: Aquarius, Vila Adyana)",É tudo muito caro,Se o lugar é bonito e agradável,"Não, não ligo para isso","Sertanejo, Funk, Trap, Hip Hop, Pagode/Samba","Netflix, Disney+, Spotify",Instagram,Sim,. ,"Páginas de Instagram (Notícias SJC, Explore SJC, Fica Dica SJC, Prefeitura SJC)",2,Prefiro não responder,Os dois juntos,Melhorando,Sim,Sim,Divorciado(a),Tenho Casa Própria,Sim,Não,,São melhores,Às vezes,Sim,4,,Leste
03/03/2026 11:00:48,Mulher Cis,45 a 54 anos,Jardim Diamante ,Entre R$ 2.801 e R$ 5.600,Carteira assinada (CLT),3,"Carro próprio, Apps de transporte (Uber, 99), Ônibus, Linha Verde",Não,Uma cidade moderna e cheia de tecnologia,Sim,Mais segurança,2 ou 3 vezes por mês,Às vezes,"Centro / Oeste (ex: Aquarius, Vila Adyana)",É tudo muito caro,O preço,"Não, não ligo para isso","Pop, Rock, Sertanejo, MPB, Pagode/Samba","Netflix, Amazon Prime Video, Disney+, Max (HBO), Globoplay, Star+, Paramount+, Spotify, YouTube Music",Instagram,Não,Não conheço nenhum,"Portais de Notícias (Meon, Life Informa, Diário de SJC, G1 Vale, 012 News)",2,Prefiro não responder,As empresas e o comércio,Do mesmo jeito,Sim,Sim,Solteiro(a),Moro de aluguel mas quero uma casa própria,Não,Não,"Uma cidade cara, muito bonita, mas cara",São iguais,Às vezes,Sim,4,Não ,Leste
03/03/2026 14:03:11,Mulher Cis,25 a 34 anos,Vila Betânia,Entre R$ 5.601 e R$ 12.000,Por conta própria / Bico / PJ,3,Carro próprio,Não,Uma cidade tranquila com jeito de interior,Não,"Mais festas e eventos culturais, Mais opções para sair à noite, Restaurantes e lanchonetes diferentes, Parques e praças mais bem cuidados, Melhorar o ônibus e o trânsito, Mais segurança",Toda semana,Quase nunca,"Centro / Oeste (ex: Aquarius, Vila Adyana)",É tudo muito caro,O preço,Um pouco,"Pop, Rock, MPB, Hip Hop","Amazon Prime Video, Spotify",Instagram,Não,N,"Portais de Notícias (Meon, Life Informa, Diário de SJC, G1 Vale, 012 News), Rádios (Band Vale, CBN, Jovem Pan, Nativa, Stereo Vale, etc.), Páginas de Instagram (Notícias SJC, Explore SJC, Fica Dica SJC, Prefeitura SJC)",4,Centro,Não sei,Piorando,Sim,Não,Solteiro(a),Moro de aluguel mas quero uma casa própria,Sim,Não,Pacata e conservadora.,São iguais,Às vezes,Não,3,,Centro
03/03/2026 14:09:33,Mulher Cis,18 a 24 anos,Novo Horizonte,Entre R$ 2.801 e R$ 5.600,Carteira assinada (CLT),3,"Apps de transporte (Uber, 99), Ônibus",Não,Um pouco das duas coisas,Não,"Mais festas e eventos culturais, Mais opções para sair à noite, Melhorar o ônibus e o trânsito",Toda semana,Nunca,"Centro / Oeste (ex: Aquarius, Vila Adyana)",Não tem lugar legal para ir,Se o lugar é bonito e agradável,Um pouco,"Pop, Sertanejo, Funk, MPB, Hip Hop, Pagode/Samba","Netflix, Spotify, YouTube Music",Instagram,Não,Não acompanho. ,"Rádios (Band Vale, CBN, Jovem Pan, Nativa, Stereo Vale, etc.), Páginas de Instagram (Notícias SJC, Explore SJC, Fica Dica SJC, Prefeitura SJC)",5,Esquerda,Os dois juntos,Piorando,Sim,Sim,Namorando,,Sim,Não,,São melhores,Não tenho interesse,Não,4,,Leste
03/03/2026 14:18:58,Homem Cis,18 a 24 anos,Cidade Morumbi,Até R$ 2.800,Carteira assinada (CLT),2,Ônibus,Sim,Um pouco das duas coisas,Não,"Melhorar o ônibus e o trânsito, Mais segurança",Quase nunca,Às vezes,Zona Sul,É tudo muito caro,O preço,"Não, não ligo para isso","Rock, Trap, Hip Hop, Gospel",Deezer,"Nenhum, eu vou nos que eu conheço",Não,"Nenhum, não acompanho influenciadores","Portais de Notícias (Meon, Life Informa, Diário de SJC, G1 Vale, 012 News), Rádios (Band Vale, CBN, Jovem Pan, Nativa, Stereo Vale, etc.), Canais de TV (Vanguarda, Thathi, Canção Nova, etc.)",5,Prefiro não responder,As empresas e o comércio,Piorando,Não,Não,Casado(a) ou morando junto,Tenho Casa Própria,Sim,Não,Interior que se acha capital,São melhores,Não tenho interesse,Não,1,,Sul
03/03/2026 14:37:32,Mulher Cis,25 a 34 anos,Bosque dos Ipes,Entre R$ 5.601 e R$ 12.000,Carteira assinada (CLT),3,"Carro próprio, Apps de transporte (Uber, 99)",Não,Uma cidade moderna e cheia de tecnologia,Não,"Parques e praças mais bem cuidados, Melhorar o ônibus e o trânsito, Mais segurança",2 ou 3 vezes por mês,Às vezes,Zona Sul,Não tem lugar legal para ir,O preço,Um pouco,"Sertanejo, Pagode/Samba","Netflix, Amazon Prime Video, Disney+, Max (HBO), Spotify, YouTube Music",Instagram,Não,não acompanho,"Páginas de Instagram (Notícias SJC, Explore SJC, Fica Dica SJC, Prefeitura SJC)",3,Direita,A Prefeitura e o Governo,Piorando,Sim,Sim,Casado(a) ou morando junto,Tenho Casa Própria,Não,Não,Falta de segurançã,São piores,Não tenho interesse,Sim,4,,Sul
03/03/2026 14:45:01,Homem Cis,35 a 44 anos,Jd. Satélite,Entre R$ 5.601 e R$ 12.000,Por conta própria / Bico / PJ,4,Carro próprio,Não,Uma cidade tranquila com jeito de interior,Não,"Mais festas e eventos culturais, Parques e praças mais bem cuidados",2 ou 3 vezes por mês,Às vezes,"Centro / Oeste (ex: Aquarius, Vila Adyana)",É tudo muito caro,Se o lugar é bonito e agradável,"Não, não ligo para isso","Rock, Sertanejo","Netflix, Amazon Prime Video, Spotify",Instagram,Sim,Não,Conversando com amigos e família,1,Direita,Os dois juntos,Melhorando,Sim,Não,Casado(a) ou morando junto,Moro de aluguel mas quero uma casa própria,Sim,Não,,São melhores,Às vezes,Sim,4,,Sul
03/03/2026 14:53:16,Mulher Cis,45 a 54 anos,Bela Vista ,Entre R$ 5.601 e R$ 12.000,Por conta própria / Bico / PJ,3,"Carro próprio, Apps de transporte (Uber, 99)",Sim,Um pouco das duas coisas,Sim,Restaurantes e lanchonetes diferentes,2 ou 3 vezes por mês,Quase nunca,"Centro / Oeste (ex: Aquarius, Vila Adyana)",Não tem lugar legal para ir,Indicação de amigos ou família,Um pouco,"Pop, Rock, MPB","Netflix, Disney+, Deezer",Instagram,Sim,"Sjc_city, ficaadica","Portais de Notícias (Meon, Life Informa, Diário de SJC, G1 Vale, 012 News), Canais de TV (Vanguarda, Thathi, Canção Nova, etc.), Páginas de Instagram (Notícias SJC, Explore SJC, Fica Dica SJC, Prefeitura SJC)",3,Prefiro não responder,Os dois juntos,Melhorando,Sim,Sim,Casado(a) ou morando junto,Tenho Casa Própria,Não,Não,,São melhores,Às vezes,Sim,5,,Centro
03/03/2026 15:06:53,Mulher Cis,35 a 44 anos,Dom pedro 2,Até R$ 2.800,Carteira assinada (CLT),5,Ônibus,Sim,Um pouco das duas coisas,Não,Melhorar o ônibus e o trânsito,Quase nunca,Nunca,"Centro / Oeste (ex: Aquarius, Vila Adyana)",Ônibus ou falta de transporte,Se é perto de casa,"Não, não ligo para isso",Gospel,"Globoplay, Spotify, YouTube Music",Instagram,Não,Nao sei,"Canais de TV (Vanguarda, Thathi, Canção Nova, etc.), Páginas de Instagram (Notícias SJC, Explore SJC, Fica Dica SJC, Prefeitura SJC), Conversando com amigos e família",4,Prefiro não responder,Os dois juntos,Melhorando,Não,Sim,Viúvo(a),Moro de aluguel mas quero uma casa própria,Não,Não,Bom.lugar de viver e morar,São melhores,Às vezes,Não,4,Nao,Sul
03/03/2026 15:29:59,Homem Cis,+65 anos,Jardim Satélite,Entre R$ 12.001 e R$ 26.000,Carteira assinada (CLT),5,Carro próprio,Sim,Uma cidade moderna e cheia de tecnologia,Sim,"Mais festas e eventos culturais, Mais opções para sair à noite, Parques e praças mais bem cuidados, Mais segurança",Toda semana,Às vezes,"Centro / Oeste (ex: Aquarius, Vila Adyana)",Não vejo dificuldade,Se é perto de casa,"Não, não ligo para isso",Sertanejo,Não uso nenhum,Não uso,Não,Nenhum,"Rádios (Band Vale, CBN, Jovem Pan, Nativa, Stereo Vale, etc.), Canais de TV (Vanguarda, Thathi, Canção Nova, etc.)",1,Centro,Os dois juntos,Do mesmo jeito,Não,Sim,Casado(a) ou morando junto,Tenho Casa Própria,Não,Um pouco,Uma cidade legal ,São iguais,"Sim, sempre",Sim,2,Falar da saúde da cidade que está difícil também. Até pra quem tem plano de saúde,Sul
03/03/2026 15:35:30,Homem Cis,16 a 17 anos,Bosque,Até R$ 2.800,Estudante,1,"Apps de transporte (Uber, 99), Patinete próprio, Patinete Alugado, Ônibus",Não,Nenhuma delas,Não,"Mais festas e eventos culturais, Mais opções para sair à noite",2 ou 3 vezes por mês,Às vezes,Zona Sul,Não tem lugar legal para ir,O que vejo no Instagram ou TikTok,"Sim, muito","Rock, Sertanejo, Funk, Trap, Hip Hop","Netflix, Amazon Prime Video, Disney+, Max (HBO), Globoplay, Star+, YouTube Music, Game Pass, PlayStation Plus",TikTok,Sim,Só conheço de fora mas que já vieram aqui,"Páginas de Instagram (Notícias SJC, Explore SJC, Fica Dica SJC, Prefeitura SJC), Grupos de WhatsApp ou Telegram, Conversando com amigos e família",1,Prefiro não responder,Não sei,Piorando,Não,Não,Solteiro(a),Moro de aluguel mas quero uma casa própria,Sim,Muito,"Chata, besta, sem coisas legais pra fazer",São melhores,"Sim, sempre",Sim,2,Eu queria falar das linhas de ônibus que são mor tiração,Sul
03/03/2026 15:37:34,Mulher Cis,55 anos a 64 anos,Buquirinha 2,Até R$ 2.800,Por conta própria / Bico / PJ,5,Ônibus,Sim,Um pouco das duas coisas,Não,Melhorar o ônibus e o trânsito,Quase nunca,Nunca,"Centro / Oeste (ex: Aquarius, Vila Adyana)",Não vejo dificuldade,Se o lugar é bonito e agradável,"Não, não ligo para isso",Gospel,Não uso nenhum,Instagram,Não,Não me lembro,Não acompanho as notícias da cidade,1,Direita,Os dois juntos,Melhorando,Não,Sim,Viúvo(a),Tenho Casa Própria,Não,Não,Uma cidade próspera. ,Não sei dizer,Às vezes,Sim,4,Não ,Norte
03/03/2026 15:45:50,Homem Cis,35 a 44 anos,Santana,Entre R$ 5.601 e R$ 12.000,Por conta própria / Bico / PJ,5,"Carro próprio, Apps de transporte (Uber, 99), Ônibus",Sim,Uma cidade moderna e cheia de tecnologia,Não,Parques e praças mais bem cuidados,Quase nunca,"Sim, sempre",Zona Norte,Não tem lugar legal para ir,Indicação de amigos ou família,"Não, não ligo para isso",Gospel,"Netflix, Spotify, YouTube Music",Instagram,Não,Não vem nada.,"Canais de TV (Vanguarda, Thathi, Canção Nova, etc.), Páginas de Instagram (Notícias SJC, Explore SJC, Fica Dica SJC, Prefeitura SJC)",2,Direita,Os dois juntos,Melhorando,Sim,Sim,Casado(a) ou morando junto,Tenho Casa Própria,Não,Não,Qualidade de vida aqui,São melhores,Não tenho interesse,Não,5,Nada.,Norte
03/03/2026 15:53:52,Homem Cis,18 a 24 anos,Satélite,Entre R$ 2.801 e R$ 5.600,Carteira assinada (CLT),5,"Apps de transporte (Uber, 99), Patinete Alugado, Ônibus, Linha Verde",Sim,Uma cidade moderna e cheia de tecnologia,Sim,Restaurantes e lanchonetes diferentes,Toda semana,Às vezes,"Centro / Oeste (ex: Aquarius, Vila Adyana)",Não vejo dificuldade,Se é perto de casa,"Não, não ligo para isso","Sertanejo, Funk, Trap, Eletrônica","Netflix, Amazon Prime Video, Disney+, Globoplay, Paramount+, Spotify, YouTube Music, PlayStation Plus",Instagram,Sim,Ana Isis ( mulher do dono pasq uccina,"Páginas de Instagram (Notícias SJC, Explore SJC, Fica Dica SJC, Prefeitura SJC)",4,Centro,As empresas e o comércio,Melhorando,Sim,Sim,Solteiro(a),Moro de aluguel mas quero uma casa própria,Sim,Não,Uma cidade muito revolucionária pra ser do inteiror,São melhores,Não tenho interesse,Não,5,Aqui é uma cidade boa pra jovem e adolescente,Sul
03/03/2026 16:17:10,Homem Cis,18 a 24 anos,Bosque dos Ypês,Até R$ 2.800,Estudante,1,"Apps de transporte (Uber, 99), Apps de Bike, Patinete próprio, Patinete Alugado, Ônibus, Linha Verde",Não,Uma cidade tranquila com jeito de interior,Não,"Mais festas e eventos culturais, Mais opções para sair à noite, Restaurantes e lanchonetes diferentes",Toda semana,Às vezes,Zona Sul,Falta de segurança,Se o lugar é bonito e agradável,"Sim, muito","Sertanejo, Funk, Eletrônica, MPB","Netflix, Disney+, Apple TV+, Game Pass, PlayStation Plus",Não uso,Não,Não recordo,"Portais de Notícias (Meon, Life Informa, Diário de SJC, G1 Vale, 012 News), Rádios (Band Vale, CBN, Jovem Pan, Nativa, Stereo Vale, etc.), Canais de TV (Vanguarda, Thathi, Canção Nova, etc.), Páginas de Instagram (Notícias SJC, Explore SJC, Fica Dica SJC, Prefeitura SJC), Grupos de WhatsApp ou Telegram, Conversando com amigos e família",3,Prefiro não responder,Os dois juntos,Do mesmo jeito,Sim,Sim,Solteiro(a),Moro de aluguel mas quero uma casa própria,Sim,Um pouco,Lindo demais mas pouco valorizada,São iguais,Às vezes,Sim,5,"O Uber aqui quando chove o preço quase que dobra. É bom pros motorista mas pra gente que usa pra trabalhar é difícil,porque você conta com aquele valor mais certo.",Sul
03/03/2026 16:27:21,Mulher Cis,35 a 44 anos,Eugênio de Melo,Entre R$ 5.601 e R$ 12.000,Carteira assinada (CLT),4,"Carro próprio, Apps de transporte (Uber, 99), Ônibus",Não,Uma cidade tranquila com jeito de interior,Não,"Mais festas e eventos culturais, Mais opções para sair à noite, Restaurantes e lanchonetes diferentes, Parques e praças mais bem cuidados, Melhorar o ônibus e o trânsito, Mais segurança",1 vez por mês,Às vezes,Vou em todas as regiões,É tudo muito caro,O preço,"Não, não ligo para isso","Pop, Rock, MPB","Netflix, Amazon Prime Video, Globoplay, Spotify",Instagram,Não,Não acompanho,"Portais de Notícias (Meon, Life Informa, Diário de SJC, G1 Vale, 012 News), Canais de TV (Vanguarda, Thathi, Canção Nova, etc.), Páginas de Instagram (Notícias SJC, Explore SJC, Fica Dica SJC, Prefeitura SJC), Conversando com amigos e família",5,Esquerda,Não sei,Piorando,Sim,Não,Casado(a) ou morando junto,Tenho Casa Própria,Não,Não,Cidade em retrocesso e conservadora,São piores,Às vezes,Sim,4,"Sim, quem faz a cidade crescer é o povo, não as empresas, muito menos o governo.",Leste
03/03/2026 16:46:02,Mulher Cis,+65 anos,Freitas,Entre R$ 5.601 e R$ 12.000,Por conta própria / Bico / PJ,3,"Apps de transporte (Uber, 99), Ônibus",Sim,Um pouco das duas coisas,Não,"Parques e praças mais bem cuidados, Melhorar o ônibus e o trânsito",Toda semana,"Sim, sempre","Centro / Oeste (ex: Aquarius, Vila Adyana)",Falta de segurança,O preço,"Sim, muito","Sertanejo, Gospel",Não uso nenhum,Não utilizo,Não,Não conheço.,"Rádios (Band Vale, CBN, Jovem Pan, Nativa, Stereo Vale, etc.), Canais de TV (Vanguarda, Thathi, Canção Nova, etc.)",1,Direita,Os dois juntos,Do mesmo jeito,Não,Não,Viúvo(a),Tenho Casa Própria,Sim,Muito,Uma cidade boa mas tem muita safadeza dos grandões,São piores,"Sim, sempre",Sim,3,Sobre o Carnaval da cidade que vem crescendo muito. Eu fui com minha neta esse ano e adorei. Acho que seria uma boa o Carnaval daqui ficar maior e mais organizado. ,Norte
03/03/2026 16:59:37,Homem Cis,45 a 54 anos,Flamboyant,Entre R$ 2.801 e R$ 5.600,Funcionário público,3,"Carro próprio, Apps de transporte (Uber, 99)",Não,Uma cidade tranquila com jeito de interior,Não,"Mais festas e eventos culturais, Restaurantes e lanchonetes diferentes",Toda semana,"Sim, sempre","Centro / Oeste (ex: Aquarius, Vila Adyana)",É tudo muito caro,Indicação de amigos ou família,"Sim, muito","Pop, Rock, Sertanejo","Disney+, Deezer, Game Pass",Instagram,Não,Everson Zóio e Canal 90,"Portais de Notícias (Meon, Life Informa, Diário de SJC, G1 Vale, 012 News), Rádios (Band Vale, CBN, Jovem Pan, Nativa, Stereo Vale, etc.), Canais de TV (Vanguarda, Thathi, Canção Nova, etc.), Páginas de Instagram (Notícias SJC, Explore SJC, Fica Dica SJC, Prefeitura SJC), Grupos de WhatsApp ou Telegram",1,Direita,Os dois juntos,Do mesmo jeito,Sim,Não,Casado(a) ou morando junto,Moro de aluguel e não quero adquirir uma casa própria,Não,Não,"Cidade de gente legal e receptiva, mas pra jovem ainda falta coisas",São melhores,"Tenho vontade, mas não vou",Sim,4,"O trânsito aqui é difícil, pra uma cidade menor deveria ter estrutura pra não ficar aquele travamento no horário das 18h",Sudeste
03/03/2026 17:13:10,Homem Cis,55 anos a 64 anos,Vila Cardoso ,Entre R$ 2.801 e R$ 5.600,Carteira assinada (CLT),4,"Apps de transporte (Uber, 99), Ônibus, Linha Verde",Sim,Uma cidade moderna e cheia de tecnologia,Sim,"Mais festas e eventos culturais, Melhorar o ônibus e o trânsito, Mais segurança",Toda semana,Às vezes,Zona Sul,Falta de segurança,Se o lugar é bonito e agradável,Um pouco,"Pop, Rock, Sertanejo, Eletrônica, MPB, Pagode/Samba","Netflix, Amazon Prime Video, Disney+, Max (HBO), Globoplay, Spotify, Deezer, YouTube Music",Instagram,Não,Não conheço ninguém ,"Portais de Notícias (Meon, Life Informa, Diário de SJC, G1 Vale, 012 News), Canais de TV (Vanguarda, Thathi, Canção Nova, etc.), Páginas de Instagram (Notícias SJC, Explore SJC, Fica Dica SJC, Prefeitura SJC)",4,Prefiro não responder,As empresas e o comércio,Melhorando,Sim,Sim,Casado(a) ou morando junto,Moro de aluguel mas quero uma casa própria,Não,Não,,São iguais,Às vezes,Sim,2,Esporte,Centro
03/03/2026 17:17:00,Mulher Cis,55 anos a 64 anos,Jardim Aquarius,Mais de R$ 26.000,Dono de empresa,4,"Carro próprio, Bicicleta própria",Não,Uma cidade tranquila com jeito de interior,Não,"Mais opções para sair à noite, Parques e praças mais bem cuidados, Mais segurança",2 ou 3 vezes por mês,"Sim, sempre","Centro / Oeste (ex: Aquarius, Vila Adyana)",Não tem lugar legal para ir,O que vejo no Instagram ou TikTok,"Sim, muito","Pop, Rock, MPB","Netflix, Max (HBO), Paramount+, Spotify, YouTube Music",Instagram,Não,Não conheço da cidade mas gosto muito da Má Tranchesi ,"Portais de Notícias (Meon, Life Informa, Diário de SJC, G1 Vale, 012 News), Páginas de Instagram (Notícias SJC, Explore SJC, Fica Dica SJC, Prefeitura SJC)",5,Direita,As empresas e o comércio,Piorando,Sim,Não,Casado(a) ou morando junto,Tenho Casa Própria,Sim,Não,"Uma cidade com bastante tecnologia e qualidade, pra mim que sou de São Paulo faz diferença morar num lugar mais calmo como aqui",São melhores,"Tenho vontade, mas não vou",Sim,5,"Ajudem os comerciantes pequenos, os novos negócios, tudo acaba muito rápido aqui. Nós últimos anos perdemos bons comércios.",Oeste
03/03/2026 18:15:24,Mulher Cis,18 a 24 anos,Parque industrial ,Mais de R$ 26.000,Estudante,4,"Carro próprio, Apps de transporte (Uber, 99), Apps de Bike, Patinete próprio",Sim,Uma cidade moderna e cheia de tecnologia,Sim,Mais segurança,Toda semana,"Sim, sempre",Zona Sul,Falta de segurança,Indicação de amigos ou família,"Sim, muito","Funk, Trap, MPB, Pagode/Samba","Netflix, Amazon Prime Video, Globoplay, Spotify, YouTube Music",Instagram,Sim,MC Paiva,"Páginas de Instagram (Notícias SJC, Explore SJC, Fica Dica SJC, Prefeitura SJC), Conversando com amigos e família",1,Direita,Os dois juntos,Melhorando,Sim,Sim,Solteiro(a),Moro de aluguel mas quero uma casa própria,Não,Um pouco,"Uma cidade muito boa de convívio,grande com oportunidades mas precisa melhorar",São iguais,"Sim, sempre",Sim,5,Pontos turísticos e bares deveriam ter mais segurança ,Sul
03/03/2026 19:16:15,Homem Cis,55 anos a 64 anos,Jd Maringa,Entre R$ 12.001 e R$ 26.000,Por conta própria / Bico / PJ,2,"Carro próprio, Moto própria",Sim,Uma cidade tranquila com jeito de interior,Não,Mais opções para sair à noite,Toda semana,"Sim, sempre",Zona Sul,Não tem lugar legal para ir,Se o lugar é bonito e agradável,"Não, não ligo para isso","Sertanejo, MPB","Netflix, Amazon Prime Video, Max (HBO)",Não usa muito,Não,Yuri Alberto do Corinthians,"Portais de Notícias (Meon, Life Informa, Diário de SJC, G1 Vale, 012 News), Rádios (Band Vale, CBN, Jovem Pan, Nativa, Stereo Vale, etc.), Canais de TV (Vanguarda, Thathi, Canção Nova, etc.), Grupos de WhatsApp ou Telegram",3,Centro,Os dois juntos,Do mesmo jeito,Sim,Sim,Casado(a) ou morando junto,Tenho Casa Própria,Sim,Não,Cidade maravilhosa do nosso vale,São melhores,Às vezes,Sim,5,Acho que o Parque da Cidade e os outros parques deveriam ter mais programações gratuitas para as pessoas principalmente os jovens.,Centro
03/03/2026 19:27:18,Homem Cis,25 a 34 anos,Jardim Mariana 2,Entre R$ 5.601 e R$ 12.000,Carteira assinada (CLT),5,Carro próprio,Não,Uma cidade moderna e cheia de tecnologia,Não,Melhorar o ônibus e o trânsito,2 ou 3 vezes por mês,Nunca,Zona Sul,Não vejo dificuldade,Se o lugar é bonito e agradável,"Não, não ligo para isso","Pop, Rock, Eletrônica",Spotify,Instagram,Não,Nao,"Páginas de Instagram (Notícias SJC, Explore SJC, Fica Dica SJC, Prefeitura SJC)",1,Direita,As empresas e o comércio,Melhorando,Não,Sim,Namorando,Tenho Casa Própria,Não,Não,Tá crescendo bastante não saio daqui por nada,São melhores,Não tenho interesse,Sim,5,Trânsito porque a cidade cresce e tem muita gente vindo morar aqui,Leste
04/03/2026 13:09:27,Homem Cis,25 a 34 anos,Interlagos ,Entre R$ 5.601 e R$ 12.000,Por conta própria / Bico / PJ,4,"Apps de transporte (Uber, 99), Apps de Bike, Ônibus",Sim,Uma cidade moderna e cheia de tecnologia,Não,"Mais opções para sair à noite, Parques e praças mais bem cuidados, Mais segurança",2 ou 3 vezes por mês,Quase nunca,"Centro / Oeste (ex: Aquarius, Vila Adyana)",Falta de segurança,O que vejo no Instagram ou TikTok,"Não, não ligo para isso","Pop, Rock, Eletrônica","Netflix, Spotify",Instagram,Não,Não acompanho ,"Portais de Notícias (Meon, Life Informa, Diário de SJC, G1 Vale, 012 News)",2,Direita,Os dois juntos,Melhorando,Sim,Sim,Divorciado(a),Moro de aluguel mas quero uma casa própria,Não,Não,Inovadora ,São melhores,Às vezes,Não,4,,Sul
04/03/2026 13:40:05,Homem Cis,25 a 34 anos,Jardim Residencial Aquarius,Entre R$ 5.601 e R$ 12.000,Carteira assinada (CLT),5,"Apps de transporte (Uber, 99)",Não,Um pouco das duas coisas,Não,"Mais festas e eventos culturais, Mais opções para sair à noite, Restaurantes e lanchonetes diferentes",2 ou 3 vezes por mês,Quase nunca,"Centro / Oeste (ex: Aquarius, Vila Adyana)",É tudo muito caro,Se o lugar é bonito e agradável,"Não, não ligo para isso","Pop, Eletrônica, MPB, Pagode/Samba","Netflix, Max (HBO), Globoplay, Paramount+, Spotify",Instagram,Não,Nenhum,"Portais de Notícias (Meon, Life Informa, Diário de SJC, G1 Vale, 012 News), Páginas de Instagram (Notícias SJC, Explore SJC, Fica Dica SJC, Prefeitura SJC), Conversando com amigos e família",4,Centro,As empresas e o comércio,Melhorando,Sim,Sim,Casado(a) ou morando junto,Moro de aluguel mas quero uma casa própria,Sim,Não,"Uma cidade ótima para viver, que tem um ""sabor"" de capital, mas sem o caos. Linda, limpa e segura.",São melhores,Às vezes,Sim,5,"Horário de bares e restaurantes, pois 90% é limitado entre as 00h e 01h

Variedade de locais para gêneros diferentes. Porque é excesso.",Oeste
04/03/2026 17:22:31,Mulher Cis,25 a 34 anos,Altos de Santana,Entre R$ 2.801 e R$ 5.600,Funcionário público,3,"Moto própria, Apps de transporte (Uber, 99)",Não,Uma cidade tranquila com jeito de interior,Sim,"Mais festas e eventos culturais, Mais opções para sair à noite, Parques e praças mais bem cuidados, Melhorar o ônibus e o trânsito, Mais segurança",2 ou 3 vezes por mês,"Sim, sempre","Centro / Oeste (ex: Aquarius, Vila Adyana)",É tudo muito caro,O preço,"Não, não ligo para isso","MPB, Hip Hop","Netflix, Spotify",Instagram,Não,"Meire d'origem, Camila Morita","Páginas de Instagram (Notícias SJC, Explore SJC, Fica Dica SJC, Prefeitura SJC), Conversando com amigos e família",3,Esquerda,As empresas e o comércio,Melhorando,Sim,Não,Solteiro(a),Moro de aluguel mas quero uma casa própria,Sim,Não,"São José é um micro cosmo do Brasil, a gente tem um setor de empresas bastante ativo. A gente tem uma classe com dinheiro que organiza a cidade, a gente tem um governo que atua em benefício dessa classe e a margem uma população periférica que vivencia a cidade através do trabalho.É uma cidade trabalhadora e a narrativa dela está relacionada a classe com maior acesso financeiro. A classe trabalhadora é meio figurante da cidade, nada é pensado pra ela mas quem sustenta tudo é ela. Tanto o setor econômico quanto o de serviços que beneficia essa classe privilegiada.",São piores,Às vezes,Sim,2,"Eu senti dificuldade em responder as perguntas por conta da generalização. Uma vez que eu entendo que São José tem muitas opções pra quem pode pagar e poucas pra quem não pode pagar. Em vários aspectos com relação a cultura, ao transporte. ",Norte
04/03/2026 17:55:34,Mulher Cis,18 a 24 anos,Jd. São Dimas,Entre R$ 2.801 e R$ 5.600,Por conta própria / Bico / PJ,2,"Moto própria, Apps de transporte (Uber, 99), Bicicleta própria",Não,Um pouco das duas coisas,Não,"Mais festas e eventos culturais, Mais opções para sair à noite, Restaurantes e lanchonetes diferentes, Parques e praças mais bem cuidados, Melhorar o ônibus e o trânsito, Mais segurança",Toda semana,"Sim, sempre",Zona Sul,Falta de segurança,O preço,"Não, não ligo para isso","Pop, Rock, Trap, Eletrônica, Gospel","Netflix, Amazon Prime Video, Deezer",Instagram,Não,Não lembro ,"Portais de Notícias (Meon, Life Informa, Diário de SJC, G1 Vale, 012 News), Páginas de Instagram (Notícias SJC, Explore SJC, Fica Dica SJC, Prefeitura SJC), Grupos de WhatsApp ou Telegram, Conversando com amigos e família",1,Prefiro não responder,As empresas e o comércio,Do mesmo jeito,Sim,Não,Namorando,Moro de aluguel mas quero uma casa própria,Sim,Muito,Uma cidade feita pra quem quer trabalhar e crescer na vida,São piores,Às vezes,Sim,2,A avenida do Banhado poderia ter ações como tem na Avenida Paulista em São Paulo.,Centro
04/03/2026 18:04:51,Homem Cis,25 a 34 anos,Jd Minas Gerais,Entre R$ 2.801 e R$ 5.600,Carteira assinada (CLT),4,"Moto própria, Apps de transporte (Uber, 99), Ônibus",Sim,Uma cidade moderna e cheia de tecnologia,Não,Melhorar o ônibus e o trânsito,2 ou 3 vezes por mês,Nunca,Zona Sul,Não vejo dificuldade,As notas no Google,"Sim, muito","Pop, Rock, Sertanejo, Funk","Netflix, YouTube Music, Game Pass",Instagram,Sim,Trolando São José,"Páginas de Instagram (Notícias SJC, Explore SJC, Fica Dica SJC, Prefeitura SJC)",1,Direita,As empresas e o comércio,Melhorando,Não,Sim,Casado(a) ou morando junto,Moro de aluguel mas quero uma casa própria,Não,Não,"Segurança, conforto, agilidade ",São piores,Não tenho interesse,Sim,5,,Norte
04/03/2026 18:14:09,Mulher Cis,45 a 54 anos,Chácaras Reunidas,Entre R$ 12.001 e R$ 26.000,Por conta própria / Bico / PJ,2,Carro próprio,Sim,Uma cidade tranquila com jeito de interior,Sim,"Mais opções para sair à noite, Parques e praças mais bem cuidados, Mais segurança",Toda semana,"Sim, sempre",Zona Sul,É tudo muito caro,O preço,"Sim, muito","Rock, Sertanejo, Eletrônica, Hip Hop","Netflix, Max (HBO), Spotify",TikTok,Sim,Sjcmilgrau,"Portais de Notícias (Meon, Life Informa, Diário de SJC, G1 Vale, 012 News), Rádios (Band Vale, CBN, Jovem Pan, Nativa, Stereo Vale, etc.), Canais de TV (Vanguarda, Thathi, Canção Nova, etc.), Páginas de Instagram (Notícias SJC, Explore SJC, Fica Dica SJC, Prefeitura SJC)",5,Centro,Os dois juntos,Melhorando,Não,Não,Solteiro(a),Moro de aluguel mas quero uma casa própria,Sim,Um pouco,Uma cidade boa pra quem tem filho pra criar,São melhores,"Sim, sempre",Sim,2,Sobre esses patinetes que o povo passa quase atropelando a gente. Deveria ter mais fiscalização ,Sul
04/03/2026 19:13:37,Homem Cis,55 anos a 64 anos,JARDIM AQUARIUS ,Entre R$ 12.001 e R$ 26.000,Funcionário público,5,Carro próprio,Sim,Uma cidade moderna e cheia de tecnologia,Sim,Mais festas e eventos culturais,Toda semana,"Sim, sempre",Vou em todas as regiões,Não vejo dificuldade,As notas no Google,Um pouco,"Sertanejo, Gospel","Netflix, Amazon Prime Video, Max (HBO), Paramount+, YouTube Music",Google,Não,Nenhum,"Portais de Notícias (Meon, Life Informa, Diário de SJC, G1 Vale, 012 News), Canais de TV (Vanguarda, Thathi, Canção Nova, etc.), Conversando com amigos e família",4,Prefiro não responder,Os dois juntos,Melhorando,Sim,Sim,Casado(a) ou morando junto,Tenho Casa Própria,Sim,Não,A melhor cidade pra se viver .,São melhores,Às vezes,Sim,5,Não ,Oeste
04/03/2026 19:46:58,Mulher Cis,25 a 34 anos,Minas gerais ,Até R$ 2.800,Funcionário público,3,Moto própria,Sim,Um pouco das duas coisas,Não,"Parques e praças mais bem cuidados, Melhorar o ônibus e o trânsito, Mais segurança",Quase nunca,Às vezes,"Centro / Oeste (ex: Aquarius, Vila Adyana)",Falta de segurança,Indicação de amigos ou família,"Não, não ligo para isso","Sertanejo, Gospel",Netflix,Instagram,Não,Não acompanho nenhum ,"Portais de Notícias (Meon, Life Informa, Diário de SJC, G1 Vale, 012 News)",1,Centro,Os dois juntos,Piorando,Não,Não,Casado(a) ou morando junto,Moro de aluguel mas quero uma casa própria,Sim,Não,,São melhores,Não tenho interesse,Não,4,,Norte
04/03/2026 19:47:57,Homem Cis,25 a 34 anos,Jardim das Indústrias,Entre R$ 5.601 e R$ 12.000,Carteira assinada (CLT),2,Carro próprio,Sim,Um pouco das duas coisas,Não,Não falta nada,Toda semana,Às vezes,"Centro / Oeste (ex: Aquarius, Vila Adyana)",É tudo muito caro,Se o lugar é bonito e agradável,"Não, não ligo para isso","Rock, Trap, Eletrônica, MPB","Netflix, Amazon Prime Video",Não uso,Não,Nenhum,"Portais de Notícias (Meon, Life Informa, Diário de SJC, G1 Vale, 012 News), Conversando com amigos e família",5,Esquerda,Não sei,Do mesmo jeito,Não,Não,Casado(a) ou morando junto,,Sim,Não,"Cara demais, no geral. O setor imobiliário chega a ser ridículo.",São melhores,"Sim, sempre",Sim,4,"O custo de vida em outros aspectos. E se falta algo na cidade? Falta, falta o setor imobiliário ser melhor regulamentado, com valores devidamente baseados na realidade e não em uma especulação imaginária completamente sem nexo. ",Oeste
04/03/2026 20:46:54,Outros,35 a 44 anos,Aquarius,Entre R$ 2.801 e R$ 5.600,Por conta própria / Bico / PJ,3,"Apps de transporte (Uber, 99), Bicicleta própria, Ônibus",Sim,Um pouco das duas coisas,Não,"Mais festas e eventos culturais, Mais opções para sair à noite",Toda semana,Às vezes,"Centro / Oeste (ex: Aquarius, Vila Adyana)",Não tem lugar legal para ir,O preço,"Não, não ligo para isso",Hip Hop,Spotify,Instagram,Sim,"Sanja dicas, Meire dorigem","Páginas de Instagram (Notícias SJC, Explore SJC, Fica Dica SJC, Prefeitura SJC)",3,Esquerda,Os dois juntos,Piorando,Sim,Sim,Namorando,Moro de aluguel mas quero uma casa própria,Sim,Um pouco,"Cidade com direção política conservadora, falta arte,eventos públicos, os parques e feiras são bons. Mas poderíamos ter muito mais com o número de habitantes que temos.",São piores,Às vezes,Sim,1,Nop,Oeste
05/03/2026 15:19:46,Mulher Cis,+65 anos,Aquarius,Entre R$ 5.601 e R$ 12.000,Desempregado,5,Carro próprio,Sim,Um pouco das duas coisas,Sim,Parques e praças mais bem cuidados,Toda semana,Às vezes,Vou em todas as regiões,É tudo muito caro,Se o lugar é bonito e agradável,"Não, não ligo para isso",Sertanejo,"Netflix, YouTube Music",YouTube,Não,Não conheço,"Portais de Notícias (Meon, Life Informa, Diário de SJC, G1 Vale, 012 News), Grupos de WhatsApp ou Telegram",3,Direita,As empresas e o comércio,Do mesmo jeito,Sim,Sim,Casado(a) ou morando junto,Tenho Casa Própria,Sim,Não,Cidade limpa e bonita,São melhores,Às vezes,Sim,5,,Oeste
05/03/2026 15:22:04,Mulher Cis,25 a 34 anos,jardim minas gerais ,Até R$ 2.800,Desempregado,3,Ônibus,Não,Nenhuma delas,Não,"Mais festas e eventos culturais, Restaurantes e lanchonetes diferentes, Parques e praças mais bem cuidados, Melhorar o ônibus e o trânsito, Mais segurança",1 vez por mês,Às vezes,Zona Norte,É tudo muito caro,O preço,"Sim, muito","Pop, Sertanejo, Eletrônica, Pagode/Samba",Não uso nenhum,Instagram,Não,não tem ,"Portais de Notícias (Meon, Life Informa, Diário de SJC, G1 Vale, 012 News)",1,Prefiro não responder,Os dois juntos,Do mesmo jeito,Sim,Sim,Solteiro(a),Moro de aluguel mas quero uma casa própria,Sim,Não,Não sei ,São piores,Às vezes,Sim,1,não recolhem animais que atacam as pessoas ,Norte
05/03/2026 16:24:21,Homem Cis,25 a 34 anos,Jardim Paulista,Entre R$ 2.801 e R$ 5.600,Por conta própria / Bico / PJ,3,"Carro próprio, Apps de transporte (Uber, 99), Ônibus",Não,Um pouco das duas coisas,Não,"Mais festas e eventos culturais, Mais opções para sair à noite, Parques e praças mais bem cuidados, Melhorar o ônibus e o trânsito, Mais segurança",2 ou 3 vezes por mês,Às vezes,"Centro / Oeste (ex: Aquarius, Vila Adyana)",Não tem lugar legal para ir,Se o lugar é bonito e agradável,"Não, não ligo para isso","Pop, Rock, Eletrônica","Netflix, Amazon Prime Video, Disney+, Apple TV+, Spotify",Instagram,Não,Nenhum,"Portais de Notícias (Meon, Life Informa, Diário de SJC, G1 Vale, 012 News), Páginas de Instagram (Notícias SJC, Explore SJC, Fica Dica SJC, Prefeitura SJC)",2,Esquerda,Não sei,Do mesmo jeito,Sim,Não,Casado(a) ou morando junto,Moro de aluguel mas quero uma casa própria,Não,Não,"Lugar que precisa de carro para viver, tudo é longe e não tem praças ou parques seguros para ficar a noite nem passeios baratos.",São piores,Às vezes,Sim,3,"Custo de vida alto e alugueis muito caros, difícil achar casa para morar.",Centro
05/03/2026 18:19:01,Mulher Cis,45 a 54 anos,Aquarius,Mais de R$ 26.000,Por conta própria / Bico / PJ,5,"Carro próprio, Apps de transporte (Uber, 99)",Não,Um pouco das duas coisas,Sim,"Mais festas e eventos culturais, Mais opções para sair à noite, Restaurantes e lanchonetes diferentes",2 ou 3 vezes por mês,Às vezes,"Centro / Oeste (ex: Aquarius, Vila Adyana)",Não vejo dificuldade,Se o lugar é bonito e agradável,"Não, não ligo para isso","Pop, Rock, Sertanejo, Funk, Gospel, Pagode/Samba","Netflix, Max (HBO), Globoplay, Spotify, Deezer, YouTube Music",Instagram,Não,Camille inspire outras ,"Portais de Notícias (Meon, Life Informa, Diário de SJC, G1 Vale, 012 News), Rádios (Band Vale, CBN, Jovem Pan, Nativa, Stereo Vale, etc.), Canais de TV (Vanguarda, Thathi, Canção Nova, etc.), Páginas de Instagram (Notícias SJC, Explore SJC, Fica Dica SJC, Prefeitura SJC), Conversando com amigos e família, Não acompanho as notícias da cidade",3,Centro,As empresas e o comércio,Melhorando,Sim,Sim,Casado(a) ou morando junto,Tenho Casa Própria,Sim,Não,Cidade próspera e com qualidade de vida ,São melhores,Às vezes,Sim,4,Falta de controle e penalidade para quem não recolhe a sujeira dos seus pets ,Oeste
05/03/2026 18:28:48,Homem Cis,25 a 34 anos,Aquarius,Entre R$ 12.001 e R$ 26.000,Dono de empresa,5,"Carro próprio, Apps de transporte (Uber, 99)",Sim,Um pouco das duas coisas,Não,"Mais festas e eventos culturais, Mais opções para sair à noite",2 ou 3 vezes por mês,Quase nunca,"Centro / Oeste (ex: Aquarius, Vila Adyana)",Não tem lugar legal para ir,Se o lugar é bonito e agradável,"Não, não ligo para isso","Pop, Rock, MPB, Pagode/Samba","Netflix, Amazon Prime Video, Disney+, Max (HBO), Globoplay, Apple TV+, Spotify, Deezer",TikTok,Sim,Sanjadicas ,"Portais de Notícias (Meon, Life Informa, Diário de SJC, G1 Vale, 012 News), Conversando com amigos e família",3,Esquerda,Os dois juntos,Melhorando,Sim,Sim,Solteiro(a),Moro de aluguel mas quero uma casa própria,Sim,Não,Uma cidade grande com o charme de interior.,São melhores,Às vezes,Sim,4,,Oeste
05/03/2026 19:28:37,Homem Cis,25 a 34 anos,Monte Castelo,Entre R$ 2.801 e R$ 5.600,Por conta própria / Bico / PJ,3,"Apps de transporte (Uber, 99)",Não,Uma cidade tranquila com jeito de interior,Sim,Mais opções para sair à noite,1 vez por mês,Nunca,"Centro / Oeste (ex: Aquarius, Vila Adyana)",É tudo muito caro,Indicação de amigos ou família,"Não, não ligo para isso",Rock,Spotify,Google,Não,São José Mil Grau.,"Canais de TV (Vanguarda, Thathi, Canção Nova, etc.), Páginas de Instagram (Notícias SJC, Explore SJC, Fica Dica SJC, Prefeitura SJC)",4,Esquerda,Não sei,Piorando,Sim,Sim,Casado(a) ou morando junto,Moro de aluguel mas quero uma casa própria,Sim,Muito,Uma cidade cara pelo que oferece.,Não sei dizer,Às vezes,Sim,2,"Uma cidade que tem cultura para dizer que tem. Eventos são pouco divulgados e as oficinas com poucas vagas e concentrados nos mesmos locais. Existem locais com pouco acesso e pouco estímulo para as periferias participarem. Os transportes são utilitaristas nesse sentido, caríssimo e voltados somente para levar as pessoas ao trabalho. Nos fds continuam caros e escassos.
Os preços dos aluguéis são caríssimo para o que a cidade oferece, se comparado as cidades vizinhas no Vale ou até com São Paulo (que possui uma cartela enorme de lazer, metrô e universidades). 
Poderia estender em outros aspectos…",Centro
05/03/2026 23:13:54,Mulher Cis,25 a 34 anos,Centro ,Entre R$ 2.801 e R$ 5.600,Por conta própria / Bico / PJ,3,Carro próprio,Não,Um pouco das duas coisas,Sim,"Parques e praças mais bem cuidados, Mais segurança",Toda semana,Às vezes,Zona Sul,Não vejo dificuldade,O preço,Um pouco,"Pop, Sertanejo, Eletrônica","Netflix, YouTube Music",Instagram,Sim,"Robson e Rita roger, Livia graziele","Páginas de Instagram (Notícias SJC, Explore SJC, Fica Dica SJC, Prefeitura SJC)",5,Direita,Os dois juntos,Do mesmo jeito,Sim,Sim,Casado(a) ou morando junto,Tenho Casa Própria,Sim,Não,Lugar caro pra se viver,São iguais,Não tenho interesse,Sim,3,,Centro
07/03/2026 11:55:51,Mulher Cis,55 anos a 64 anos,Urbanova ,Entre R$ 2.801 e R$ 5.600,Funcionário público,3,"Apps de transporte (Uber, 99), Ônibus",Sim,Nenhuma delas,Não,"Mais opções para sair à noite, Restaurantes e lanchonetes diferentes, Parques e praças mais bem cuidados, Melhorar o ônibus e o trânsito, Mais segurança",1 vez por mês,Quase nunca,"Centro / Oeste (ex: Aquarius, Vila Adyana)",É tudo muito caro,Indicação de amigos ou família,"Não, não ligo para isso","Pop, Rock, MPB","Netflix, Disney+, Globoplay",Instagram,Não,Não sei,"Páginas de Instagram (Notícias SJC, Explore SJC, Fica Dica SJC, Prefeitura SJC)",3,Esquerda,As empresas e o comércio,Piorando,Não,Sim,Solteiro(a),Tenho Casa Própria,Não,Não,"Uma cidade com o custo de vida alto, com grande especulação imobiliária .",Não sei dizer,Às vezes,Sim,3,"A cidade precisa priorizar também os bairros periféricos , dando melhores condições de vida aos moradores locais. ",Oeste
07/03/2026 19:31:22,Mulher Cis,35 a 44 anos,Santana ,Entre R$ 5.601 e R$ 12.000,Carteira assinada (CLT),3,Ônibus,Não,Uma cidade tranquila com jeito de interior,Sim,"Melhorar o ônibus e o trânsito, Mais segurança",1 vez por mês,Nunca,Zona Norte,É tudo muito caro,Se o lugar é bonito e agradável,"Não, não ligo para isso","Pop, Rock, Eletrônica","Netflix, Spotify",Instagram,Não,Não conheço ,"Portais de Notícias (Meon, Life Informa, Diário de SJC, G1 Vale, 012 News), Páginas de Instagram (Notícias SJC, Explore SJC, Fica Dica SJC, Prefeitura SJC)",3,Esquerda,Os dois juntos,Piorando,Sim,Sim,Casado(a) ou morando junto,Tenho Casa Própria,Sim,Não,,Não sei dizer,Não tenho interesse,Sim,4,,Norte
08/03/2026 09:00:07,Homem Cis,+65 anos,Chácaras Oliveiras ,Até R$ 2.800,Desempregado,4,"Apps de transporte (Uber, 99), Ônibus",Sim,Uma cidade moderna e cheia de tecnologia,Sim,Melhorar o ônibus e o trânsito,2 ou 3 vezes por mês,Às vezes,"Centro / Oeste (ex: Aquarius, Vila Adyana)",É tudo muito caro,Se o lugar é bonito e agradável,"Sim, muito",Eletrônica,Spotify,Instagram,Não,"Não conheço nenhum, nem me interessa ","Portais de Notícias (Meon, Life Informa, Diário de SJC, G1 Vale, 012 News), Canais de TV (Vanguarda, Thathi, Canção Nova, etc.), Páginas de Instagram (Notícias SJC, Explore SJC, Fica Dica SJC, Prefeitura SJC)",4,Direita,Os dois juntos,Melhorando,Sim,Sim,Divorciado(a),Tenho Casa Própria,Sim,Não,"Cidade limpa, arborizada, moderna e linda ",São melhores,Às vezes,Sim,4,,Norte
08/03/2026 11:50:53,Homem Cis,18 a 24 anos,Jd Portugal ,Até R$ 2.800,Carteira assinada (CLT),3,"Apps de transporte (Uber, 99), Ônibus",Não,Um pouco das duas coisas,Não,"Mais festas e eventos culturais, Mais opções para sair à noite, Parques e praças mais bem cuidados, Melhorar o ônibus e o trânsito, Mais segurança",2 ou 3 vezes por mês,Nunca,Zona Sul,É tudo muito caro,Se é perto de casa,Um pouco,"Pop, Rock, Eletrônica, MPB, Hip Hop","Netflix, Amazon Prime Video, Max (HBO), Paramount+, YouTube Music",Instagram,Sim,"Não sei de cabeça, mas aparece para mim e jornais locais tbm","Canais de TV (Vanguarda, Thathi, Canção Nova, etc.), Páginas de Instagram (Notícias SJC, Explore SJC, Fica Dica SJC, Prefeitura SJC)",4,Direita,Os dois juntos,Do mesmo jeito,Sim,Sim,Namorando,Moro de aluguel mas quero uma casa própria,Sim,Não,"Potencial de crescimento, polo industrial e tecnológico",São melhores,Às vezes,Sim,4,"A falta de moradia e a falta planejamento da prefeitura de de SJC, SJC tem potencial para melhorias de infraestrutura lugares para ter exploração imobiliária e ecológica porém não é aproveitada a cidade precisa crescer",Sul
08/03/2026 11:55:52,Homem Cis,+65 anos,Urbanova ,Entre R$ 12.001 e R$ 26.000,Desempregado,4,Carro próprio,Não,Um pouco das duas coisas,Não,"Mais festas e eventos culturais, Parques e praças mais bem cuidados, Melhorar o ônibus e o trânsito",2 ou 3 vezes por mês,Às vezes,"Centro / Oeste (ex: Aquarius, Vila Adyana)",É tudo muito caro,As notas no Google,"Não, não ligo para isso","Rock, MPB",Não uso nenhum,Google ,Não,Não acompanho nenhum.,"Canais de TV (Vanguarda, Thathi, Canção Nova, etc.)",2,Esquerda,Os dois juntos,Do mesmo jeito,Sim,Não,Casado(a) ou morando junto,Tenho Casa Própria,Sim,Não,Cidade com custo de vida muito alto.,Não sei dizer,Às vezes,Não,2,Educação no trânsito.,Oeste
08/03/2026 11:58:15,Mulher Cis,+65 anos,Vila Ema,Entre R$ 12.001 e R$ 26.000,Desempregado,5,Carro próprio,Não,Uma cidade moderna e cheia de tecnologia,Sim,"Mais festas e eventos culturais, Restaurantes e lanchonetes diferentes, Parques e praças mais bem cuidados, Mais segurança",2 ou 3 vezes por mês,Às vezes,"Centro / Oeste (ex: Aquarius, Vila Adyana)",Não tem lugar legal para ir,Se o lugar é bonito e agradável,Um pouco,"Pop, MPB","Netflix, Globoplay, Spotify",Instagram,Não,Não acompanho nenhum ,"Canais de TV (Vanguarda, Thathi, Canção Nova, etc.), Conversando com amigos e família",3,Prefiro não responder,Os dois juntos,Melhorando,Sim,Sim,Viúvo(a),Moro de aluguel e não quero adquirir uma casa própria,Sim,Não,Cidade especial ,São melhores,Às vezes,Sim,5,,Centro
08/03/2026 13:00:48,Homem Cis,25 a 34 anos,Jardim Oriente,Entre R$ 5.601 e R$ 12.000,Por conta própria / Bico / PJ,4,"Carro próprio, Apps de transporte (Uber, 99), Bicicleta própria, Ônibus",Não,Um pouco das duas coisas,Não,"Mais festas e eventos culturais, Mais opções para sair à noite, Restaurantes e lanchonetes diferentes",2 ou 3 vezes por mês,"Sim, sempre","Centro / Oeste (ex: Aquarius, Vila Adyana)",É tudo muito caro,Se o lugar é bonito e agradável,"Não, não ligo para isso","Pop, Rock, Sertanejo, Funk, MPB, Pagode/Samba","Netflix, Amazon Prime Video, Max (HBO), Globoplay, Spotify, YouTube Music",Instagram,Não,Nenhum,"Portais de Notícias (Meon, Life Informa, Diário de SJC, G1 Vale, 012 News), Conversando com amigos e família",5,Direita,As empresas e o comércio,Do mesmo jeito,Sim,Sim,Casado(a) ou morando junto,Moro de aluguel e não quero adquirir uma casa própria,Sim,Não,,São iguais,"Sim, sempre",Não,5,,Sul
08/03/2026 15:41:41,Mulher Cis,+65 anos,São Dimas ,Entre R$ 2.801 e R$ 5.600,Aposentado,3,"Apps de transporte (Uber, 99)",Não,Nenhuma delas,Não,"Mais festas e eventos culturais, Parques e praças mais bem cuidados",2 ou 3 vezes por mês,Às vezes,"Centro / Oeste (ex: Aquarius, Vila Adyana)",Não tem lugar legal para ir,Indicação de amigos ou família,"Não, não ligo para isso","Rock, MPB, Pagode/Samba","Netflix, Amazon Prime Video, Max (HBO), Globoplay",Instagram,Não,Nenhum ,"Portais de Notícias (Meon, Life Informa, Diário de SJC, G1 Vale, 012 News), Canais de TV (Vanguarda, Thathi, Canção Nova, etc.)",5,Esquerda,Os dois juntos,Piorando,Sim,Não,Viúvo(a),Tenho Casa Própria,Não,Não,Seria uma cidade muito melhor com outra administração ,São iguais,"Tenho vontade, mas não vou",Não,1,Está um absurdo o corte de árvores indiscriminadamente ,Centro
08/03/2026 16:59:24,Mulher Cis,+65 anos,São Dimas ,Entre R$ 12.001 e R$ 26.000,Aposentado,5,"Carro próprio, Ônibus",Não,Um pouco das duas coisas,Não,Mais festas e eventos culturais,Toda semana,Quase nunca,Vou em todas as regiões,Falta de segurança,Se o lugar é bonito e agradável,"Não, não ligo para isso","Rock, Sertanejo, MPB",Globoplay,Instagram,Não,Não acompanho nenhum,"Canais de TV (Vanguarda, Thathi, Canção Nova, etc.), Páginas de Instagram (Notícias SJC, Explore SJC, Fica Dica SJC, Prefeitura SJC)",3,Prefiro não responder,Os dois juntos,Melhorando,Sim,Sim,Viúvo(a),Tenho Casa Própria,Não,Não,,Não sei dizer,"Sim, sempre",Não,3,,Centro
08/03/2026 18:39:24,Mulher Cis,+65 anos,Pque Martim Cererê,Entre R$ 2.801 e R$ 5.600,Aposentado,4,Carro próprio,Não,Um pouco das duas coisas,Não,Mais segurança,2 ou 3 vezes por mês,Às vezes,Zona Sul,Falta de segurança,Se o lugar é bonito e agradável,Um pouco,"Sertanejo, MPB","Netflix, Spotify",Instagram,Não,nenhum,"Portais de Notícias (Meon, Life Informa, Diário de SJC, G1 Vale, 012 News), Canais de TV (Vanguarda, Thathi, Canção Nova, etc.), Páginas de Instagram (Notícias SJC, Explore SJC, Fica Dica SJC, Prefeitura SJC)",4,Esquerda,As empresas e o comércio,Do mesmo jeito,Não,Sim,Viúvo(a),Tenho Casa Própria,Não,Não,"sou nascida e criada aqui, não tenho outro parâmetro",Não sei dizer,Às vezes,Não,4,,Sudeste
08/03/2026 20:42:28,Homem Cis,+65 anos,Urbanova,Entre R$ 5.601 e R$ 12.000,Dono de empresa,5,Carro próprio,Sim,Um pouco das duas coisas,Não,Parques e praças mais bem cuidados,1 vez por mês,Quase nunca,Zona Leste,É tudo muito caro,Indicação de amigos ou família,"Não, não ligo para isso","Sertanejo, MPB","Netflix, Disney+, Spotify, YouTube Music",Instagram,Não,Não conheço ,"Portais de Notícias (Meon, Life Informa, Diário de SJC, G1 Vale, 012 News), Páginas de Instagram (Notícias SJC, Explore SJC, Fica Dica SJC, Prefeitura SJC), Conversando com amigos e família",5,Direita,As empresas e o comércio,Melhorando,Sim,Sim,Casado(a) ou morando junto,Moro de aluguel mas quero uma casa própria,Sim,Não,Cidade dos meus sonhos,São melhores,Às vezes,Sim,4,Não ,Oeste
08/03/2026 22:59:31,Mulher Cis,55 anos a 64 anos,Jardim das Indústrias ,Entre R$ 12.001 e R$ 26.000,Aposentado,5,Carro próprio,Sim,Um pouco das duas coisas,Sim,"Mais festas e eventos culturais, Mais opções para sair à noite, Restaurantes e lanchonetes diferentes",2 ou 3 vezes por mês,"Sim, sempre",Vou em todas as regiões,Não vejo dificuldade,O que vejo no Instagram ou TikTok,"Sim, muito","Pop, Rock, MPB","Netflix, YouTube Music",Instagram,Sim,"Sjc_ity, acampamento, aquivaleoficial","Portais de Notícias (Meon, Life Informa, Diário de SJC, G1 Vale, 012 News), Canais de TV (Vanguarda, Thathi, Canção Nova, etc.), Páginas de Instagram (Notícias SJC, Explore SJC, Fica Dica SJC, Prefeitura SJC), Grupos de WhatsApp ou Telegram",5,Direita,A Prefeitura e o Governo,Melhorando,Sim,Sim,Casado(a) ou morando junto,Tenho Casa Própria,Sim,Não,Desenvolvimento ,São melhores,"Sim, sempre",Sim,4,,Oeste
09/03/2026 14:51:16,Homem Cis,55 anos a 64 anos,Jardim América ,Entre R$ 5.601 e R$ 12.000,Desempregado,4,"Apps de transporte (Uber, 99), Ônibus, Linha Verde",Não,Nenhuma delas,Não,Melhorar o ônibus e o trânsito,Quase nunca,Quase nunca,Zona Sul,Não tem lugar legal para ir,O preço,"Não, não ligo para isso","Pop, Rock, MPB, Pagode/Samba","Netflix, Amazon Prime Video, Spotify, YouTube Music",YouTube,Não,Não sigo ninguém ,"Portais de Notícias (Meon, Life Informa, Diário de SJC, G1 Vale, 012 News), Rádios (Band Vale, CBN, Jovem Pan, Nativa, Stereo Vale, etc.), Canais de TV (Vanguarda, Thathi, Canção Nova, etc.)",4,Esquerda,Não sei,Do mesmo jeito,Sim,Não,Casado(a) ou morando junto,Tenho Casa Própria,Não,Não,"Cidade conservadora, reacionária e de gente pedante metida a besta.",São piores,"Tenho vontade, mas não vou",Sim,3,,Sul
09/03/2026 14:59:49,Mulher Cis,+65 anos,Jd America,Entre R$ 2.801 e R$ 5.600,Aposentado,5,"Ônibus, Linha Verde",Sim,Um pouco das duas coisas,Sim,Não falta nada,2 ou 3 vezes por mês,Às vezes,Zona Sul,Falta de segurança,Indicação de amigos ou família,"Não, não ligo para isso","Rock, MPB",Netflix,YouTube,Não,Nao sigo nenhum,"Canais de TV (Vanguarda, Thathi, Canção Nova, etc.)",3,Prefiro não responder,Os dois juntos,Melhorando,Sim,Sim,Viúvo(a),Tenho Casa Própria,Não,Não,Uma cidade acolhedora.vim de SP e fui muito bem recebida.,São melhores,"Sim, sempre",Sim,5,"Cidade acolhedora, limpa e muito bem administrada.",Sul
09/03/2026 16:54:08,Homem Cis,+65 anos,J. Colinas ,Entre R$ 12.001 e R$ 26.000,Aposentado,5,Carro próprio,Sim,Uma cidade moderna e cheia de tecnologia,Sim,Não falta nada,Toda semana,Às vezes,"Centro / Oeste (ex: Aquarius, Vila Adyana)",Não vejo dificuldade,Indicação de amigos ou família,"Não, não ligo para isso",Pop,"Netflix, Amazon Prime Video, Spotify",YouTube,Sim,Nao conheço ,"Páginas de Instagram (Notícias SJC, Explore SJC, Fica Dica SJC, Prefeitura SJC), Grupos de WhatsApp ou Telegram, Conversando com amigos e família",5,Direita,Os dois juntos,Melhorando,Sim,Sim,Casado(a) ou morando junto,Tenho Casa Própria,Não,Não,Boa qualidade de vida ,São melhores,Às vezes,Não,3,,Oeste
09/03/2026 17:47:12,Homem Cis,+65 anos,Centro,Entre R$ 5.601 e R$ 12.000,Aposentado,2,Carro próprio,Sim,Nenhuma delas,Não,"Melhorar o ônibus e o trânsito, Mais segurança",2 ou 3 vezes por mês,"Sim, sempre",Zona Norte,Falta de segurança,Se é perto de casa,"Não, não ligo para isso",MPB,Netflix,Instagram,Não,Nenhum.,"Páginas de Instagram (Notícias SJC, Explore SJC, Fica Dica SJC, Prefeitura SJC)",3,Centro,As empresas e o comércio,Piorando,Sim,Não,Casado(a) ou morando junto,Tenho Casa Própria,Não,Não,Barulhenta!,São melhores,"Sim, sempre",Não,2,,Centro
09/03/2026 18:18:48,Homem Cis,+65 anos,Satelite,Entre R$ 12.001 e R$ 26.000,Aposentado,3,"Carro próprio, Moto própria",Sim,Uma cidade tranquila com jeito de interior,Não,"Melhorar o ônibus e o trânsito, Mais segurança",Quase nunca,"Sim, sempre","Centro / Oeste (ex: Aquarius, Vila Adyana)",Falta de segurança,As notas no Google,"Sim, muito",Rock,"Netflix, Amazon Prime Video, Disney+, Paramount+",Instagram,Sim,nenhum,"Portais de Notícias (Meon, Life Informa, Diário de SJC, G1 Vale, 012 News), Rádios (Band Vale, CBN, Jovem Pan, Nativa, Stereo Vale, etc.), Páginas de Instagram (Notícias SJC, Explore SJC, Fica Dica SJC, Prefeitura SJC), Grupos de WhatsApp ou Telegram",5,Direita,As empresas e o comércio,Do mesmo jeito,Sim,Sim,Casado(a) ou morando junto,Tenho Casa Própria,Sim,Não,"uma boa cidade. Muitas coisas boas e outrs ruins, como todas as cidades",São melhores,Não tenho interesse,Sim,5,não,Sul
09/03/2026 19:06:14,Mulher Cis,+65 anos,Vila Industrial ,Até R$ 2.800,Aposentado,5,Ônibus,Sim,Uma cidade moderna e cheia de tecnologia,Sim,Melhorar o ônibus e o trânsito,1 vez por mês,Às vezes,Zona Leste,Falta de segurança,Se é perto de casa,"Não, não ligo para isso",Rock,Não uso nenhum,Instagram,Não,Nenhum ,"Rádios (Band Vale, CBN, Jovem Pan, Nativa, Stereo Vale, etc.)",3,Direita,Os dois juntos,Melhorando,Sim,Sim,Solteiro(a),Tenho Casa Própria,Sim,Não,São José continua a Cidade que mais cresce no Vale do Paraíba.,Não sei dizer,Às vezes,Não,,Não ,Leste
09/03/2026 19:15:29,Homem Cis,45 a 54 anos,Aquarius ,Mais de R$ 26.000,Carteira assinada (CLT),5,"Carro próprio, Ônibus",Sim,Um pouco das duas coisas,Não,Melhorar o ônibus e o trânsito,Toda semana,Quase nunca,"Centro / Oeste (ex: Aquarius, Vila Adyana)",É tudo muito caro,Indicação de amigos ou família,"Não, não ligo para isso","Pop, Rock","Netflix, Spotify, YouTube Music",Instagram,Não,"Jose, jao, marcio","Portais de Notícias (Meon, Life Informa, Diário de SJC, G1 Vale, 012 News), Rádios (Band Vale, CBN, Jovem Pan, Nativa, Stereo Vale, etc.), Canais de TV (Vanguarda, Thathi, Canção Nova, etc.), Páginas de Instagram (Notícias SJC, Explore SJC, Fica Dica SJC, Prefeitura SJC)",2,Centro,Os dois juntos,Do mesmo jeito,Não,Sim,Casado(a) ou morando junto,Tenho Casa Própria,Sim,Um pouco,Boa cidadd,,Não tenho interesse,Não,2,,Oeste
09/03/2026 20:28:40,Homem Cis,+65 anos,Jardim das indústrias ,Entre R$ 2.801 e R$ 5.600,Aposentado,4,Carro próprio,Sim,Um pouco das duas coisas,Não,"Mais festas e eventos culturais, Mais segurança",2 ou 3 vezes por mês,Às vezes,"Centro / Oeste (ex: Aquarius, Vila Adyana)",Falta de segurança,Se o lugar é bonito e agradável,Um pouco,"Rock, Sertanejo",Netflix,Instagram,Não,Nenhum ,"Portais de Notícias (Meon, Life Informa, Diário de SJC, G1 Vale, 012 News)",3,Direita,As empresas e o comércio,Do mesmo jeito,Sim,Sim,Casado(a) ou morando junto,Tenho Casa Própria,Sim,Não,,Não sei dizer,"Tenho vontade, mas não vou",Não,3,Melhorar a saúde ,Oeste
09/03/2026 20:42:58,Homem Cis,+65 anos,Vila Adyanna ,Entre R$ 5.601 e R$ 12.000,Aposentado,4,"Carro próprio, Ônibus, Linha Verde",Sim,Um pouco das duas coisas,Sim,"Mais festas e eventos culturais, Mais opções para sair à noite, Melhorar o ônibus e o trânsito, Mais segurança",Toda semana,Às vezes,Vou em todas as regiões,Não tem lugar legal para ir,O preço,Um pouco,"Pop, Gospel",Spotify,YouTube,Não,Xyz,"Portais de Notícias (Meon, Life Informa, Diário de SJC, G1 Vale, 012 News), Rádios (Band Vale, CBN, Jovem Pan, Nativa, Stereo Vale, etc.), Canais de TV (Vanguarda, Thathi, Canção Nova, etc.), Páginas de Instagram (Notícias SJC, Explore SJC, Fica Dica SJC, Prefeitura SJC), Grupos de WhatsApp ou Telegram",4,Direita,As empresas e o comércio,Melhorando,Sim,Sim,Casado(a) ou morando junto,Tenho Casa Própria,Sim,Não,,São melhores,Às vezes,Não,,,Centro
09/03/2026 21:20:40,Homem Cis,+65 anos,Jd imperial ,Entre R$ 2.801 e R$ 5.600,Aposentado,4,"Carro próprio, Ônibus",Sim,Um pouco das duas coisas,Não,Não falta nada,1 vez por mês,Às vezes,Zona Sul,É tudo muito caro,O preço,"Não, não ligo para isso","Sertanejo, Pagode/Samba","Netflix, Max (HBO), YouTube Music",Facebook ,Não,Não conheço ,"Grupos de WhatsApp ou Telegram, Conversando com amigos e família",3,Direita,Os dois juntos,Melhorando,Sim,Sim,Casado(a) ou morando junto,Tenho Casa Própria,Sim,Não,Bom de se viver,São iguais,Às vezes,Não,3,Não ,Sul
09/03/2026 21:23:00,Homem Cis,+65 anos,Jd imperial ,Entre R$ 2.801 e R$ 5.600,Aposentado,4,"Carro próprio, Ônibus",Sim,Um pouco das duas coisas,Não,Não falta nada,1 vez por mês,Às vezes,Zona Sul,É tudo muito caro,O preço,"Não, não ligo para isso","Sertanejo, Pagode/Samba","Netflix, Max (HBO), YouTube Music",Facebook ,Não,Não conheço ,"Grupos de WhatsApp ou Telegram, Conversando com amigos e família",3,Direita,Os dois juntos,Melhorando,Sim,Sim,Casado(a) ou morando junto,Tenho Casa Própria,Sim,Não,Bom de se viver,São iguais,Às vezes,Não,3,Não ,Sul
09/03/2026 21:43:10,Homem Cis,+65 anos,Tatetuba,Entre R$ 5.601 e R$ 12.000,Por conta própria / Bico / PJ,5,"Carro próprio, Apps de transporte (Uber, 99), Ônibus",Sim,Um pouco das duas coisas,Sim,"Melhorar o ônibus e o trânsito, Mais segurança",2 ou 3 vezes por mês,Quase nunca,"Centro / Oeste (ex: Aquarius, Vila Adyana)",Falta de segurança,Se o lugar é bonito e agradável,"Não, não ligo para isso","Pop, Rock, MPB, Pagode/Samba","Amazon Prime Video, Globoplay, Spotify, YouTube Music",Instagram,Não,"EduSantos, Tiago Cursino e Osmar ","Portais de Notícias (Meon, Life Informa, Diário de SJC, G1 Vale, 012 News), Rádios (Band Vale, CBN, Jovem Pan, Nativa, Stereo Vale, etc.), Canais de TV (Vanguarda, Thathi, Canção Nova, etc.), Páginas de Instagram (Notícias SJC, Explore SJC, Fica Dica SJC, Prefeitura SJC)",4,Centro,As empresas e o comércio,Melhorando,Sim,Sim,Casado(a) ou morando junto,Tenho Casa Própria,Sim,Não,Tecnológica ,São melhores,Às vezes,Sim,4,Não ,Leste
10/03/2026 06:57:21,Homem Cis,+65 anos,Jd Veneza ,Entre R$ 5.601 e R$ 12.000,Aposentado,4,Carro próprio,Não,Um pouco das duas coisas,Sim,Parques e praças mais bem cuidados,2 ou 3 vezes por mês,Quase nunca,Zona Sul,É tudo muito caro,Indicação de amigos ou família,Um pouco,"Pop, Rock, Sertanejo","Netflix, Max (HBO), Paramount+",YouTube,Não,Não me lembro ,"Portais de Notícias (Meon, Life Informa, Diário de SJC, G1 Vale, 012 News)",2,Direita,Os dois juntos,Melhorando,Sim,Sim,Casado(a) ou morando junto,Tenho Casa Própria,Sim,Não,Uma cidade maravilhosa ,Não sei dizer,"Tenho vontade, mas não vou",Não,3,Preços altos dos imóveis ,Sul
10/03/2026 07:01:00,Homem Cis,+65 anos,Jd Alvorada,Entre R$ 5.601 e R$ 12.000,Aposentado,5,"Carro próprio, Apps de transporte (Uber, 99), Bicicleta própria, Ônibus",Não,Um pouco das duas coisas,Não,"Mais festas e eventos culturais, Mais opções para sair à noite",Toda semana,Às vezes,"Centro / Oeste (ex: Aquarius, Vila Adyana)",O trânsito,O preço,"Não, não ligo para isso","Pop, Sertanejo","Netflix, Amazon Prime Video, Max (HBO)",YouTube,Não,Nao conheço ninguem,"Portais de Notícias (Meon, Life Informa, Diário de SJC, G1 Vale, 012 News), Grupos de WhatsApp ou Telegram",3,Direita,As empresas e o comércio,Melhorando,Sim,Sim,Casado(a) ou morando junto,Tenho Casa Própria,Sim,Não,,São iguais,Não tenho interesse,Não,3,,Oeste
10/03/2026 08:37:28,Homem Cis,45 a 54 anos,Vila Industrial ,Entre R$ 2.801 e R$ 5.600,Carteira assinada (CLT),4,"Carro próprio, Moto própria",Não,Um pouco das duas coisas,Não,"Mais opções para sair à noite, Parques e praças mais bem cuidados",2 ou 3 vezes por mês,Às vezes,Zona Leste,É tudo muito caro,Indicação de amigos ou família,"Não, não ligo para isso","Pop, Rock","Netflix, Spotify",Instagram,Não,Nenhum,"Portais de Notícias (Meon, Life Informa, Diário de SJC, G1 Vale, 012 News), Páginas de Instagram (Notícias SJC, Explore SJC, Fica Dica SJC, Prefeitura SJC)",3,Centro,As empresas e o comércio,Do mesmo jeito,Sim,Não,Solteiro(a),Moro de aluguel mas quero uma casa própria,Sim,Não,Continua sendo cidade dormitório,São piores,"Tenho vontade, mas não vou",Sim,4,,Leste
10/03/2026 17:17:25,Homem Cis,+65 anos,Vila Adyana,Entre R$ 2.801 e R$ 5.600,Aposentado,5,"Carro próprio, Apps de transporte (Uber, 99), Ônibus",Sim,Um pouco das duas coisas,Sim,Mais segurança,Toda semana,Às vezes,Zona Sul,Falta de segurança,Se é perto de casa,"Não, não ligo para isso","Sertanejo, MPB, Hip Hop, Pagode/Samba","Netflix, Disney+, Max (HBO)",Instagram,Não,"Nao acompanho nenhum,  vejo na Internet. ","Páginas de Instagram (Notícias SJC, Explore SJC, Fica Dica SJC, Prefeitura SJC), Grupos de WhatsApp ou Telegram, Conversando com amigos e família",4,Direita,Os dois juntos,Melhorando,Sim,Sim,Casado(a) ou morando junto,Tenho Casa Própria,Sim,Não,Uma cidade muito boa para morar.,São iguais,"Sim, sempre",Não,5,Não. ,Centro
10/03/2026 18:32:52,Homem Cis,+65 anos,Centro,Entre R$ 5.601 e R$ 12.000,Aposentado,4,"Carro próprio, Bicicleta própria",Sim,Um pouco das duas coisas,Sim,Parques e praças mais bem cuidados,Toda semana,Às vezes,"Centro / Oeste (ex: Aquarius, Vila Adyana)",Não tem lugar legal para ir,Se o lugar é bonito e agradável,"Não, não ligo para isso","Pop, Rock","Netflix, Amazon Prime Video, Disney+",Instagram,Não,???,"Portais de Notícias (Meon, Life Informa, Diário de SJC, G1 Vale, 012 News), Rádios (Band Vale, CBN, Jovem Pan, Nativa, Stereo Vale, etc.), Canais de TV (Vanguarda, Thathi, Canção Nova, etc.), Páginas de Instagram (Notícias SJC, Explore SJC, Fica Dica SJC, Prefeitura SJC), Grupos de WhatsApp ou Telegram, Conversando com amigos e família",4,Direita,Os dois juntos,Melhorando,Sim,Sim,Divorciado(a),Tenho Casa Própria,Sim,Não,Pujante,São melhores,Às vezes,Sim,4,"Sou Nativo dessa terra, desde 1958",Centro
10/03/2026 19:47:47,Mulher Cis,45 a 54 anos,Jardim Portugal,Entre R$ 12.001 e R$ 26.000,Aposentado,5,"Carro próprio, Ônibus",Sim,Um pouco das duas coisas,Sim,Não falta nada,Toda semana,Quase nunca,Vou em todas as regiões,Falta de segurança,O que vejo no Instagram ou TikTok,"Não, não ligo para isso",MPB,"Netflix, Amazon Prime Video, Max (HBO)",Instagram,Não,Nenhum,"Portais de Notícias (Meon, Life Informa, Diário de SJC, G1 Vale, 012 News), Canais de TV (Vanguarda, Thathi, Canção Nova, etc.), Páginas de Instagram (Notícias SJC, Explore SJC, Fica Dica SJC, Prefeitura SJC)",5,Prefiro não responder,As empresas e o comércio,Melhorando,Sim,Sim,Casado(a) ou morando junto,Tenho Casa Própria,Sim,Não,Amo Sjcampos.,São melhores,Às vezes,Sim,5,A cidade tem  tudo o que eu preciso e gosto. Amo morar aqui.,Sul
10/03/2026 20:20:57,Mulher Cis,+65 anos,Urbanova,Entre R$ 12.001 e R$ 26.000,Aposentado,4,Carro próprio,Sim,Uma cidade tranquila com jeito de interior,Sim,Parques e praças mais bem cuidados,Toda semana,"Sim, sempre",Vou em todas as regiões,Não vejo dificuldade,Indicação de amigos ou família,"Não, não ligo para isso","Rock, Sertanejo, MPB","Netflix, Amazon Prime Video, Disney+, Max (HBO), Globoplay, Paramount+, Spotify, YouTube Music",Instagram,Não,Nao acompanho ,"Portais de Notícias (Meon, Life Informa, Diário de SJC, G1 Vale, 012 News), Rádios (Band Vale, CBN, Jovem Pan, Nativa, Stereo Vale, etc.), Páginas de Instagram (Notícias SJC, Explore SJC, Fica Dica SJC, Prefeitura SJC), Grupos de WhatsApp ou Telegram, Conversando com amigos e família",5,Direita,Os dois juntos,Melhorando,Sim,Sim,Viúvo(a),Tenho Casa Própria,Não,Não,Uma cidade a frente de seu tempo,São iguais,"Sim, sempre",Sim,5,Não ,Oeste
10/03/2026 20:23:52,Mulher Cis,+65 anos,31 de Março.,Entre R$ 5.601 e R$ 12.000,Estudante,4,Carro próprio,Sim,Um pouco das duas coisas,Sim,Mais segurança,2 ou 3 vezes por mês,"Sim, sempre","Centro / Oeste (ex: Aquarius, Vila Adyana)",Falta de segurança,Se o lugar é bonito e agradável,Um pouco,Sertanejo,"Netflix, Amazon Prime Video, Max (HBO), Globoplay, Apple TV+, Paramount+",YouTube,Não,Não sigo nenhum.,"Canais de TV (Vanguarda, Thathi, Canção Nova, etc.), Grupos de WhatsApp ou Telegram",4,Direita,As empresas e o comércio,Melhorando,Sim,Sim,Solteiro(a),Tenho Casa Própria,Sim,Não,"Uma cidade muito boa, mas pode melhorar, saúde, educação transporte, seguranca.",São melhores,"Sim, sempre",Não,3,Não ,Sul
10/03/2026 20:31:06,Homem Cis,+65 anos,Jd Esplanada II ,Entre R$ 5.601 e R$ 12.000,Aposentado,5,Carro próprio,Sim,Uma cidade moderna e cheia de tecnologia,Sim,Não falta nada,Toda semana,Às vezes,"Centro / Oeste (ex: Aquarius, Vila Adyana)",Não vejo dificuldade,Se o lugar é bonito e agradável,"Sim, muito",Pagode/Samba,Globoplay,Instagram,Não,Nenhum ,"Portais de Notícias (Meon, Life Informa, Diário de SJC, G1 Vale, 012 News), Canais de TV (Vanguarda, Thathi, Canção Nova, etc.), Grupos de WhatsApp ou Telegram, Conversando com amigos e família",5,Direita,A Prefeitura e o Governo,Melhorando,Sim,Sim,Casado(a) ou morando junto,Tenho Casa Própria,Não,Muito,Uma Cidade que me acolheu e que me deu oportunidade de trabalho e me ajudou a vencer na Vida e me tornar Independente  !,São melhores,Às vezes,Não,5,NHN,Oeste
10/03/2026 21:17:33,Homem Cis,45 a 54 anos,Jardim da Granja,Entre R$ 5.601 e R$ 12.000,Carteira assinada (CLT),1,"Carro próprio, Moto própria, Apps de transporte (Uber, 99)",Não,Nenhuma delas,Não,"Parques e praças mais bem cuidados, Melhorar o ônibus e o trânsito, Mais segurança",1 vez por mês,"Sim, sempre",Zona Leste,Falta de segurança,As notas no Google,"Não, não ligo para isso",Rock,"Amazon Prime Video, Max (HBO), Apple TV+, Paramount+, Spotify, Game Pass",YouTube,Sim,NÃO ME LEMBRO AGORA,"Portais de Notícias (Meon, Life Informa, Diário de SJC, G1 Vale, 012 News), Rádios (Band Vale, CBN, Jovem Pan, Nativa, Stereo Vale, etc.), Páginas de Instagram (Notícias SJC, Explore SJC, Fica Dica SJC, Prefeitura SJC), Conversando com amigos e família",5,Direita,As empresas e o comércio,Piorando,Não,Não,Casado(a) ou morando junto,Tenho Casa Própria,Sim,Não,Ruim de gestão. Descaso total.,São piores,Às vezes,Sim,1,,Sudeste
10/03/2026 22:27:23,Mulher Cis,+65 anos,Santana,Entre R$ 5.601 e R$ 12.000,Aposentado,4,Carro próprio,Sim,Uma cidade moderna e cheia de tecnologia,Sim,"Melhorar o ônibus e o trânsito, Mais segurança",Toda semana,Às vezes,Vou em todas as regiões,Falta de segurança,Indicação de amigos ou família,"Não, não ligo para isso","MPB, Pagode/Samba","Netflix, Amazon Prime Video, Disney+, Max (HBO), Globoplay, Apple TV+, Paramount+, YouTube Music",Instagram,Não,Não acompanho,"Portais de Notícias (Meon, Life Informa, Diário de SJC, G1 Vale, 012 News), Páginas de Instagram (Notícias SJC, Explore SJC, Fica Dica SJC, Prefeitura SJC)",3,Esquerda,Os dois juntos,Melhorando,Sim,Sim,Viúvo(a),Tenho Casa Própria,Não,Não,Excelente cidade,São melhores,Às vezes,Sim,3,"Sim, a saúde está abandonada",Norte
10/03/2026 22:31:14,Homem Cis,+65 anos,Vista Verde ,Entre R$ 5.601 e R$ 12.000,Aposentado,5,Carro próprio,Sim,Uma cidade moderna e cheia de tecnologia,Sim,Não falta nada,2 ou 3 vezes por mês,Às vezes,Vou em todas as regiões,Não vejo dificuldade,Se o lugar é bonito e agradável,"Não, não ligo para isso",Pop,Disney+,Instagram,Não,Nenhum ,"Rádios (Band Vale, CBN, Jovem Pan, Nativa, Stereo Vale, etc.)",5,Direita,Os dois juntos,Melhorando,Sim,Sim,Casado(a) ou morando junto,Tenho Casa Própria,Sim,Não,"Uma cidade moderna, limpa, educação e saúde bem estruturada, localização excelente e tem qualidade de vida.",São melhores,Às vezes,Não,5,"É uma cidade limpa, bem servida na área de educação, saúde, locomoção e na segurança é excelente. ",Leste
11/03/2026 00:44:57,Homem Cis,+65 anos,Vista verde,Entre R$ 12.001 e R$ 26.000,Aposentado,5,Carro próprio,Sim,Um pouco das duas coisas,Sim,Melhorar o ônibus e o trânsito,Toda semana,Às vezes,Vou em todas as regiões,Não vejo dificuldade,Indicação de amigos ou família,"Não, não ligo para isso","Pop, Rock","Netflix, Globoplay",Instagram,Não,Vários ,"Rádios (Band Vale, CBN, Jovem Pan, Nativa, Stereo Vale, etc.), Canais de TV (Vanguarda, Thathi, Canção Nova, etc.), Páginas de Instagram (Notícias SJC, Explore SJC, Fica Dica SJC, Prefeitura SJC), Conversando com amigos e família",3,Direita,Os dois juntos,Melhorando,Sim,Sim,Casado(a) ou morando junto,Tenho Casa Própria,Sim,Não,,São melhores,"Sim, sempre",Sim,4,,Leste
11/03/2026 06:51:34,Mulher Cis,+65 anos,Vila Adyanna,Até R$ 2.800,Aposentado,5,Ônibus,Sim,Uma cidade moderna e cheia de tecnologia,Sim,Melhorar o ônibus e o trânsito,Quase nunca,Às vezes,"Centro / Oeste (ex: Aquarius, Vila Adyana)",Falta de segurança,Indicação de amigos ou família,Um pouco,"Sertanejo, MPB, Pagode/Samba","Netflix, Max (HBO), Globoplay, Paramount+",Google ,Não,Nenhum,"Canais de TV (Vanguarda, Thathi, Canção Nova, etc.), Páginas de Instagram (Notícias SJC, Explore SJC, Fica Dica SJC, Prefeitura SJC), Conversando com amigos e família",4,Prefiro não responder,As empresas e o comércio,Melhorando,Não,Sim,Viúvo(a),Tenho Casa Própria,Não,Não,"Linda, confortável,  mais ou menos segura. Gosto daqui",São melhores,Não tenho interesse,Não,5,Moro com filha e genro,Centro
11/03/2026 08:03:53,Mulher Cis,+65 anos,Jardim das Indústrias ,Entre R$ 12.001 e R$ 26.000,Aposentado,4,Carro próprio,Não,Uma cidade moderna e cheia de tecnologia,Não,Parques e praças mais bem cuidados,1 vez por mês,"Sim, sempre","Centro / Oeste (ex: Aquarius, Vila Adyana)",Não tem lugar legal para ir,Se o lugar é bonito e agradável,"Sim, muito","Pop, MPB, Pagode/Samba","Netflix, Amazon Prime Video, Disney+, Apple TV+, Star+, YouTube Music",YouTube,Não, Não conheço nenhum,"Portais de Notícias (Meon, Life Informa, Diário de SJC, G1 Vale, 012 News), Páginas de Instagram (Notícias SJC, Explore SJC, Fica Dica SJC, Prefeitura SJC)",3,Direita,As empresas e o comércio,Piorando,Sim,Sim,Viúvo(a),Tenho Casa Própria,Sim,Não,"Uma cidade moderna, com infraestrutura boa, mas em decorrência do aumento da população, o trânsito nas horas de pique já está insuportável e , o que é pior, falta aconchego humano, vida nas ruas. Fora centro comercial, shopping, supermercados e corredores, não há vida nas ruas de São José ",São piores,Às vezes,Sim,4,"As ruas deveriam estar mais arborizadas, inclusive em determinados trechos, deveriam ser providenciados plantações de Ipês, árvores frutíferas e flores. Em trechos em que há desníveis, gardênias, capins floridos e outros deveriam ser providenciados para embelezar a cidade. Por outro lado, devido ao crescimento da cidade, o numero de mendigos, pedintes e sem teto tem aumentado consideravelmente. Algo deve ser feito urgentemente, antes que seja tarde e se transforme em uma mini São Paulo ",Oeste
11/03/2026 08:41:03,Homem Cis,55 anos a 64 anos,J. Anhembi ,Entre R$ 5.601 e R$ 12.000,Aposentado,4,"Carro próprio, Moto própria, Carro alugado",Sim,Um pouco das duas coisas,Sim,Mais segurança,Toda semana,Quase nunca,"Centro / Oeste (ex: Aquarius, Vila Adyana)",Falta de segurança,Se o lugar é bonito e agradável,Um pouco,Eletrônica,"Netflix, Amazon Prime Video, Globoplay, YouTube Music",YouTube,Não,Não acompanho fluenciador,"Canais de TV (Vanguarda, Thathi, Canção Nova, etc.), Conversando com amigos e família",4,Direita,Os dois juntos,Melhorando,Sim,Sim,Casado(a) ou morando junto,Tenho Casa Própria,Sim,Não,"Quase perfeita, pena que tem muita gente de fora. ",São melhores,Às vezes,Sim,4,,Sul
11/03/2026 10:03:46,Homem Cis,+65 anos,Jardim Esplanada,Entre R$ 5.601 e R$ 12.000,Aposentado,5,"Carro próprio, Apps de transporte (Uber, 99)",Sim,Uma cidade moderna e cheia de tecnologia,Sim,Melhorar o ônibus e o trânsito,Quase nunca,Quase nunca,"Centro / Oeste (ex: Aquarius, Vila Adyana)",É tudo muito caro,Indicação de amigos ou família,"Não, não ligo para isso",MPB,"Netflix, Amazon Prime Video, Max (HBO), Globoplay, Paramount+",Instagram,Não,Não sei.,"Canais de TV (Vanguarda, Thathi, Canção Nova, etc.), Grupos de WhatsApp ou Telegram, Conversando com amigos e família",3,Centro,As empresas e o comércio,Melhorando,Sim,Sim,Casado(a) ou morando junto,Tenho Casa Própria,Sim,Não,Uma das melhores cidades do estado de São Paulo.,São melhores,Não tenho interesse,Sim,5,Não.,Oeste
11/03/2026 19:07:38,Homem Cis,55 anos a 64 anos,Jardim das indústrias ,Entre R$ 5.601 e R$ 12.000,Dono de empresa,4,Carro próprio,Não,Um pouco das duas coisas,Não,"Mais opções para sair à noite, Melhorar o ônibus e o trânsito, Mais segurança",2 ou 3 vezes por mês,Às vezes,Zona Sul,Não tem lugar legal para ir,Indicação de amigos ou família,"Não, não ligo para isso","Pop, MPB","Netflix, Amazon Prime Video, YouTube Music",Instagram,Não,Não conheço ,"Portais de Notícias (Meon, Life Informa, Diário de SJC, G1 Vale, 012 News)",3,Direita,Os dois juntos,Do mesmo jeito,Sim,Sim,Solteiro(a),Tenho Casa Própria,Não,Não,Uma cidade s frente das demais ,Não sei dizer,Às vezes,Não,4,Não,Oeste
12/03/2026 06:51:23,Homem Cis,45 a 54 anos,Vila Betânia ,Mais de R$ 26.000,Por conta própria / Bico / PJ,4,"Carro próprio, Apps de transporte (Uber, 99)",Sim,Um pouco das duas coisas,Não,"Mais opções para sair à noite, Restaurantes e lanchonetes diferentes",2 ou 3 vezes por mês,Às vezes,"Centro / Oeste (ex: Aquarius, Vila Adyana)",É tudo muito caro,Se o lugar é bonito e agradável,"Não, não ligo para isso","Pop, Sertanejo, MPB","Netflix, Amazon Prime Video, Max (HBO), Apple TV+, YouTube Music",Instagram,Não,Nenhum,"Páginas de Instagram (Notícias SJC, Explore SJC, Fica Dica SJC, Prefeitura SJC), Conversando com amigos e família",4,Direita,As empresas e o comércio,Do mesmo jeito,Sim,Sim,Casado(a) ou morando junto,Tenho Casa Própria,Sim,Não,Aumento de impostos absurdo,São melhores,Às vezes,Sim,4,Aumento absurdo do IPTU ,Centro
12/03/2026 15:11:45,Homem Cis,35 a 44 anos,Morumbi,Entre R$ 2.801 e R$ 5.600,Carteira assinada (CLT),5,Carro próprio,Sim,Um pouco das duas coisas,Sim,"Mais festas e eventos culturais, Mais segurança",2 ou 3 vezes por mês,Quase nunca,Zona Sul,Não vejo dificuldade,Se o lugar é bonito e agradável,"Não, não ligo para isso","Pop, Rock, Sertanejo","Netflix, Amazon Prime Video",Instagram,Não,Nso conheco,"Portais de Notícias (Meon, Life Informa, Diário de SJC, G1 Vale, 012 News), Rádios (Band Vale, CBN, Jovem Pan, Nativa, Stereo Vale, etc.)",5,Direita,Os dois juntos,Melhorando,Sim,Sim,Solteiro(a),Tenho Casa Própria,Sim,Não,Uma cidade que transforma as pessoas  e faz elas se sentirem felizes e morar aqui  e tudo de bom ,São piores,Às vezes,Sim,5,Aqui onde moro aqui no morumbi  e na zona sul deveria expandir  mais lugares para construcao de apartmento ,Sul
12/03/2026 16:14:40,Mulher Cis,55 anos a 64 anos,Vale do sol,Até R$ 2.800,Por conta própria / Bico / PJ,4,Ônibus,Sim,Um pouco das duas coisas,Sim,Mais segurança,2 ou 3 vezes por mês,Quase nunca,"Centro / Oeste (ex: Aquarius, Vila Adyana)",Não vejo dificuldade,Se é perto de casa,"Não, não ligo para isso","Pop, Rock, Sertanejo, Pagode/Samba","Netflix, Amazon Prime Video, Disney+, Max (HBO), Apple TV+",Instagram,Não,Nenhum,"Rádios (Band Vale, CBN, Jovem Pan, Nativa, Stereo Vale, etc.), Canais de TV (Vanguarda, Thathi, Canção Nova, etc.), Páginas de Instagram (Notícias SJC, Explore SJC, Fica Dica SJC, Prefeitura SJC), Conversando com amigos e família",4,Direita,As empresas e o comércio,Melhorando,Sim,Sim,Casado(a) ou morando junto,,Sim,Não,Cara mas muito boa de se morar,Não sei dizer,"Tenho vontade, mas não vou",Sim,4,Sim deveria ter mais cursos  de qualificação para pessoas acima dos 50/60,Sul
12/03/2026 18:25:06,Mulher Cis,45 a 54 anos,Monte Castelo,Entre R$ 5.601 e R$ 12.000,Funcionário público,1,"Apps de transporte (Uber, 99), Ônibus, Linha Verde",Sim,Uma cidade moderna e cheia de tecnologia,Sim,"Parques e praças mais bem cuidados, Melhorar o ônibus e o trânsito, Mais segurança",Toda semana,"Sim, sempre","Centro / Oeste (ex: Aquarius, Vila Adyana)",Falta de segurança,O preço,Um pouco,"Sertanejo, Funk, MPB","Netflix, Deezer",TikTok,Não,Não conheço ,"Portais de Notícias (Meon, Life Informa, Diário de SJC, G1 Vale, 012 News), Rádios (Band Vale, CBN, Jovem Pan, Nativa, Stereo Vale, etc.), Canais de TV (Vanguarda, Thathi, Canção Nova, etc.), Páginas de Instagram (Notícias SJC, Explore SJC, Fica Dica SJC, Prefeitura SJC), Grupos de WhatsApp ou Telegram, Conversando com amigos e família",3,Direita,A Prefeitura e o Governo,Do mesmo jeito,Sim,Sim,Divorciado(a),Moro de aluguel mas quero uma casa própria,Sim,Um pouco,Uma cidade de gente batalhadora ,São iguais,Às vezes,Sim,3,"Sim, eu acho que falta falar do turismo aqui na cidade. Daria pra fazer muita coisa porque tem muito verde",Centro
12/03/2026 18:56:26,Homem Cis,55 anos a 64 anos,Paineiras ,Entre R$ 2.801 e R$ 5.600,Aposentado,5,Carro próprio,Sim,Um pouco das duas coisas,Sim,Não falta nada,Toda semana,Às vezes,Vou em todas as regiões,Não vejo dificuldade,Se o lugar é bonito e agradável,"Não, não ligo para isso","Pop, Sertanejo, MPB, Pagode/Samba",Amazon Prime Video,YouTube,Não,Nenhum,"Portais de Notícias (Meon, Life Informa, Diário de SJC, G1 Vale, 012 News), Rádios (Band Vale, CBN, Jovem Pan, Nativa, Stereo Vale, etc.), Canais de TV (Vanguarda, Thathi, Canção Nova, etc.)",1,Prefiro não responder,A Prefeitura e o Governo,Melhorando,Sim,Sim,Casado(a) ou morando junto,Tenho Casa Própria,Não,Um pouco,Maravilhoso,São iguais,"Tenho vontade, mas não vou",Não,3,"Melhor cidade , sou joseense nato nasci aqui , quem não estiver satisfeito mete o pé ",Leste
12/03/2026 19:56:39,Homem Cis,+65 anos,Bosque dos Eucaliptos ,Mais de R$ 26.000,Aposentado,5,Carro próprio,Sim,Uma cidade moderna e cheia de tecnologia,Sim,Parques e praças mais bem cuidados,2 ou 3 vezes por mês,Às vezes,Zona Sul,Não vejo dificuldade,Se é perto de casa,"Não, não ligo para isso",Rock,Netflix,Instagram,Não,Nenhum,"Páginas de Instagram (Notícias SJC, Explore SJC, Fica Dica SJC, Prefeitura SJC)",3,Direita,Os dois juntos,Melhorando,Não,Sim,Casado(a) ou morando junto,Tenho Casa Própria,Sim,Não,Cidade ótima para viver,São melhores,"Sim, sempre",Não,5,Não ,Sul
12/03/2026 21:29:30,Mulher Cis,16 a 17 anos,Jd Cerejeiras,Até R$ 2.800,Estudante,2,"Apps de transporte (Uber, 99), Bicicleta própria, Patinete próprio, Patinete Alugado, Ônibus",Não,Nenhuma delas,Não,"Mais festas e eventos culturais, Mais opções para sair à noite, Parques e praças mais bem cuidados",2 ou 3 vezes por mês,Às vezes,Zona Sul,É tudo muito caro,O preço,"Sim, muito","Pop, Trap, Hip Hop","Netflix, Disney+, YouTube Music",TikTok,Sim,Não lembro ,Não acompanho as notícias da cidade,1,Centro,As empresas e o comércio,Do mesmo jeito,Sim,Não,Solteiro(a),Moro de aluguel mas quero uma casa própria,Não,Não,Cidade lenta mas gostosa,São melhores,Às vezes,Sim,3,"Sobre segurança, pra mim que estudo andar a noite pela cidade da medo",Leste
12/03/2026 21:32:17,Mulher Cis,25 a 34 anos,Costinha,Entre R$ 2.801 e R$ 5.600,Por conta própria / Bico / PJ,2,"Carro próprio, Apps de transporte (Uber, 99), Ônibus",Não,Uma cidade moderna e cheia de tecnologia,Não,"Mais festas e eventos culturais, Mais opções para sair à noite, Restaurantes e lanchonetes diferentes, Parques e praças mais bem cuidados, Melhorar o ônibus e o trânsito, Mais segurança",Quase nunca,Quase nunca,Zona Norte,Ônibus ou falta de transporte,O que vejo no Instagram ou TikTok,"Sim, muito","Rock, Trap, Hip Hop","Netflix, Disney+, Globoplay, Spotify, Game Pass",YouTube,Não,Não lembro,"Portais de Notícias (Meon, Life Informa, Diário de SJC, G1 Vale, 012 News), Rádios (Band Vale, CBN, Jovem Pan, Nativa, Stereo Vale, etc.), Canais de TV (Vanguarda, Thathi, Canção Nova, etc.), Grupos de WhatsApp ou Telegram",1,Prefiro não responder,Os dois juntos,Melhorando,Sim,Não,Casado(a) ou morando junto,Tenho Casa Própria,Sim,Um pouco,Organizada mas muito cara,São iguais,"Sim, sempre",Sim,4,Sobre a utilização de espaços públicos para festas e eventos,Norte
12/03/2026 21:35:13,Mulher Cis,35 a 44 anos,Santa Inês ,Entre R$ 2.801 e R$ 5.600,Carteira assinada (CLT),4,"Moto alugada, Patinete próprio, Patinete Alugado, Linha Verde",Sim,Um pouco das duas coisas,Sim,"Mais festas e eventos culturais, Mais opções para sair à noite, Mais segurança",2 ou 3 vezes por mês,Às vezes,Zona Sul,Não tem lugar legal para ir,Se o lugar é bonito e agradável,Um pouco,"Pop, Rock, Sertanejo, MPB, Hip Hop, Gospel","Netflix, Globoplay, Deezer",Instagram,Não,Não lembro,"Portais de Notícias (Meon, Life Informa, Diário de SJC, G1 Vale, 012 News), Canais de TV (Vanguarda, Thathi, Canção Nova, etc.), Páginas de Instagram (Notícias SJC, Explore SJC, Fica Dica SJC, Prefeitura SJC), Conversando com amigos e família",1,Centro,As empresas e o comércio,Do mesmo jeito,Não,Sim,Casado(a) ou morando junto,Moro de aluguel mas quero uma casa própria,Sim,Um pouco,Não sei,São piores,"Tenho vontade, mas não vou",Não,1,Nada tudo ok,Leste
18/03/2026 14:03:40,Mulher Cis,25 a 34 anos,Jardim Santa Hermínia,Entre R$ 2.801 e R$ 5.600,Carteira assinada (CLT),2,"Moto alugada, Apps de transporte (Uber, 99)",Sim,Um pouco das duas coisas,Sim,"Mais opções para sair à noite, Mais segurança",2 ou 3 vezes por mês,"Sim, sempre",Zona Sul,Ônibus ou falta de transporte,Se o lugar é bonito e agradável,"Sim, muito","Funk, Trap","Amazon Prime Video, Globoplay, Deezer",TikTok,Não,Não lembro,"Rádios (Band Vale, CBN, Jovem Pan, Nativa, Stereo Vale, etc.), Canais de TV (Vanguarda, Thathi, Canção Nova, etc.), Páginas de Instagram (Notícias SJC, Explore SJC, Fica Dica SJC, Prefeitura SJC)",1,Centro,As empresas e o comércio,Do mesmo jeito,Não,Sim,Solteiro(a),Moro de aluguel mas quero uma casa própria,Sim,Um pouco,cidade feliz mas falta um pouco,São iguais,"Sim, sempre",Não,2,,Leste
18/03/2026 17:52:46,Homem Cis,18 a 24 anos,Jardim Portugal,Entre R$ 2.801 e R$ 5.600,Por conta própria / Bico / PJ,2,"Carro alugado, Apps de transporte (Uber, 99)",Sim,Uma cidade moderna e cheia de tecnologia,Não,Parques e praças mais bem cuidados,Quase nunca,Às vezes,Zona Norte,Falta de segurança,Indicação de amigos ou família,Um pouco,"Pop, MPB","Max (HBO), Spotify",YouTube,Não,Não sei,"Portais de Notícias (Meon, Life Informa, Diário de SJC, G1 Vale, 012 News), Grupos de WhatsApp ou Telegram",4,Centro,Os dois juntos,Piorando,Não,Não,Namorando,Moro de aluguel e não quero adquirir uma casa própria,Sim,Um pouco,Cidade que só rouba de seus cidadãos a paz e a alegria,São melhores,"Sim, sempre",Sim,3,"Tem sim, falar sobre a ponte estaiada que foi um grande gasto de dinheiro público, eu passo todo dia por lá e só vejo os carros andando pela parte de baixo que já existia. Um grande elefante branco (bonito? sim!) Mas um elefante branco...",Sul
19/03/2026 17:12:29,Mulher Cis,25 a 34 anos,Tesouro,Entre R$ 2.801 e R$ 5.600,Carteira assinada (CLT),5,"Apps de transporte (Uber, 99), Ônibus",Não,Uma cidade tranquila com jeito de interior,Não,Não falta nada,Quase nunca,Quase nunca,Zona Norte,É tudo muito caro,O que vejo no Instagram ou TikTok,Um pouco,"Pop, Rock, Sertanejo, Gospel","Netflix, Spotify",Instagram,Não,Não lembro,"Páginas de Instagram (Notícias SJC, Explore SJC, Fica Dica SJC, Prefeitura SJC), Conversando com amigos e família",1,Esquerda,Os dois juntos,Do mesmo jeito,Sim,Sim,Solteiro(a),Moro de aluguel mas quero uma casa própria,Sim,Não,Cidade muito boa de se morar,São melhores,Não tenho interesse,Sim,3,,Leste
19/03/2026 17:22:52,Homem Cis,35 a 44 anos,Vila das Flores ,Entre R$ 2.801 e R$ 5.600,Carteira assinada (CLT),3,Carro próprio,Não,Uma cidade tranquila com jeito de interior,Sim,Parques e praças mais bem cuidados,1 vez por mês,"Sim, sempre","Centro / Oeste (ex: Aquarius, Vila Adyana)",Não vejo dificuldade,Indicação de amigos ou família,"Não, não ligo para isso",MPB,"Netflix, Disney+, Max (HBO), Spotify, YouTube Music, PlayStation Plus",Instagram,Não,Não acompanho nenhum ,"Portais de Notícias (Meon, Life Informa, Diário de SJC, G1 Vale, 012 News), Rádios (Band Vale, CBN, Jovem Pan, Nativa, Stereo Vale, etc.)",3,Direita,Os dois juntos,Melhorando,Sim,Sim,Casado(a) ou morando junto,Tenho Casa Própria,Sim,Não,"Cidade tecnológica e boa de se morar, apesar do custo de vida ser alto 
",São melhores,Às vezes,Não,3,,Sul
19/03/2026 18:13:33,Homem Cis,35 a 44 anos,Jardim santa Inês 1,Entre R$ 2.801 e R$ 5.600,Por conta própria / Bico / PJ,3,Carro próprio,Sim,Um pouco das duas coisas,Não,"Mais festas e eventos culturais, Parques e praças mais bem cuidados, Melhorar o ônibus e o trânsito, Mais segurança",Quase nunca,Às vezes,"Centro / Oeste (ex: Aquarius, Vila Adyana)",Não vejo dificuldade,Se o lugar é bonito e agradável,"Não, não ligo para isso","Rock, Eletrônica, MPB, Hip Hop","Netflix, YouTube Music",Instagram,Não,Nenhum,"Portais de Notícias (Meon, Life Informa, Diário de SJC, G1 Vale, 012 News)",5,Esquerda,Os dois juntos,Do mesmo jeito,Sim,Sim,Solteiro(a),Tenho Casa Própria,Sim,Muito,"Uma cidade boa, mas cara de se viver! ",Não sei dizer,"Sim, sempre",Sim,3,,Leste
19/03/2026 18:42:14,Homem Cis,55 anos a 64 anos,Vila Terezinha ,Entre R$ 2.801 e R$ 5.600,Aposentado,4,Carro próprio,Não,Um pouco das duas coisas,Sim,Não falta nada,Quase nunca,Às vezes,Vou em todas as regiões,Não vejo dificuldade,Indicação de amigos ou família,Um pouco,"Pop, Sertanejo, MPB",Não uso nenhum,Instagram,Não,Nenhum ,"Rádios (Band Vale, CBN, Jovem Pan, Nativa, Stereo Vale, etc.), Canais de TV (Vanguarda, Thathi, Canção Nova, etc.)",1,Esquerda,Os dois juntos,Melhorando,Não,Sim,Casado(a) ou morando junto,Tenho Casa Própria,Sim,Não,Cidade muito boa,Não sei dizer,Não tenho interesse,Sim,3,Acho muito ruim a divulgação de eventos principalmente no parque da cidade.,Centro
19/03/2026 18:46:52,Outros,35 a 44 anos,Vila industrial ,Até R$ 2.800,Carteira assinada (CLT),3,Ônibus,Não,Um pouco das duas coisas,Não,"Mais festas e eventos culturais, Mais opções para sair à noite, Parques e praças mais bem cuidados, Melhorar o ônibus e o trânsito",1 vez por mês,Às vezes,Zona Sul,Ônibus ou falta de transporte,Indicação de amigos ou família,Um pouco,"Funk, MPB, Pagode/Samba","Netflix, Disney+, Spotify",Instagram,Não,Abraão,"Portais de Notícias (Meon, Life Informa, Diário de SJC, G1 Vale, 012 News)",2,Prefiro não responder,Não sei,Do mesmo jeito,Sim,Sim,Solteiro(a),Moro de aluguel mas quero uma casa própria,Sim,Um pouco,,Não sei dizer,"Sim, sempre",Sim,3,,Leste
19/03/2026 18:51:58,Homem Cis,25 a 34 anos,Satelite ,Entre R$ 5.601 e R$ 12.000,Carteira assinada (CLT),5,"Carro próprio, Apps de transporte (Uber, 99), Linha Verde",Não,Um pouco das duas coisas,Não,"Mais festas e eventos culturais, Mais opções para sair à noite, Restaurantes e lanchonetes diferentes, Parques e praças mais bem cuidados",2 ou 3 vezes por mês,"Sim, sempre",Zona Sul,Não tem lugar legal para ir,As notas no Google,"Não, não ligo para isso","Pop, Rock, Trap, Pagode/Samba","Netflix, Amazon Prime Video, Disney+, Max (HBO), Globoplay, Apple TV+, Star+, Paramount+, Spotify, YouTube Music, Game Pass",Instagram,Não,nenhum ,"Portais de Notícias (Meon, Life Informa, Diário de SJC, G1 Vale, 012 News), Canais de TV (Vanguarda, Thathi, Canção Nova, etc.)",4,Esquerda,As empresas e o comércio,Do mesmo jeito,Sim,Sim,Casado(a) ou morando junto,Moro de aluguel mas quero uma casa própria,Sim,Não,moderna,São iguais,Às vezes,Sim,5,,Sul
19/03/2026 18:52:13,Mulher Cis,35 a 44 anos,Tesouro ,Até R$ 2.800,Desempregado,4,Carro próprio,Não,Um pouco das duas coisas,Sim,"Mais festas e eventos culturais, Mais opções para sair à noite, Restaurantes e lanchonetes diferentes, Melhorar o ônibus e o trânsito, Mais segurança",1 vez por mês,Quase nunca,"Centro / Oeste (ex: Aquarius, Vila Adyana)",É tudo muito caro,O preço,Um pouco,"Funk, Pagode/Samba","Globoplay, Spotify",Instagram,Sim,"Notícias SJC,","Páginas de Instagram (Notícias SJC, Explore SJC, Fica Dica SJC, Prefeitura SJC)",3,Esquerda,Os dois juntos,Melhorando,Sim,Sim,Solteiro(a),Tenho Casa Própria,Sim,Não,Grande potencial de crescimento ,São melhores,"Tenho vontade, mas não vou",Sim,4,Deveria ter hospital veterinário do SUS ,Leste
19/03/2026 18:52:51,Homem Cis,18 a 24 anos,Vila das flores,Até R$ 2.800,Carteira assinada (CLT),4,Ônibus,Sim,Uma cidade moderna e cheia de tecnologia,Sim,"Restaurantes e lanchonetes diferentes, Parques e praças mais bem cuidados",2 ou 3 vezes por mês,Às vezes,Zona Sul,O trânsito,Indicação de amigos ou família,"Não, não ligo para isso","Pop, Funk, Trap","Netflix, Amazon Prime Video, Disney+, Spotify",Instagram,Sim,Não acompanho ,Conversando com amigos e família,3,Centro,Os dois juntos,Melhorando,Sim,Sim,Namorando,Moro de aluguel mas quero uma casa própria,Sim,Muito,Otimo,São melhores,Não tenho interesse,Sim,4,Não nenhuma,Sul
19/03/2026 21:01:24,Mulher Cis,25 a 34 anos,31 de março ,Até R$ 2.800,Carteira assinada (CLT),1,Ônibus,Sim,Um pouco das duas coisas,Sim,"Mais festas e eventos culturais, Mais opções para sair à noite, Restaurantes e lanchonetes diferentes, Parques e praças mais bem cuidados, Melhorar o ônibus e o trânsito, Mais segurança",Toda semana,"Sim, sempre",Zona Sul,Falta de segurança,O preço,Um pouco,"Pop, Rock, Eletrônica, MPB, Hip Hop, Gospel","Netflix, Amazon Prime Video, Disney+, Max (HBO), Apple TV+, Spotify, Game Pass",Instagram,Não,Não sei,"Portais de Notícias (Meon, Life Informa, Diário de SJC, G1 Vale, 012 News), Páginas de Instagram (Notícias SJC, Explore SJC, Fica Dica SJC, Prefeitura SJC)",3,Esquerda,A Prefeitura e o Governo,Piorando,Sim,Não,Casado(a) ou morando junto,Moro de aluguel mas quero uma casa própria,Sim,Não,Normal nada de interessante ,São iguais,"Sim, sempre",Sim,5,Precisamos de melhoras e menos impostos ,Sul
19/03/2026 21:51:36,Homem Cis,25 a 34 anos,Jardim Santa Inês 1,Até R$ 2.800,Carteira assinada (CLT),3,Ônibus,Não,Uma cidade moderna e cheia de tecnologia,Não,"Mais festas e eventos culturais, Parques e praças mais bem cuidados, Melhorar o ônibus e o trânsito, Mais segurança",2 ou 3 vezes por mês,Às vezes,Vou em todas as regiões,Ônibus ou falta de transporte,O preço,"Não, não ligo para isso","Pop, Rock, Funk, Eletrônica","Netflix, Amazon Prime Video, Disney+, Max (HBO), Globoplay, Spotify",Instagram,Sim,"Julia Bartolo, Biel grau e Ana Alice Campos","Portais de Notícias (Meon, Life Informa, Diário de SJC, G1 Vale, 012 News), Canais de TV (Vanguarda, Thathi, Canção Nova, etc.), Páginas de Instagram (Notícias SJC, Explore SJC, Fica Dica SJC, Prefeitura SJC), Conversando com amigos e família",4,Centro,Os dois juntos,Melhorando,Sim,Sim,Solteiro(a),Tenho Casa Própria,Sim,Não,"Cara de viver, principalmente transporte e aluguel",São iguais,"Tenho vontade, mas não vou",Sim,4,,Leste
19/03/2026 23:05:16,Mulher Cis,55 anos a 64 anos,Vila Terezinha ,Entre R$ 2.801 e R$ 5.600,Por conta própria / Bico / PJ,5,Carro próprio,Sim,Um pouco das duas coisas,Sim,Mais segurança,1 vez por mês,Às vezes,Vou em todas as regiões,Falta de segurança,Se o lugar é bonito e agradável,"Não, não ligo para isso",MPB,Não uso nenhum,Instagram,Não,Não conheço ninguém ,"Canais de TV (Vanguarda, Thathi, Canção Nova, etc.)",1,Prefiro não responder,Os dois juntos,Melhorando,Sim,Sim,Casado(a) ou morando junto,Tenho Casa Própria,Sim,Não,Uma cidade que está crescendo muito ,São iguais,Às vezes,Sim,5,Não ,Centro
20/03/2026 04:27:06,Mulher Cis,35 a 44 anos,"Jd, Esplanada ",Até R$ 2.800,Carteira assinada (CLT),3,"Apps de transporte (Uber, 99), Ônibus",Não,Uma cidade moderna e cheia de tecnologia,Não,"Mais festas e eventos culturais, Mais opções para sair à noite, Melhorar o ônibus e o trânsito, Mais segurança",2 ou 3 vezes por mês,"Sim, sempre","Centro / Oeste (ex: Aquarius, Vila Adyana)",Falta de segurança,Se o lugar é bonito e agradável,"Sim, muito","Pop, Trap, Eletrônica, Hip Hop","Netflix, Amazon Prime Video, Disney+, Globoplay",Instagram,Não,Nenhum ,"Páginas de Instagram (Notícias SJC, Explore SJC, Fica Dica SJC, Prefeitura SJC)",3,Direita,As empresas e o comércio,Do mesmo jeito,Sim,Não,Solteiro(a),Moro de aluguel e não quero adquirir uma casa própria,Sim,Não,Muito trânsito ,São melhores,Não tenho interesse,Não,3,Não ,Oeste
20/03/2026 10:38:46,Mulher Cis,16 a 17 anos,Jardim São Judas,Até R$ 2.800,Estudante,1,"Apps de transporte (Uber, 99), Patinete próprio, Ônibus",Não,Uma cidade moderna e cheia de tecnologia,Não,"Mais festas e eventos culturais, Melhorar o ônibus e o trânsito, Mais segurança",Quase nunca,Quase nunca,Zona Leste,Ônibus ou falta de transporte,Se o lugar é bonito e agradável,"Sim, muito","Funk, Trap, Hip Hop","Globoplay, Game Pass",TikTok,Não,não lembro,"Portais de Notícias (Meon, Life Informa, Diário de SJC, G1 Vale, 012 News), Páginas de Instagram (Notícias SJC, Explore SJC, Fica Dica SJC, Prefeitura SJC), Grupos de WhatsApp ou Telegram",2,Esquerda,As empresas e o comércio,Do mesmo jeito,Sim,Não,Namorando,Moro de aluguel e não quero adquirir uma casa própria,Sim,Muito,Uma cidade legal mas muito parada,São iguais,"Tenho vontade, mas não vou",Não,3,,Sudeste
20/03/2026 10:42:10,Homem Cis,35 a 44 anos,Jardim São José 2,Entre R$ 2.801 e R$ 5.600,Por conta própria / Bico / PJ,3,"Moto alugada, Apps de Bike, Ônibus, Linha Verde",Sim,Um pouco das duas coisas,Não,"Mais festas e eventos culturais, Mais opções para sair à noite, Restaurantes e lanchonetes diferentes, Melhorar o ônibus e o trânsito",1 vez por mês,"Sim, sempre",Zona Sul,Falta de segurança,O que vejo no Instagram ou TikTok,Um pouco,"Rock, Sertanejo, Funk, Trap, Eletrônica","Netflix, Disney+, Max (HBO), Game Pass",Instagram,Não,Não lembro,"Portais de Notícias (Meon, Life Informa, Diário de SJC, G1 Vale, 012 News), Canais de TV (Vanguarda, Thathi, Canção Nova, etc.), Grupos de WhatsApp ou Telegram",3,Direita,Não sei,Piorando,Sim,Sim,Divorciado(a),Tenho Casa Própria,Sim,Um pouco,Tranquila,São piores,"Tenho vontade, mas não vou",Sim,4,,Leste
20/03/2026 10:47:06,Homem Cis,35 a 44 anos,Santa Hermínia,Entre R$ 2.801 e R$ 5.600,Carteira assinada (CLT),5,Carro próprio,Sim,Um pouco das duas coisas,Não,"Parques e praças mais bem cuidados, Melhorar o ônibus e o trânsito",Quase nunca,Às vezes,Zona Leste,É tudo muito caro,O preço,"Não, não ligo para isso",Sertanejo,"Netflix, Disney+, Spotify",Instagram,Sim,"Jonas Almeida, Carlos Abranches","Portais de Notícias (Meon, Life Informa, Diário de SJC, G1 Vale, 012 News), Páginas de Instagram (Notícias SJC, Explore SJC, Fica Dica SJC, Prefeitura SJC)",3,Centro,Os dois juntos,Do mesmo jeito,Não,Não,Solteiro(a),Moro de aluguel mas quero uma casa própria,Não,Não,Um lugar tranquilo,São piores,Às vezes,Sim,3,,Leste
20/03/2026 19:15:09,Mulher Cis,25 a 34 anos,Monte Castelo ,Entre R$ 12.001 e R$ 26.000,Carteira assinada (CLT),4,Carro próprio,Não,Um pouco das duas coisas,Não,"Mais festas e eventos culturais, Mais opções para sair à noite, Restaurantes e lanchonetes diferentes",Toda semana,Às vezes,"Centro / Oeste (ex: Aquarius, Vila Adyana)",Não tem lugar legal para ir,Se o lugar é bonito e agradável,"Não, não ligo para isso","Pop, Rock, Sertanejo","Netflix, Amazon Prime Video, Disney+, Max (HBO), Globoplay, Star+, Spotify",Instagram,Sim,Não sei nenhum de cabeça ,"Portais de Notícias (Meon, Life Informa, Diário de SJC, G1 Vale, 012 News), Canais de TV (Vanguarda, Thathi, Canção Nova, etc.), Conversando com amigos e família",1,Prefiro não responder,Não sei,Do mesmo jeito,Sim,Sim,Namorando,Tenho Casa Própria,Sim,Um pouco,Confortável ,São melhores,"Sim, sempre",Sim,3,,Centro
20/03/2026 19:25:16,Mulher Cis,45 a 54 anos,Urbanova ,Entre R$ 2.801 e R$ 5.600,Desempregado,3,Carro próprio,Não,Um pouco das duas coisas,Sim,"Mais festas e eventos culturais, Mais opções para sair à noite, Melhorar o ônibus e o trânsito",Quase nunca,Quase nunca,Vou em todas as regiões,Não tem lugar legal para ir,Se o lugar é bonito e agradável,"Não, não ligo para isso","Rock, Gospel","Netflix, Amazon Prime Video, Disney+, Globoplay",Instagram,Não,Não conheço nenhum ,"Portais de Notícias (Meon, Life Informa, Diário de SJC, G1 Vale, 012 News), Canais de TV (Vanguarda, Thathi, Canção Nova, etc.)",3,Prefiro não responder,Os dois juntos,Melhorando,Sim,Sim,Casado(a) ou morando junto,Tenho Casa Própria,Não,Não,"A maior cidade do Vale do Paraíba,  mas ainda uma cidade do interior ",São melhores,"Tenho vontade, mas não vou",Sim,5,Não ,Oeste
20/03/2026 19:28:03,Homem Cis,45 a 54 anos,Jardim Satélite ,Entre R$ 5.601 e R$ 12.000,Carteira assinada (CLT),4,"Carro próprio, Moto própria",Sim,Uma cidade moderna e cheia de tecnologia,Não,"Melhorar o ônibus e o trânsito, Mais segurança",Quase nunca,Nunca,Zona Sul,Não tem lugar legal para ir,O preço,"Não, não ligo para isso","Rock, Eletrônica",Não uso nenhum,Instagram,Não,Nenhum,"Rádios (Band Vale, CBN, Jovem Pan, Nativa, Stereo Vale, etc.), Canais de TV (Vanguarda, Thathi, Canção Nova, etc.)",2,Direita,As empresas e o comércio,Do mesmo jeito,Não,Sim,Casado(a) ou morando junto,Tenho Casa Própria,Sim,Não,Uma cidade com custo de vida alto.,São iguais,Não tenho interesse,Não,,,Sul
20/03/2026 19:28:27,Homem Cis,45 a 54 anos,parque industrial,Entre R$ 2.801 e R$ 5.600,Desempregado,5,Ônibus,Sim,Um pouco das duas coisas,Sim,Melhorar o ônibus e o trânsito,2 ou 3 vezes por mês,Nunca,Zona Sul,É tudo muito caro,O que vejo no Instagram ou TikTok,"Sim, muito","Rock, Sertanejo, Eletrônica",Netflix,Instagram,Sim,"gustavo, trolando sjc, explore sjc","Páginas de Instagram (Notícias SJC, Explore SJC, Fica Dica SJC, Prefeitura SJC)",5,Centro,Os dois juntos,Melhorando,Não,Sim,Casado(a) ou morando junto,Tenho Casa Própria,Sim,Não,gosto mas falta emprego bem renumerado,São melhores,"Tenho vontade, mas não vou",Não,5,"emprego, precisa mais emprego",Sul
20/03/2026 19:34:48,Mulher Cis,25 a 34 anos,Jd. Sul,Entre R$ 2.801 e R$ 5.600,Carteira assinada (CLT),3,"Apps de transporte (Uber, 99), Ônibus, Linha Verde",Não,Uma cidade tranquila com jeito de interior,Não,"Mais festas e eventos culturais, Mais opções para sair à noite, Melhorar o ônibus e o trânsito",Toda semana,"Sim, sempre",Zona Sul,Não tem lugar legal para ir,Indicação de amigos ou família,"Não, não ligo para isso","Pop, Rock, Eletrônica, Hip Hop, Pagode/Samba","Netflix, Amazon Prime Video, Disney+, Max (HBO), Globoplay, Apple TV+, Star+, Spotify, YouTube Music",TikTok,Sim,Ana moraes,"Páginas de Instagram (Notícias SJC, Explore SJC, Fica Dica SJC, Prefeitura SJC), Conversando com amigos e família",4,Esquerda,A Prefeitura e o Governo,Melhorando,Sim,Sim,Namorando,Moro de aluguel mas quero uma casa própria,Sim,Muito,Monotoma,São melhores,Às vezes,Sim,5,,Sul
20/03/2026 19:47:29,Homem Cis,35 a 44 anos,Jd. Indústrias,Mais de R$ 26.000,Carteira assinada (CLT),4,"Carro próprio, Apps de transporte (Uber, 99)",Não,Uma cidade moderna e cheia de tecnologia,Não,"Mais festas e eventos culturais, Restaurantes e lanchonetes diferentes",Toda semana,Às vezes,"Centro / Oeste (ex: Aquarius, Vila Adyana)",Não vejo dificuldade,Indicação de amigos ou família,"Não, não ligo para isso","Rock, MPB","Netflix, Amazon Prime Video, Disney+, Apple TV+, Spotify, Game Pass",Instagram,Sim," Não sei nomes de influenciadores, mas algumas páginas como: @boracomersjc","Portais de Notícias (Meon, Life Informa, Diário de SJC, G1 Vale, 012 News), Páginas de Instagram (Notícias SJC, Explore SJC, Fica Dica SJC, Prefeitura SJC)",4,Direita,As empresas e o comércio,Do mesmo jeito,Sim,Sim,Casado(a) ou morando junto,Tenho Casa Própria,Não,Não,Ótima cidade para se viver.,São piores,Não tenho interesse,Não,,"A intenção da pesquisa é excelente, e seria interessante compartilhar os resultados. Porém, há perguntas fora de contexto e o formulário é longo, o que pode desestimular a participação.",Oeste
20/03/2026 20:20:39,Homem Trans,18 a 24 anos,Vila Ema,Entre R$ 12.001 e R$ 26.000,Dono de empresa,2,"Carro próprio, Moto própria",Não,Nenhuma delas,Não,Mais segurança,Quase nunca,"Sim, sempre",Vou em todas as regiões,Não tem lugar legal para ir,O que vejo no Instagram ou TikTok,Um pouco,"Pop, Sertanejo, Funk, Trap, Eletrônica, MPB, Pagode/Samba","Netflix, Globoplay, Spotify, YouTube Music",Instagram,Sim,Não sei os nomes…,"Páginas de Instagram (Notícias SJC, Explore SJC, Fica Dica SJC, Prefeitura SJC), Grupos de WhatsApp ou Telegram, Conversando com amigos e família",1,Prefiro não responder,Os dois juntos,Do mesmo jeito,Sim,Não,Solteiro(a),Tenho Casa Própria,Não,Muito,"Igual ontem, igual ano passado, igual sempre…",Não sei dizer,"Tenho vontade, mas não vou",Sim,3,,Centro
20/03/2026 20:31:47,Homem Cis,35 a 44 anos,Nova República ,Entre R$ 5.601 e R$ 12.000,Carteira assinada (CLT),4,"Carro próprio, Bicicleta própria, Ônibus",Sim,Um pouco das duas coisas,Sim,"Melhorar o ônibus e o trânsito, Mais segurança",Quase nunca,Às vezes,Zona Sul,É tudo muito caro,Se o lugar é bonito e agradável,"Não, não ligo para isso",Sertanejo,"Netflix, Amazon Prime Video, Max (HBO)",Nenhuma,Não,Nenhum,"Portais de Notícias (Meon, Life Informa, Diário de SJC, G1 Vale, 012 News)",1,Direita,Não sei,Melhorando,Sim,Sim,Casado(a) ou morando junto,Moro de aluguel mas quero uma casa própria,Não,Não,Muito bom pra se viver.,São melhores,"Sim, sempre",Não,4,,Sul
20/03/2026 20:38:10,Mulher Cis,35 a 44 anos,Dom Pedro II,Entre R$ 2.801 e R$ 5.600,Desempregado,4,"Carro próprio, Apps de transporte (Uber, 99), Ônibus",Sim,Um pouco das duas coisas,Sim,Melhorar o ônibus e o trânsito,Quase nunca,Às vezes,Zona Sul,Ônibus ou falta de transporte,O que vejo no Instagram ou TikTok,"Não, não ligo para isso","MPB, Gospel, Pagode/Samba",Não uso nenhum,Instagram,Sim,Jonas Almeida,"Canais de TV (Vanguarda, Thathi, Canção Nova, etc.)",4,Prefiro não responder,Os dois juntos,Piorando,Não,Sim,Casado(a) ou morando junto,Tenho Casa Própria,Sim,Muito,"Cidade que inspira crescimento, inovação, empreendedorismo e espiritualidade. ",São melhores,Às vezes,Sim,3,Saúde Pública ,Sul
20/03/2026 20:38:49,Homem Cis,35 a 44 anos,Jd oriente ,Entre R$ 5.601 e R$ 12.000,Carteira assinada (CLT),4,Carro próprio,Sim,Um pouco das duas coisas,Não,"Mais festas e eventos culturais, Mais opções para sair à noite, Restaurantes e lanchonetes diferentes",1 vez por mês,Quase nunca,Zona Sul,É tudo muito caro,O preço,"Não, não ligo para isso","Pop, Rock, MPB",Spotify,Instagram,Não,Não sei ,"Canais de TV (Vanguarda, Thathi, Canção Nova, etc.), Páginas de Instagram (Notícias SJC, Explore SJC, Fica Dica SJC, Prefeitura SJC)",1,Prefiro não responder,Os dois juntos,Melhorando,Sim,Sim,Casado(a) ou morando junto,Tenho Casa Própria,Sim,Não,Cidade boa,São melhores,Às vezes,Não,3,,Sul
20/03/2026 20:48:25,Mulher Cis,25 a 34 anos,Campos de São José ,Até R$ 2.800,Por conta própria / Bico / PJ,3,"Carro próprio, Ônibus",Não,Um pouco das duas coisas,Não,"Parques e praças mais bem cuidados, Melhorar o ônibus e o trânsito, Mais segurança",1 vez por mês,Às vezes,Vou em todas as regiões,Falta de segurança,As notas no Google,Um pouco,Rock,Amazon Prime Video,Instagram,Não,As vezes é enganação ,"Páginas de Instagram (Notícias SJC, Explore SJC, Fica Dica SJC, Prefeitura SJC)",2,Esquerda,As empresas e o comércio,Do mesmo jeito,Sim,Sim,Solteiro(a),Tenho Casa Própria,Sim,Não,"É uma cidade para viver bem, porém necessita de mais segurança e mobilidade urbana eficiente ",São melhores,Às vezes,Sim,4,Questões relacionadas ao meio ambiente e saúde ,Leste
20/03/2026 20:57:39,Mulher Cis,55 anos a 64 anos,Centro,Entre R$ 2.801 e R$ 5.600,Estudante,4,"Apps de transporte (Uber, 99), Ônibus",Sim,Um pouco das duas coisas,Sim,"Parques e praças mais bem cuidados, Melhorar o ônibus e o trânsito",2 ou 3 vezes por mês,Às vezes,"Centro / Oeste (ex: Aquarius, Vila Adyana)",Ônibus ou falta de transporte,Se é perto de casa,"Não, não ligo para isso","MPB, Pagode/Samba",Netflix,Instagram,Não,Não acompanho nenhum influenciador.,"Portais de Notícias (Meon, Life Informa, Diário de SJC, G1 Vale, 012 News), Canais de TV (Vanguarda, Thathi, Canção Nova, etc.), Páginas de Instagram (Notícias SJC, Explore SJC, Fica Dica SJC, Prefeitura SJC)",5,Esquerda,Os dois juntos,Do mesmo jeito,Sim,Sim,Solteiro(a),Moro de aluguel mas quero uma casa própria,Não,Não,Uma cidade agradável para viver.,São melhores,Às vezes,Não,,,Centro
20/03/2026 21:17:09,Mulher Cis,45 a 54 anos,Vista Verde ,Entre R$ 12.001 e R$ 26.000,Carteira assinada (CLT),4,Carro próprio,Sim,Uma cidade moderna e cheia de tecnologia,Sim,Melhorar o ônibus e o trânsito,1 vez por mês,Às vezes,Zona Norte,É tudo muito caro,Se o lugar é bonito e agradável,"Não, não ligo para isso","Sertanejo, MPB, Pagode/Samba","Netflix, Amazon Prime Video, Spotify, Game Pass",YouTube,Não,Não acompanho ,"Portais de Notícias (Meon, Life Informa, Diário de SJC, G1 Vale, 012 News), Rádios (Band Vale, CBN, Jovem Pan, Nativa, Stereo Vale, etc.), Canais de TV (Vanguarda, Thathi, Canção Nova, etc.)",2,Esquerda,Os dois juntos,Melhorando,Sim,Sim,Casado(a) ou morando junto,Tenho Casa Própria,Sim,Não,Uma fidade maravilhosa! ,São melhores,Não tenho interesse,Não,4,,Leste
20/03/2026 21:18:47,Mulher Cis,18 a 24 anos,Zona leste,Entre R$ 2.801 e R$ 5.600,Desempregado,2,"Carro alugado, Apps de transporte (Uber, 99), Ônibus",Sim,Nenhuma delas,Não,"Melhorar o ônibus e o trânsito, Mais segurança",Quase nunca,Às vezes,Zona Leste,É tudo muito caro,O preço,"Não, não ligo para isso","Rock, Gospel","Amazon Prime Video, Max (HBO), Spotify",Instagram,Não,Nenhum,"Portais de Notícias (Meon, Life Informa, Diário de SJC, G1 Vale, 012 News), Conversando com amigos e família",3,Prefiro não responder,Os dois juntos,Piorando,Sim,Não,Casado(a) ou morando junto,Moro de aluguel mas quero uma casa própria,Sim,Não,Caro e difícil de viver,Não sei dizer,"Tenho vontade, mas não vou",Sim,3,Alto nos preços dos aluguéis ,Leste
21/03/2026 10:59:30,Mulher Cis,45 a 54 anos,Bosque dos Eucaliptos,Até R$ 2.800,Por conta própria / Bico / PJ,5,"Carro próprio, Moto própria, Apps de transporte (Uber, 99), Bicicleta própria",Não,Um pouco das duas coisas,Não,"Melhorar o ônibus e o trânsito, Mais segurança",2 ou 3 vezes por mês,Às vezes,Zona Sul,Falta de segurança,Se é perto de casa,"Não, não ligo para isso",Rock,"Netflix, Amazon Prime Video, Max (HBO), Spotify",Instagram,Não,não conheço nenhum,"Portais de Notícias (Meon, Life Informa, Diário de SJC, G1 Vale, 012 News), Canais de TV (Vanguarda, Thathi, Canção Nova, etc.)",3,Direita,Os dois juntos,Piorando,Sim,Sim,Casado(a) ou morando junto,Tenho Casa Própria,Sim,Não,"uma cidade que tem uma boa estrutura, muito boa para morar",São melhores,"Tenho vontade, mas não vou",Sim,3,,Sul
21/03/2026 11:01:20,Homem Cis,25 a 34 anos,Bosque dos eucaliptos ,Entre R$ 5.601 e R$ 12.000,Carteira assinada (CLT),3,Carro alugado,Sim,Um pouco das duas coisas,Sim,Melhorar o ônibus e o trânsito,Toda semana,Às vezes,Zona Sul,É tudo muito caro,Indicação de amigos ou família,"Não, não ligo para isso","Sertanejo, Pagode/Samba",Globoplay,Instagram,Sim,Não tem ,"Portais de Notícias (Meon, Life Informa, Diário de SJC, G1 Vale, 012 News), Páginas de Instagram (Notícias SJC, Explore SJC, Fica Dica SJC, Prefeitura SJC)",4,Prefiro não responder,As empresas e o comércio,Do mesmo jeito,Não,Sim,Casado(a) ou morando junto,Moro de aluguel mas quero uma casa própria,Sim,Um pouco,Um dos melhores lugares ,São piores,Às vezes,Sim,3,,Sul
21/03/2026 11:01:26,Mulher Cis,45 a 54 anos,Jardim Aquarius ,Entre R$ 5.601 e R$ 12.000,Carteira assinada (CLT),5,Carro próprio,Sim,Uma cidade moderna e cheia de tecnologia,Sim,Restaurantes e lanchonetes diferentes,1 vez por mês,Às vezes,"Centro / Oeste (ex: Aquarius, Vila Adyana)",É tudo muito caro,O preço,"Não, não ligo para isso",MPB,"Netflix, Paramount+",Instagram,Não,Não sigo,"Portais de Notícias (Meon, Life Informa, Diário de SJC, G1 Vale, 012 News), Rádios (Band Vale, CBN, Jovem Pan, Nativa, Stereo Vale, etc.)",3,Direita,As empresas e o comércio,Melhorando,Sim,Sim,Casado(a) ou morando junto,Tenho Casa Própria,Sim,Não,Boa infraestrutura ,São melhores,Às vezes,Sim,5,Não ,Oeste
21/03/2026 11:03:11,Mulher Cis,25 a 34 anos,Campos de São José ,Entre R$ 2.801 e R$ 5.600,Carteira assinada (CLT),4,"Carro próprio, Apps de transporte (Uber, 99), Ônibus",Não,Um pouco das duas coisas,Não,"Mais festas e eventos culturais, Parques e praças mais bem cuidados, Melhorar o ônibus e o trânsito",2 ou 3 vezes por mês,Às vezes,Zona Sul,Não tem lugar legal para ir,Se é perto de casa,"Não, não ligo para isso","Pop, Eletrônica, MPB, Pagode/Samba","Netflix, Amazon Prime Video, Disney+, Max (HBO), Apple TV+, Spotify",Instagram,Sim,"Tami Arantes. Rita Coelho, Bia Machado ","Páginas de Instagram (Notícias SJC, Explore SJC, Fica Dica SJC, Prefeitura SJC)",2,Esquerda,Os dois juntos,Melhorando,Sim,Sim,Casado(a) ou morando junto,Moro de aluguel mas quero uma casa própria,Sim,Um pouco,Tem muito potencial para crescer ainda mais ,São melhores,"Tenho vontade, mas não vou",Não,3,,Leste
21/03/2026 11:14:20,Mulher Cis,25 a 34 anos,Jardim São Dimas,Entre R$ 12.001 e R$ 26.000,Carteira assinada (CLT),3,"Carro próprio, Apps de transporte (Uber, 99)",Não,Um pouco das duas coisas,Não,"Mais festas e eventos culturais, Mais opções para sair à noite, Restaurantes e lanchonetes diferentes",2 ou 3 vezes por mês,Quase nunca,"Centro / Oeste (ex: Aquarius, Vila Adyana)",É tudo muito caro,Se é perto de casa,"Não, não ligo para isso","Pop, Rock, MPB","Netflix, Amazon Prime Video, Max (HBO), Spotify",Instagram,Sim,sjc_ity,"Portais de Notícias (Meon, Life Informa, Diário de SJC, G1 Vale, 012 News), Páginas de Instagram (Notícias SJC, Explore SJC, Fica Dica SJC, Prefeitura SJC), Conversando com amigos e família",1,Esquerda,Não sei,Do mesmo jeito,Sim,Sim,Casado(a) ou morando junto,Moro de aluguel mas quero uma casa própria,Não,Não,"Cidade com boa localização, clima agradável, cheia de bolsonaristas e fanáticos políticos. A cidade tem parques legais, mas muito moradores de ruas. Tem lugares legais pra sair em alguns bairros, porém tudo é muito caro. Dependendo do bairro que você mora, a realidade não é muito boa. Falta investimento em urbanismo, e principalmente como lidar com situações climáticas adversas.",São iguais,"Sim, sempre",Não,3,,Centro
21/03/2026 19:21:42,Homem Cis,+65 anos,Jardim satélite ,Entre R$ 5.601 e R$ 12.000,Aposentado,4,Carro próprio,Sim,Um pouco das duas coisas,Não,"Parques e praças mais bem cuidados, Mais segurança",2 ou 3 vezes por mês,Quase nunca,"Centro / Oeste (ex: Aquarius, Vila Adyana)",É tudo muito caro,Indicação de amigos ou família,"Não, não ligo para isso","Pop, Rock, MPB",Não uso nenhum,YouTube,Não, Não  sigo ,"Portais de Notícias (Meon, Life Informa, Diário de SJC, G1 Vale, 012 News), Rádios (Band Vale, CBN, Jovem Pan, Nativa, Stereo Vale, etc.), Canais de TV (Vanguarda, Thathi, Canção Nova, etc.), Conversando com amigos e família",2,Direita,Os dois juntos,Melhorando,Sim,Sim,Divorciado(a),Tenho Casa Própria,Sim,Não,Agradável ,Não sei dizer,,Não,4,,Sul
21/03/2026 22:13:58,Homem Cis,+65 anos,Vista Verde ,Entre R$ 5.601 e R$ 12.000,Aposentado,5,Carro próprio,Sim,Um pouco das duas coisas,Sim,Não falta nada,Toda semana,Quase nunca,Vou em todas as regiões,Não vejo dificuldade,O preço,Um pouco,Pop,Disney+,Instagram,Não,Não conheço ninguém ,"Canais de TV (Vanguarda, Thathi, Canção Nova, etc.)",5,Direita,Os dois juntos,Melhorando,Sim,Sim,Casado(a) ou morando junto,Moro de aluguel mas quero uma casa própria,Sim,Um pouco,"Eu gosto muito, é uma maravilhosa.",São melhores,Às vezes,Não,5,Parabéns pela pesquisa.,Leste
22/03/2026 07:18:13,Homem Cis,+65 anos,Jd Alvorada ,Entre R$ 12.001 e R$ 26.000,Aposentado,5,"Carro próprio, Apps de transporte (Uber, 99), Bicicleta própria, Ônibus",Não,Um pouco das duas coisas,Não,"Mais festas e eventos culturais, Restaurantes e lanchonetes diferentes, Melhorar o ônibus e o trânsito, Mais segurança",2 ou 3 vezes por mês,Às vezes,Vou em todas as regiões,Não tem lugar legal para ir,Se o lugar é bonito e agradável,"Não, não ligo para isso","Pop, Sertanejo, Eletrônica, MPB","Netflix, Amazon Prime Video",YouTube,Não,Não sei nengum,"Páginas de Instagram (Notícias SJC, Explore SJC, Fica Dica SJC, Prefeitura SJC), Grupos de WhatsApp ou Telegram, Conversando com amigos e família",3,Direita,As empresas e o comércio,Melhorando,Sim,Sim,Casado(a) ou morando junto,Tenho Casa Própria,Sim,Não,,São iguais,Às vezes,Não,3,,Oeste
22/03/2026 09:34:20,Homem Cis,45 a 54 anos,Sao Dimas,Entre R$ 12.001 e R$ 26.000,Carteira assinada (CLT),4,"Carro próprio, Apps de transporte (Uber, 99), Ônibus",Não,Um pouco das duas coisas,Não,Mais festas e eventos culturais,Quase nunca,Às vezes,"Centro / Oeste (ex: Aquarius, Vila Adyana)",É tudo muito caro,Indicação de amigos ou família,"Não, não ligo para isso","Pop, Rock, Sertanejo","Netflix, Spotify",Facebook ,Não,"Jose, Joao, Cintia","Portais de Notícias (Meon, Life Informa, Diário de SJC, G1 Vale, 012 News), Canais de TV (Vanguarda, Thathi, Canção Nova, etc.)",4,Centro,Os dois juntos,Piorando,Sim,Sim,Casado(a) ou morando junto,Tenho Casa Própria,Sim,Um pouco,Cidade cara,São iguais,Às vezes,Não,4,Nao,Centro
22/03/2026 13:30:19,Mulher Cis,+65 anos,Vila Industrial.,Entre R$ 2.801 e R$ 5.600,Aposentado,5,Carro próprio,Não,Um pouco das duas coisas,Sim,Melhorar o ônibus e o trânsito,2 ou 3 vezes por mês,Às vezes,"Centro / Oeste (ex: Aquarius, Vila Adyana)",Não vejo dificuldade,Indicação de amigos ou família,"Não, não ligo para isso",Pagode/Samba,Netflix,Instagram,Sim,Nenhum.,"Rádios (Band Vale, CBN, Jovem Pan, Nativa, Stereo Vale, etc.)",3,Esquerda,As empresas e o comércio,Melhorando,Sim,Sim,Casado(a) ou morando junto,Tenho Casa Própria,Sim,Não,Ótima cidade pra se morar.,São melhores,Às vezes,Não,5,Fazer mais mutirão pra saúde pelo SUS.,Leste
22/03/2026 14:14:44,Homem Cis,45 a 54 anos,Jardim São Judas Tadeu ,Entre R$ 2.801 e R$ 5.600,Funcionário público,5,"Carro próprio, Ônibus",Sim,Um pouco das duas coisas,Sim,Melhorar o ônibus e o trânsito,2 ou 3 vezes por mês,Quase nunca,Zona Sul,Ônibus ou falta de transporte,Se o lugar é bonito e agradável,"Não, não ligo para isso","Rock, Sertanejo, MPB","Netflix, Amazon Prime Video, Disney+, Max (HBO), Globoplay, Star+",Facebook ,Não,Não sei,"Canais de TV (Vanguarda, Thathi, Canção Nova, etc.), Páginas de Instagram (Notícias SJC, Explore SJC, Fica Dica SJC, Prefeitura SJC)",5,Direita,Os dois juntos,Melhorando,Sim,Sim,Casado(a) ou morando junto,Tenho Casa Própria,Não,Não,Linda,São melhores,Às vezes,Não,3,Não ,Sudeste
22/03/2026 15:06:13,Mulher Cis,+65 anos,Porque Industrial ,Até R$ 2.800,Aposentado,5,Ônibus,Sim,Um pouco das duas coisas,Sim,Melhorar o ônibus e o trânsito,Quase nunca,Quase nunca,Zona Leste,Ônibus ou falta de transporte,Se o lugar é bonito e agradável,Um pouco,Sertanejo,Netflix,YouTube,Não,nem um,"Rádios (Band Vale, CBN, Jovem Pan, Nativa, Stereo Vale, etc.), Canais de TV (Vanguarda, Thathi, Canção Nova, etc.), Páginas de Instagram (Notícias SJC, Explore SJC, Fica Dica SJC, Prefeitura SJC), Conversando com amigos e família",5,Direita,Os dois juntos,Melhorando,Sim,Sim,Divorciado(a),Tenho Casa Própria,Não,Não,"Maravilhosa, eu amo minha Cidade",São melhores,"Sim, sempre",Não,5,,Sul
22/03/2026 18:36:22,Mulher Cis,+65 anos,Samtana,Entre R$ 5.601 e R$ 12.000,Aposentado,5,Carro próprio,Sim,Uma cidade moderna e cheia de tecnologia,Sim,"Melhorar o ônibus e o trânsito, Mais segurança",2 ou 3 vezes por mês,Quase nunca,Vou em todas as regiões,É tudo muito caro,Indicação de amigos ou família,"Não, não ligo para isso","MPB, Pagode/Samba","Netflix, Amazon Prime Video, Disney+, Max (HBO), Globoplay, Apple TV+, YouTube Music",Instagram,Não,Lívia ,"Portais de Notícias (Meon, Life Informa, Diário de SJC, G1 Vale, 012 News), Conversando com amigos e família",4,Prefiro não responder,Os dois juntos,Melhorando,Sim,Sim,Viúvo(a),Tenho Casa Própria,Não,Não,A cidade que eu sempre quis morar,São melhores,"Tenho vontade, mas não vou",Sim,3,"Sim, tenho visto muitas, mas muitas reclamações com relação à saúde. Pessoas esperando há anos por atendimento médico especializado, m absurdo",Norte
22/03/2026 20:43:57,Homem Cis,18 a 24 anos,Vila São Pedro ,Entre R$ 2.801 e R$ 5.600,Carteira assinada (CLT),3,"Apps de transporte (Uber, 99), Ônibus, Linha Verde",Sim,Um pouco das duas coisas,Sim,"Melhorar o ônibus e o trânsito, Mais segurança",2 ou 3 vezes por mês,Às vezes,Vou em todas as regiões,É tudo muito caro,Indicação de amigos ou família,"Não, não ligo para isso","Pop, Sertanejo, Funk, Pagode/Samba","Netflix, Spotify",Instagram,Não,Não sei ,"Portais de Notícias (Meon, Life Informa, Diário de SJC, G1 Vale, 012 News), Canais de TV (Vanguarda, Thathi, Canção Nova, etc.)",2,Prefiro não responder,As empresas e o comércio,Melhorando,Sim,Sim,Solteiro(a),Moro de aluguel mas quero uma casa própria,Sim,Um pouco,Oportunidade ,São melhores,"Tenho vontade, mas não vou",Sim,3,,Centro
22/03/2026 20:56:18,Mulher Cis,55 anos a 64 anos,Jardim Santa Júlia ,Entre R$ 5.601 e R$ 12.000,Por conta própria / Bico / PJ,5,"Carro próprio, Moto própria, Apps de transporte (Uber, 99)",Sim,Um pouco das duas coisas,Sim,Melhorar o ônibus e o trânsito,1 vez por mês,Às vezes,Zona Sul,Não vejo dificuldade,O preço,"Não, não ligo para isso","Pop, Rock","Netflix, Amazon Prime Video, Spotify, YouTube Music",Instagram,Não,Não lembro ,"Portais de Notícias (Meon, Life Informa, Diário de SJC, G1 Vale, 012 News), Páginas de Instagram (Notícias SJC, Explore SJC, Fica Dica SJC, Prefeitura SJC)",5,Direita,As empresas e o comércio,Melhorando,Sim,Sim,Casado(a) ou morando junto,Tenho Casa Própria,Sim,Não,Organizada ,São melhores,Às vezes,Não,3,Não ,Sudeste
22/03/2026 21:14:25,Mulher Cis,35 a 44 anos,Jardim Nova Michigan II,Entre R$ 2.801 e R$ 5.600,Por conta própria / Bico / PJ,4,"Carro próprio, Apps de transporte (Uber, 99), Ônibus",Sim,Um pouco das duas coisas,Não,Mais segurança,Quase nunca,Nunca,Zona Sul,Não vejo dificuldade,Indicação de amigos ou família,Um pouco,"Rock, Gospel","Netflix, Spotify",Instagram,Sim,"Sjcampos , Kelly Maria , Erika Moreira","Portais de Notícias (Meon, Life Informa, Diário de SJC, G1 Vale, 012 News), Páginas de Instagram (Notícias SJC, Explore SJC, Fica Dica SJC, Prefeitura SJC)",3,Direita,Os dois juntos,Do mesmo jeito,Não,Sim,Casado(a) ou morando junto,Moro de aluguel mas quero uma casa própria,Sim,Não,Desequilibrada ,São iguais,Às vezes,Não,5,,Leste
22/03/2026 19:51:28,Mulher Cis,+65 anos,JD.DAS INDÚSTRIAS ,Entre R$ 5.601 e R$ 12.000,Aposentado,5,Carro próprio,Sim,Um pouco das duas coisas,Sim,Mais segurança,2 ou 3 vezes por mês,Às vezes,"Centro / Oeste (ex: Aquarius, Vila Adyana)",Falta de segurança,Se o lugar é bonito e agradável,"Não, não ligo para isso","Pop, Rock","Spotify, YouTube Music",TikTok,Não,Nao conheci nenhum,"Páginas de Instagram (Notícias SJC, Explore SJC, Fica Dica SJC, Prefeitura SJC)",5,Direita,As empresas e o comércio,Melhorando,Sim,Sim,Casado(a) ou morando junto,Tenho Casa Própria,Não,Não,Espetacular ,São iguais,Às vezes,Não,5,Nao,Oeste
22/03/2026 21:28:14,Mulher Cis,45 a 54 anos,Jardim das Indústrias ,Entre R$ 2.801 e R$ 5.600,Por conta própria / Bico / PJ,4,"Carro próprio, Apps de transporte (Uber, 99)",Não,Uma cidade moderna e cheia de tecnologia,Não,"Mais festas e eventos culturais, Restaurantes e lanchonetes diferentes, Melhorar o ônibus e o trânsito, Mais segurança",2 ou 3 vezes por mês,Às vezes,Zona Sul,É tudo muito caro,O preço,"Não, não ligo para isso","Rock, Sertanejo, MPB, Pagode/Samba","Netflix, Amazon Prime Video, Spotify",Instagram,Sim,"Fica dica sjc ,parque Vicentina Aranha, Boteco de Quinta","Portais de Notícias (Meon, Life Informa, Diário de SJC, G1 Vale, 012 News), Canais de TV (Vanguarda, Thathi, Canção Nova, etc.), Páginas de Instagram (Notícias SJC, Explore SJC, Fica Dica SJC, Prefeitura SJC), Conversando com amigos e família",4,Direita,Os dois juntos,Piorando,Sim,Sim,Solteiro(a),Tenho Casa Própria,Sim,Um pouco,"Uma cidade boa ,mas está ficando muito cara e lotada ",Não sei dizer,Às vezes,Não,3,,Oeste
22/03/2026 19:31:47,Homem Cis,35 a 44 anos,Jardim Oriente,Entre R$ 2.801 e R$ 5.600,Por conta própria / Bico / PJ,5,"Carro próprio, Carro alugado, Apps de transporte (Uber, 99), Bicicleta própria, Ônibus, Linha Verde",Sim,Um pouco das duas coisas,Sim,"Parques e praças mais bem cuidados, Melhorar o ônibus e o trânsito, Mais segurança",Toda semana,Quase nunca,Vou em todas as regiões,Falta de segurança,As notas no Google,"Não, não ligo para isso","Pop, Rock, Sertanejo, Eletrônica, MPB, Pagode/Samba","Netflix, Amazon Prime Video, Disney+, Max (HBO), Globoplay, Star+, Paramount+, Deezer, YouTube Music",Instagram,Sim,Beto Oliver,"Portais de Notícias (Meon, Life Informa, Diário de SJC, G1 Vale, 012 News), Rádios (Band Vale, CBN, Jovem Pan, Nativa, Stereo Vale, etc.), Canais de TV (Vanguarda, Thathi, Canção Nova, etc.), Páginas de Instagram (Notícias SJC, Explore SJC, Fica Dica SJC, Prefeitura SJC), Grupos de WhatsApp ou Telegram",3,Direita,Os dois juntos,Melhorando,Sim,Sim,Casado(a) ou morando junto,Moro de aluguel mas quero uma casa própria,Não,Não,"Clima favorável, localização e Cultura! ",São melhores,Às vezes,Não,5,"Cultura da cidade, deve ser trabalhada por gerações! ",Sul
22/03/2026 21:28:23,Homem Cis,35 a 44 anos,Jardim América ,Entre R$ 5.601 e R$ 12.000,Carteira assinada (CLT),4,"Carro próprio, Apps de transporte (Uber, 99), Linha Verde",Sim,Um pouco das duas coisas,Sim,"Restaurantes e lanchonetes diferentes, Não falta nada",2 ou 3 vezes por mês,Às vezes,Zona Sul,É tudo muito caro,As notas no Google,"Não, não ligo para isso",Gospel,"Netflix, Amazon Prime Video",Instagram,Sim,@Sjcampos ,"Páginas de Instagram (Notícias SJC, Explore SJC, Fica Dica SJC, Prefeitura SJC)",3,Direita,Os dois juntos,Melhorando,Sim,Sim,Casado(a) ou morando junto,Moro de aluguel mas quero uma casa própria,Não,Não,"Segura, qualidade de vida",São melhores,Às vezes,Não,4,,Sul
22/03/2026 21:34:47,Mulher Cis,25 a 34 anos,Alto dos Ypês ,Até R$ 2.800,Estudante,3,"Apps de Bike, Ônibus, Linha Verde",Sim,Uma cidade moderna e cheia de tecnologia,Sim,"Mais opções para sair à noite, Melhorar o ônibus e o trânsito, Mais segurança",1 vez por mês,Quase nunca,"Centro / Oeste (ex: Aquarius, Vila Adyana)",Ônibus ou falta de transporte,O preço,"Não, não ligo para isso","Rock, MPB","Netflix, Spotify, YouTube Music",Instagram,Não,"JP Goes, sjc_ity e exploresjc","Portais de Notícias (Meon, Life Informa, Diário de SJC, G1 Vale, 012 News), Canais de TV (Vanguarda, Thathi, Canção Nova, etc.), Páginas de Instagram (Notícias SJC, Explore SJC, Fica Dica SJC, Prefeitura SJC)",4,Prefiro não responder,Os dois juntos,Do mesmo jeito,Sim,Sim,Casado(a) ou morando junto,Moro de aluguel mas quero uma casa própria,Não,Não,"Uma boa cidade pra se morar, porém muito cara pra uma cidade de interior e com péssima qualidade de serviço de transporte ",Não sei dizer,"Tenho vontade, mas não vou",Sim,5,"A segurança de São José dos Campos, não é tão perigoso mas não significa que não aconteçam como furtos, estupros, incômodos de usuários de drogas, etc. Tem que melhorar quanto a isso ",Norte
22/03/2026 21:36:43,Mulher Cis,25 a 34 anos,Campos de São José ,Entre R$ 2.801 e R$ 5.600,Carteira assinada (CLT),3,"Carro próprio, Apps de transporte (Uber, 99), Ônibus",Não,Uma cidade tranquila com jeito de interior,Não,"Mais festas e eventos culturais, Mais opções para sair à noite, Restaurantes e lanchonetes diferentes, Melhorar o ônibus e o trânsito, Mais segurança",1 vez por mês,Às vezes,Zona Sul,Não tem lugar legal para ir,Se o lugar é bonito e agradável,Um pouco,"Pop, Funk, Trap, MPB, Hip Hop, Pagode/Samba","Netflix, Amazon Prime Video, Max (HBO), Globoplay, Spotify",Instagram,Sim,Aline e Luis,"Páginas de Instagram (Notícias SJC, Explore SJC, Fica Dica SJC, Prefeitura SJC), Grupos de WhatsApp ou Telegram, Conversando com amigos e família",3,Esquerda,As empresas e o comércio,Do mesmo jeito,Sim,Sim,Namorando,Moro de aluguel mas quero uma casa própria,Sim,Não,Cidade pensada apenas para o publico classe media alta/rica,São iguais,"Tenho vontade, mas não vou",Sim,3,,Leste
22/03/2026 21:40:58,Mulher Cis,25 a 34 anos,Jardim colonial ,Até R$ 2.800,Carteira assinada (CLT),2,"Ônibus, Linha Verde",Sim,Um pouco das duas coisas,Sim,"Melhorar o ônibus e o trânsito, Mais segurança",Quase nunca,Às vezes,Zona Sul,É tudo muito caro,O preço,"Não, não ligo para isso","Pop, Sertanejo, MPB, Pagode/Samba","Netflix, Spotify, YouTube Music",Instagram,Não,Não acompanho nenhum ,"Canais de TV (Vanguarda, Thathi, Canção Nova, etc.)",1,Prefiro não responder,Não sei,Do mesmo jeito,Sim,Sim,Namorando,Moro de aluguel mas quero uma casa própria,Não,Um pouco,"Cidade cara pra tanta falta de oportunidade, educação e condições sociais ",São melhores,Às vezes,Não,3,,Sul
23/03/2026 05:57:16,Mulher Cis,+65 anos,Centro,Até R$ 2.800,Aposentado,5,"Ônibus, Linha Verde",Sim,Um pouco das duas coisas,Sim,Mais segurança,Toda semana,Às vezes,"Centro / Oeste (ex: Aquarius, Vila Adyana)",Falta de segurança,Se é perto de casa,"Não, não ligo para isso","Sertanejo, MPB, Pagode/Samba","Globoplay, YouTube Music",Facebook  e gloogle,Não,Ne hum,"Portais de Notícias (Meon, Life Informa, Diário de SJC, G1 Vale, 012 News), Canais de TV (Vanguarda, Thathi, Canção Nova, etc.), Grupos de WhatsApp ou Telegram",5,Prefiro não responder,Os dois juntos,Melhorando,Sim,Sim,Divorciado(a),Tenho Casa Própria,Não,Um pouco,Cidade moderna,Não sei dizer,Às vezes,Não,5,São José tem muita atenção com os idosos daqui🤗,Centro
23/03/2026 07:44:09,Mulher Cis,+65 anos,São Dimas,Entre R$ 2.801 e R$ 5.600,Aposentado,4,"Apps de transporte (Uber, 99)",Não,Um pouco das duas coisas,Não,Parques e praças mais bem cuidados,2 ou 3 vezes por mês,Nunca,"Centro / Oeste (ex: Aquarius, Vila Adyana)",Falta de segurança,Se é perto de casa,"Não, não ligo para isso","Rock, MPB, Pagode/Samba","Netflix, Amazon Prime Video, Globoplay",Instagram,Não,Nenhum ,"Portais de Notícias (Meon, Life Informa, Diário de SJC, G1 Vale, 012 News), Canais de TV (Vanguarda, Thathi, Canção Nova, etc.)",5,Esquerda,A Prefeitura e o Governo,Piorando,Sim,Sim,Viúvo(a),Tenho Casa Própria,Sim,Não,Cidade muito boa com péssima administração ,São iguais,Às vezes,Não,3,O corte de árvores é um absurdo ,Centro
23/03/2026 08:48:21,Mulher Cis,55 anos a 64 anos,Aquarius,Entre R$ 12.001 e R$ 26.000,Por conta própria / Bico / PJ,5,"Carro próprio, Apps de transporte (Uber, 99), Ônibus",Sim,Um pouco das duas coisas,Sim,Não falta nada,2 ou 3 vezes por mês,Quase nunca,Vou em todas as regiões,Ônibus ou falta de transporte,Se o lugar é bonito e agradável,"Não, não ligo para isso","Pop, MPB","Netflix, Amazon Prime Video, Disney+, Max (HBO), Game Pass",Instagram,Não,Nenhum,"Portais de Notícias (Meon, Life Informa, Diário de SJC, G1 Vale, 012 News), Rádios (Band Vale, CBN, Jovem Pan, Nativa, Stereo Vale, etc.), Canais de TV (Vanguarda, Thathi, Canção Nova, etc.), Páginas de Instagram (Notícias SJC, Explore SJC, Fica Dica SJC, Prefeitura SJC)",3,Direita,Os dois juntos,Do mesmo jeito,Sim,Sim,Casado(a) ou morando junto,Moro de aluguel mas quero uma casa própria,Não,Não,Cidade Boa para morar,Não sei dizer,Às vezes,Não,3,,Oeste
23/03/2026 18:09:24,Homem Cis,+65 anos,Urbanova ,Entre R$ 12.001 e R$ 26.000,Aposentado,3,Carro próprio,Não,Um pouco das duas coisas,Não,"Mais festas e eventos culturais, Melhorar o ônibus e o trânsito",Quase nunca,Às vezes,"Centro / Oeste (ex: Aquarius, Vila Adyana)",É tudo muito caro,Indicação de amigos ou família,"Não, não ligo para isso","Rock, MPB",Não uso nenhum,Instagram,Não,Não companho nenhum ,"Rádios (Band Vale, CBN, Jovem Pan, Nativa, Stereo Vale, etc.), Canais de TV (Vanguarda, Thathi, Canção Nova, etc.), Grupos de WhatsApp ou Telegram",2,Esquerda,Os dois juntos,Do mesmo jeito,Sim,Não,Casado(a) ou morando junto,Tenho Casa Própria,Não,Não,Cidade com custo de vida alto. Falta educação no trânsito.,Não sei dizer,Às vezes,Não,3,,Oeste
23/03/2026 18:16:03,Mulher Cis,+65 anos,Canindú,Até R$ 2.800,Aposentado,4,Ônibus,Sim,Uma cidade moderna e cheia de tecnologia,Sim,"Parques e praças mais bem cuidados, Melhorar o ônibus e o trânsito, Mais segurança",1 vez por mês,Às vezes,"Centro / Oeste (ex: Aquarius, Vila Adyana)",Ônibus ou falta de transporte,Indicação de amigos ou família,Um pouco,Gospel,Não uso nenhum,Instagram,Não,Nenhum,"Páginas de Instagram (Notícias SJC, Explore SJC, Fica Dica SJC, Prefeitura SJC), Conversando com amigos e família",2,Direita,As empresas e o comércio,Melhorando,Sim,Sim,Divorciado(a),Moro de aluguel mas quero uma casa própria,Não,Não,Cidade maravilhosa😍,São melhores,"Sim, sempre",Não,3,,Norte
23/03/2026 20:31:40,Homem Cis,+65 anos,Novo horizonte ,Entre R$ 2.801 e R$ 5.600,Aposentado,4,"Carro próprio, Apps de transporte (Uber, 99), Ônibus, Linha Verde",Sim,Um pouco das duas coisas,Sim,"Melhorar o ônibus e o trânsito, Mais segurança",Toda semana,Às vezes,Zona Sul,É tudo muito caro,Indicação de amigos ou família,"Não, não ligo para isso","Sertanejo, MPB","Netflix, Amazon Prime Video, Spotify",Instagram,Não,Não tenho,"Canais de TV (Vanguarda, Thathi, Canção Nova, etc.), Páginas de Instagram (Notícias SJC, Explore SJC, Fica Dica SJC, Prefeitura SJC)",4,Direita,Os dois juntos,Do mesmo jeito,Sim,Sim,Divorciado(a),Tenho Casa Própria,Não,Não,Muito boa,São melhores,Às vezes,Não,3,Educação ,Leste
23/03/2026 20:46:11,Homem Cis,35 a 44 anos,Bosque dos Eucaliptos,Entre R$ 12.001 e R$ 26.000,Carteira assinada (CLT),5,"Carro próprio, Moto própria",Não,Um pouco das duas coisas,Não,Mais festas e eventos culturais,2 ou 3 vezes por mês,Às vezes,Zona Sul,É tudo muito caro,Indicação de amigos ou família,"Não, não ligo para isso","Pop, Rock, MPB","Netflix, Amazon Prime Video, Disney+, Max (HBO), Spotify, YouTube Music",Instagram,Não,Não lembro de nenhum ,"Portais de Notícias (Meon, Life Informa, Diário de SJC, G1 Vale, 012 News), Canais de TV (Vanguarda, Thathi, Canção Nova, etc.), Páginas de Instagram (Notícias SJC, Explore SJC, Fica Dica SJC, Prefeitura SJC), Conversando com amigos e família",3,Esquerda,As empresas e o comércio,Piorando,Sim,Sim,Casado(a) ou morando junto,Tenho Casa Própria,Não,Não,,São melhores,"Tenho vontade, mas não vou",Sim,5,,Sul
23/03/2026 20:50:49,Homem Cis,35 a 44 anos,Residencial Ana Maria ,Entre R$ 5.601 e R$ 12.000,Carteira assinada (CLT),4,"Carro próprio, Apps de transporte (Uber, 99), Ônibus",Não,Um pouco das duas coisas,Não,"Mais festas e eventos culturais, Parques e praças mais bem cuidados, Melhorar o ônibus e o trânsito",2 ou 3 vezes por mês,Às vezes,Vou em todas as regiões,Falta de segurança,Se o lugar é bonito e agradável,"Não, não ligo para isso","Pop, Rock, MPB","Disney+, Max (HBO), Globoplay, Spotify, YouTube Music",Internet em geral / buscadores,Não,Nao tenjo nenhum.,"Portais de Notícias (Meon, Life Informa, Diário de SJC, G1 Vale, 012 News), Rádios (Band Vale, CBN, Jovem Pan, Nativa, Stereo Vale, etc.), Canais de TV (Vanguarda, Thathi, Canção Nova, etc.), Conversando com amigos e família",5,Esquerda,Os dois juntos,Piorando,Sim,Sim,Casado(a) ou morando junto,Tenho Casa Própria,Sim,Não,Moderna e em vias de se degradar,São melhores,"Sim, sempre",Sim,4,,Leste
23/03/2026 21:07:02,Homem Cis,35 a 44 anos,Palmeiras de São José ,Entre R$ 5.601 e R$ 12.000,Carteira assinada (CLT),2,"Carro próprio, Apps de transporte (Uber, 99)",Não,Nenhuma delas,Não,"Mais opções para sair à noite, Restaurantes e lanchonetes diferentes, Parques e praças mais bem cuidados, Mais segurança",1 vez por mês,Às vezes,Zona Leste,É tudo muito caro,As notas no Google,"Não, não ligo para isso",Sertanejo,"Netflix, Amazon Prime Video, Spotify",Instagram,Não,N/A,"Páginas de Instagram (Notícias SJC, Explore SJC, Fica Dica SJC, Prefeitura SJC), Conversando com amigos e família",3,Esquerda,Os dois juntos,Piorando,Sim,Não,Solteiro(a),Tenho Casa Própria,Sim,Um pouco,Superestimada,São melhores,Às vezes,Não,3,,Sul
23/03/2026 21:07:23,Mulher Cis,25 a 34 anos,Jd. Nova República ,Até R$ 2.800,Desempregado,4,"Apps de transporte (Uber, 99), Ônibus, Linha Verde",Sim,Uma cidade moderna e cheia de tecnologia,Não,"Melhorar o ônibus e o trânsito, Mais segurança",2 ou 3 vezes por mês,Às vezes,"Centro / Oeste (ex: Aquarius, Vila Adyana)",Ônibus ou falta de transporte,As notas no Google,"Não, não ligo para isso","Pop, Rock, Sertanejo, MPB, Hip Hop, Pagode/Samba","Amazon Prime Video, Globoplay",Instagram,Não,Não acompanho nenhum. ,"Portais de Notícias (Meon, Life Informa, Diário de SJC, G1 Vale, 012 News), Canais de TV (Vanguarda, Thathi, Canção Nova, etc.), Páginas de Instagram (Notícias SJC, Explore SJC, Fica Dica SJC, Prefeitura SJC), Conversando com amigos e família",5,Prefiro não responder,Os dois juntos,Melhorando,Sim,Sim,Namorando,Tenho Casa Própria,Sim,Não,"Uma cidade bonita, bem estruturada e localizada. ",Não sei dizer,"Sim, sempre",Sim,5,,Sul
23/03/2026 21:13:25,Homem Cis,45 a 54 anos,Santana,Entre R$ 5.601 e R$ 12.000,Carteira assinada (CLT),4,"Carro próprio, Ônibus",Não,Um pouco das duas coisas,Não,Mais festas e eventos culturais,Quase nunca,Nunca,Zona Norte,É tudo muito caro,Indicação de amigos ou família,"Não, não ligo para isso",Rock,Não uso nenhum,Instagram,Não,Não conheco,"Portais de Notícias (Meon, Life Informa, Diário de SJC, G1 Vale, 012 News)",2,Direita,Os dois juntos,Do mesmo jeito,Sim,Sim,Casado(a) ou morando junto,Tenho Casa Própria,Sim,Não,,São melhores,Às vezes,Não,4,,Norte
23/03/2026 21:20:49,Homem Cis,35 a 44 anos,Morumbi ,Entre R$ 5.601 e R$ 12.000,Carteira assinada (CLT),4,"Carro próprio, Moto própria, Apps de transporte (Uber, 99)",Não,Um pouco das duas coisas,Não,"Mais festas e eventos culturais, Melhorar o ônibus e o trânsito",2 ou 3 vezes por mês,"Sim, sempre","Centro / Oeste (ex: Aquarius, Vila Adyana)",É tudo muito caro,Indicação de amigos ou família,"Não, não ligo para isso","Pop, Rock, Sertanejo, MPB, Hip Hop, Pagode/Samba","Netflix, Globoplay, Spotify",Google ,Não,Nenhum ,"Portais de Notícias (Meon, Life Informa, Diário de SJC, G1 Vale, 012 News), Rádios (Band Vale, CBN, Jovem Pan, Nativa, Stereo Vale, etc.), Canais de TV (Vanguarda, Thathi, Canção Nova, etc.), Conversando com amigos e família",4,Esquerda,Os dois juntos,Do mesmo jeito,Sim,Sim,Casado(a) ou morando junto,Tenho Casa Própria,Não,Não,,São melhores,Às vezes,Não,3,,Sul
23/03/2026 21:24:10,Mulher Cis,45 a 54 anos,Jardim Portugal ,Entre R$ 2.801 e R$ 5.600,Desempregado,1,"Apps de transporte (Uber, 99), Ônibus",Não,Nenhuma delas,Não,"Restaurantes e lanchonetes diferentes, Parques e praças mais bem cuidados, Melhorar o ônibus e o trânsito, Mais segurança",Quase nunca,Nunca,Zona Sul,É tudo muito caro,Se é perto de casa,"Não, não ligo para isso",Gospel,"Netflix, Amazon Prime Video, Spotify",Nenhuma ,Não,Não conheço nenhum,Não acompanho as notícias da cidade,1,Direita,Os dois juntos,Do mesmo jeito,Não,Não,Solteiro(a),Moro de aluguel mas quero uma casa própria,Sim,Não,,Não sei dizer,"Tenho vontade, mas não vou",Sim,1,Ter mais oportunidades de emprego para os novos moradores,Sul
23/03/2026 21:29:42,Mulher Cis,25 a 34 anos,Santana,Entre R$ 5.601 e R$ 12.000,Desempregado,4,"Carro próprio, Apps de transporte (Uber, 99), Ônibus, Linha Verde",Sim,Uma cidade tranquila com jeito de interior,Não,"Mais opções para sair à noite, Melhorar o ônibus e o trânsito",Toda semana,Quase nunca,"Centro / Oeste (ex: Aquarius, Vila Adyana)",Ônibus ou falta de transporte,Se o lugar é bonito e agradável,"Não, não ligo para isso","Pop, Rock",Globoplay,Instagram,Sim,"lugaresdovale, eagoragemeos, miadissima","Páginas de Instagram (Notícias SJC, Explore SJC, Fica Dica SJC, Prefeitura SJC), Conversando com amigos e família",3,Esquerda,Os dois juntos,Melhorando,Sim,Sim,Namorando,Moro de aluguel mas quero uma casa própria,Não,Um pouco,"Uma boa cidade, mas precisa de atenção na parte de transporte e opções de eventos culturais mais variadas",São melhores,"Sim, sempre",Sim,5,"Acho interessante opções mais diversificadas de eventos culturais gratuitos. Basicamente, se você não gosta de sertanejo, todas as suas opções são pagas. Ou então, são eventos focados em gastronomia. Gostaria de ver mais feiras de livros, de artesanato, eventos diferenciados como o mercado místico que havia no shopping oriente, e que dessem força para artistas locais (como bandas independentes, escritores ou tatuadores por exemplo). Também há uma cena geek considerável na cidade, seria legal mais eventos relacionados a RPG de mesa ou card games. Por fim, acho interessante haver feiras de estágio/emprego (já vi acontecer aqui quando a própria empresa organiza, mas nada com várias empresas ou com parceria com alguma universidade).",Norte
24/03/2026 08:15:30,Homem Cis,45 a 54 anos,Vila Betânia ,Entre R$ 12.001 e R$ 26.000,Dono de empresa,4,"Carro próprio, Apps de transporte (Uber, 99)",Sim,Uma cidade moderna e cheia de tecnologia,Sim,"Mais opções para sair à noite, Restaurantes e lanchonetes diferentes",2 ou 3 vezes por mês,Às vezes,"Centro / Oeste (ex: Aquarius, Vila Adyana)",É tudo muito caro,Indicação de amigos ou família,"Não, não ligo para isso","Pop, Sertanejo, MPB","Netflix, Amazon Prime Video, Max (HBO), Apple TV+, YouTube Music",Instagram,Não,Nenhum ,Conversando com amigos e família,4,Direita,As empresas e o comércio,Do mesmo jeito,Sim,Sim,Casado(a) ou morando junto,Tenho Casa Própria,Sim,Não,Cidadão sendo explorado pela prefeitura devido ao aumento abusivo do IPTU.,São melhores,Às vezes,Sim,4,,Centro
24/03/2026 20:42:10,Homem Cis,18 a 24 anos,Aquarius,Entre R$ 2.801 e R$ 5.600,Estudante,5,"Carro próprio, Bicicleta própria, Ônibus",Sim,Uma cidade moderna e cheia de tecnologia,Não,"Mais festas e eventos culturais, Mais opções para sair à noite, Restaurantes e lanchonetes diferentes",2 ou 3 vezes por mês,Às vezes,"Centro / Oeste (ex: Aquarius, Vila Adyana)",Não tem lugar legal para ir,Se o lugar é bonito e agradável,"Não, não ligo para isso","Pop, Rock, Eletrônica","Netflix, Disney+, Max (HBO), Star+, YouTube Music",Instagram,Não,Nenhum,"Páginas de Instagram (Notícias SJC, Explore SJC, Fica Dica SJC, Prefeitura SJC), Conversando com amigos e família",3,Direita,Os dois juntos,Melhorando,Sim,Sim,Solteiro(a),Tenho Casa Própria,Não,Um pouco,O lugar perfeito para se viver,São melhores,Não tenho interesse,Sim,5,Não,Oeste
24/03/2026 23:41:23,Homem Cis,55 anos a 64 anos,Jardim das Indústrias ,Entre R$ 12.001 e R$ 26.000,Carteira assinada (CLT),5,Carro próprio,Sim,Um pouco das duas coisas,Sim,Melhorar o ônibus e o trânsito,2 ou 3 vezes por mês,Às vezes,"Centro / Oeste (ex: Aquarius, Vila Adyana)",Não vejo dificuldade,Se o lugar é bonito e agradável,"Não, não ligo para isso","Pop, Rock, MPB","Netflix, Amazon Prime Video, Max (HBO), Spotify",Instagram,Sim,Aventuragens,"Portais de Notícias (Meon, Life Informa, Diário de SJC, G1 Vale, 012 News), Grupos de WhatsApp ou Telegram",4,Direita,Os dois juntos,Melhorando,Sim,Sim,Casado(a) ou morando junto,Tenho Casa Própria,Sim,Não,"Quase perfeita, só falta a praia. ",São melhores,Às vezes,Sim,5,"A cidade deveria ter Museus, um deles, e bem completo, sobre Aviação! O atual não agrada. ",Oeste
24/03/2026 23:45:00,Homem Cis,35 a 44 anos,Jardim das Industrias,Entre R$ 5.601 e R$ 12.000,Carteira assinada (CLT),4,"Apps de transporte (Uber, 99), Ônibus",Sim,Um pouco das duas coisas,Sim,"Mais opções para sair à noite, Melhorar o ônibus e o trânsito",Toda semana,Quase nunca,Vou em todas as regiões,Ônibus ou falta de transporte,O que vejo no Instagram ou TikTok,Um pouco,"Pop, Eletrônica, MPB","Netflix, Amazon Prime Video, Disney+, Globoplay, Spotify",Instagram,Sim,"Lugaresdovale, explorandoporai, sanjadicas","Portais de Notícias (Meon, Life Informa, Diário de SJC, G1 Vale, 012 News), Páginas de Instagram (Notícias SJC, Explore SJC, Fica Dica SJC, Prefeitura SJC)",4,Centro,Não sei,Melhorando,Sim,Sim,Solteiro(a),Moro de aluguel mas quero uma casa própria,Sim,Não,"Tranquilidade, sem abrir mão das comodidades",São melhores,"Tenho vontade, mas não vou",Não,5,Mais transporte publico aos finais de semana,Oeste
25/03/2026 14:29:50,Homem Cis,+65 anos,Vista Verde ,Entre R$ 5.601 e R$ 12.000,Aposentado,5,"Carro próprio, Carro alugado, Apps de transporte (Uber, 99)",Sim,Uma cidade moderna e cheia de tecnologia,Sim,Não falta nada,1 vez por mês,Às vezes,"Centro / Oeste (ex: Aquarius, Vila Adyana)",Não vejo dificuldade,Se o lugar é bonito e agradável,"Não, não ligo para isso","Pop, Sertanejo, Pagode/Samba","Netflix, Apple TV+",Facebook ,Não,Não acompanho influenciadores,"Portais de Notícias (Meon, Life Informa, Diário de SJC, G1 Vale, 012 News)",4,Direita,As empresas e o comércio,Melhorando,Não,Sim,Casado(a) ou morando junto,Tenho Casa Própria,Não,Não,"Não perfeita, mas maravilhosa.",São melhores,Às vezes,Sim,4,"Sobre opções dê viagens de aviões.
O aeroporto de São José está melhorando mas ainda dependemos dos aeroporto de São Paulo e Guarulhos.",Leste
25/03/2026 15:59:05,Homem Cis,35 a 44 anos,Jd Aquarius,Entre R$ 12.001 e R$ 26.000,Dono de empresa,5,"Carro próprio, Apps de transporte (Uber, 99)",Sim,Um pouco das duas coisas,Sim,Mais segurança,Toda semana,"Sim, sempre","Centro / Oeste (ex: Aquarius, Vila Adyana)",Não vejo dificuldade,O que vejo no Instagram ou TikTok,Um pouco,"Pop, Rock, Eletrônica","Netflix, Max (HBO), Spotify",Instagram,Sim,"Edu e Camila (SJC_ity) , Trollando São José , sigo muitos em SJC, agora não lembro nome","Rádios (Band Vale, CBN, Jovem Pan, Nativa, Stereo Vale, etc.), Páginas de Instagram (Notícias SJC, Explore SJC, Fica Dica SJC, Prefeitura SJC)",5,Direita,Os dois juntos,Melhorando,Sim,Sim,Casado(a) ou morando junto,Tenho Casa Própria,Sim,Um pouco,"Cidade grande com qualidade de vida de interior , ótima localização perto do que preciso (família no Sul de Mg, praia, Serra, capital , aeroporto) ",São melhores,"Sim, sempre",Sim,4,,Oeste
25/03/2026 17:52:12,Mulher Cis,16 a 17 anos,Vila Machado,Entre R$ 2.801 e R$ 5.600,Estudante,3,"Apps de transporte (Uber, 99), Apps de Bike, Patinete Alugado, Ônibus",Não,Um pouco das duas coisas,Sim,"Mais festas e eventos culturais, Restaurantes e lanchonetes diferentes, Parques e praças mais bem cuidados, Mais segurança",2 ou 3 vezes por mês,"Sim, sempre",Zona Norte,Falta de segurança,O preço,"Não, não ligo para isso","Sertanejo, Funk","Amazon Prime Video, Globoplay",Instagram,Não,Não sei,"Portais de Notícias (Meon, Life Informa, Diário de SJC, G1 Vale, 012 News), Páginas de Instagram (Notícias SJC, Explore SJC, Fica Dica SJC, Prefeitura SJC), Grupos de WhatsApp ou Telegram",1,Centro,A Prefeitura e o Governo,Melhorando,Sim,Não,Namorando,Moro de aluguel mas quero uma casa própria,Sim,Muito,Tranquila e calma ,São melhores,"Tenho vontade, mas não vou",Sim,3,,Norte
25/03/2026 17:55:55,Mulher Cis,16 a 17 anos,Vila São Geraldo,Até R$ 2.800,Carteira assinada (CLT),2,"Moto própria, Apps de transporte (Uber, 99), Ônibus",Sim,Uma cidade tranquila com jeito de interior,Sim,"Restaurantes e lanchonetes diferentes, Parques e praças mais bem cuidados, Melhorar o ônibus e o trânsito",Toda semana,"Sim, sempre",Zona Leste,Ônibus ou falta de transporte,O preço,"Sim, muito","Pop, Rock, Sertanejo, Trap, Hip Hop","Netflix, Max (HBO), Star+, Game Pass",TikTok,Sim,Kelly Maria,"Páginas de Instagram (Notícias SJC, Explore SJC, Fica Dica SJC, Prefeitura SJC), Grupos de WhatsApp ou Telegram",1,Esquerda,Os dois juntos,Do mesmo jeito,Não,Sim,Namorando,Moro de aluguel mas quero uma casa própria,Sim,Muito,Desenvolvimento e estrutura ,São iguais,Não tenho interesse,Sim,3,,Norte
25/03/2026 17:59:26,Homem Cis,+65 anos,Chácaras Oliveira ,Até R$ 2.800,Aposentado,4,Ônibus,Sim,Uma cidade moderna e cheia de tecnologia,Sim,Melhorar o ônibus e o trânsito,Toda semana,Às vezes,"Centro / Oeste (ex: Aquarius, Vila Adyana)",É tudo muito caro,Se o lugar é bonito e agradável,Um pouco,Eletrônica,Spotify,Instagram,Não,Não acompanho nenhum ,"Portais de Notícias (Meon, Life Informa, Diário de SJC, G1 Vale, 012 News), Páginas de Instagram (Notícias SJC, Explore SJC, Fica Dica SJC, Prefeitura SJC)",3,Direita,As empresas e o comércio,Melhorando,Não,Sim,Divorciado(a),Tenho Casa Própria,Sim,Não,Completa ,São melhores,Às vezes,Sim,4,Não ,Norte
25/03/2026 18:35:30,Mulher Cis,16 a 17 anos,Vila Adriana,Até R$ 2.800,Estudante,3,"Apps de transporte (Uber, 99), Ônibus",Não,Um pouco das duas coisas,Não,"Mais opções para sair à noite, Parques e praças mais bem cuidados, Melhorar o ônibus e o trânsito, Mais segurança",Toda semana,Às vezes,Zona Sul,Ônibus ou falta de transporte,O preço,Um pouco,"Trap, Hip Hop","Netflix, Game Pass, PlayStation Plus",Instagram,Não,Não sei,"Portais de Notícias (Meon, Life Informa, Diário de SJC, G1 Vale, 012 News), Páginas de Instagram (Notícias SJC, Explore SJC, Fica Dica SJC, Prefeitura SJC), Grupos de WhatsApp ou Telegram, Conversando com amigos e família",1,Direita,Não sei,Piorando,Não,Não,Solteiro(a),Moro de aluguel e não quero adquirir uma casa própria,Sim,Um pouco,Uma cidade legal mas tem melhores rs,São piores,"Sim, sempre",Sim,3,Sobre a melhoria das ciclovias nas áreas periféricas,Sudeste
25/03/2026 18:37:45,Homem Cis,16 a 17 anos,Putim,Entre R$ 2.801 e R$ 5.600,Estudante,1,"Apps de transporte (Uber, 99), Apps de Bike, Patinete próprio, Ônibus",Não,Uma cidade tranquila com jeito de interior,Não,"Mais festas e eventos culturais, Mais segurança",Toda semana,"Sim, sempre",Zona Sul,Falta de segurança,Se o lugar é bonito e agradável,Um pouco,"Pop, Rock, Trap, Eletrônica, MPB, Hip Hop","Netflix, Apple TV+, PlayStation Plus",Instagram,Sim,Chefe do benéficio Busca Busca ,"Portais de Notícias (Meon, Life Informa, Diário de SJC, G1 Vale, 012 News), Páginas de Instagram (Notícias SJC, Explore SJC, Fica Dica SJC, Prefeitura SJC), Conversando com amigos e família",1,Centro,A Prefeitura e o Governo,Do mesmo jeito,Sim,Sim,Solteiro(a),Moro de aluguel mas quero uma casa própria,Sim,Muito,Legal e triste ao mesmo tempo,São iguais,Às vezes,Não,1,O aumento de moradores de rua principalmente na região da rodoviária velha ,Sudeste
25/03/2026 18:42:16,Homem Cis,18 a 24 anos,Residencial São Francisco,Entre R$ 2.801 e R$ 5.600,Estudante,3,"Apps de transporte (Uber, 99), Patinete próprio, Ônibus, Linha Verde",Não,Nenhuma delas,Não,"Mais festas e eventos culturais, Mais opções para sair à noite, Restaurantes e lanchonetes diferentes, Parques e praças mais bem cuidados, Melhorar o ônibus e o trânsito, Mais segurança",Quase nunca,Às vezes,Zona Leste,Falta de segurança,Se é perto de casa,Um pouco,"Pop, Rock, Sertanejo, Hip Hop, Gospel, Pagode/Samba","Netflix, Star+, Deezer",YouTube,Não,Pamela do Skate,"Páginas de Instagram (Notícias SJC, Explore SJC, Fica Dica SJC, Prefeitura SJC), Grupos de WhatsApp ou Telegram",1,Esquerda,A Prefeitura e o Governo,Melhorando,Sim,Não,Solteiro(a),Moro de aluguel e não quero adquirir uma casa própria,Sim,Um pouco,Péssimo pra viver e gestão ridícula desse prefeito de merda. Não basta isso ainda tem escândalo com amante. São José é isso a representação da falência da família tradicional,São iguais,Às vezes,Sim,3,Sobre esportes principalmente esportes radicais que podem melhorar na cidade. Somos a terra de uma campeã do skate e nada disso importa pra Prefeitura.,Sudeste
25/03/2026 18:44:55,Mulher Cis,25 a 34 anos,Majestic,Entre R$ 2.801 e R$ 5.600,Carteira assinada (CLT),4,"Carro próprio, Moto própria, Apps de transporte (Uber, 99)",Sim,Uma cidade tranquila com jeito de interior,Sim,Parques e praças mais bem cuidados,Toda semana,Quase nunca,"Centro / Oeste (ex: Aquarius, Vila Adyana)",É tudo muito caro,O preço,"Sim, muito",Sertanejo,"Netflix, Apple TV+, Deezer",Instagram,Não,Não lembro ,"Canais de TV (Vanguarda, Thathi, Canção Nova, etc.), Páginas de Instagram (Notícias SJC, Explore SJC, Fica Dica SJC, Prefeitura SJC), Grupos de WhatsApp ou Telegram, Conversando com amigos e família",3,Direita,As empresas e o comércio,Do mesmo jeito,Não,Sim,Namorando,Tenho Casa Própria,Sim,Um pouco,Uma cidade boa ,São piores,"Sim, sempre",Não,4,"Em bairros mais nobres os PETs vivem melhor mas nas periferias não tem lugar pra poder fazer coisas com o cachorro, falta isso",Leste
25/03/2026 18:47:36,Mulher Cis,18 a 24 anos,Bom Retiro,Até R$ 2.800,Carteira assinada (CLT),2,"Carro próprio, Apps de transporte (Uber, 99), Ônibus",Sim,Uma cidade moderna e cheia de tecnologia,Sim,"Mais opções para sair à noite, Melhorar o ônibus e o trânsito, Mais segurança",Toda semana,Às vezes,Zona Leste,É tudo muito caro,O preço,"Sim, muito","Eletrônica, Hip Hop","Netflix, Globoplay, Deezer",Instagram,Não,Yanna Nunes,"Páginas de Instagram (Notícias SJC, Explore SJC, Fica Dica SJC, Prefeitura SJC), Grupos de WhatsApp ou Telegram, Conversando com amigos e família",3,Direita,As empresas e o comércio,Piorando,Sim,Sim,Solteiro(a),Moro de aluguel e não quero adquirir uma casa própria,Não,Não,Cidade pra quem quer crescer mas precisa trabalhar muito,São piores,Às vezes,Sim,3,Queria que tivesse perguntado mais sobre as falcatruas do prefeito,Leste
25/03/2026 18:50:45,Homem Cis,16 a 17 anos,Jardins Terras do Sul,Até R$ 2.800,Carteira assinada (CLT),3,Moto própria,Não,Uma cidade tranquila com jeito de interior,Sim,"Parques e praças mais bem cuidados, Mais segurança",2 ou 3 vezes por mês,Às vezes,Zona Sul,Não tem lugar legal para ir,Se o lugar é bonito e agradável,"Sim, muito","Rock, Sertanejo, Funk, Trap, Eletrônica","Netflix, Amazon Prime Video, Spotify",Instagram,Sim,"Yuri Alberto, MC Paiva","Canais de TV (Vanguarda, Thathi, Canção Nova, etc.), Páginas de Instagram (Notícias SJC, Explore SJC, Fica Dica SJC, Prefeitura SJC), Grupos de WhatsApp ou Telegram",1,Esquerda,Os dois juntos,Do mesmo jeito,Não,Não,Namorando,Moro de aluguel mas quero uma casa própria,Sim,Muito,Uma cidade gostosa mas que faltam mulheres gostosas,São piores,"Tenho vontade, mas não vou",Sim,4,Nada,Sul
25/03/2026 18:52:47,Mulher Cis,16 a 17 anos,Vila Paiva,Entre R$ 2.801 e R$ 5.600,Estudante,1,"Carro próprio, Bicicleta própria",Sim,Uma cidade moderna e cheia de tecnologia,Sim,Restaurantes e lanchonetes diferentes,Quase nunca,Nunca,Zona Leste,Falta de segurança,Indicação de amigos ou família,Um pouco,"Rock, Funk, Eletrônica","Netflix, Star+, YouTube Music",YouTube,Não,Não sei,"Rádios (Band Vale, CBN, Jovem Pan, Nativa, Stereo Vale, etc.), Canais de TV (Vanguarda, Thathi, Canção Nova, etc.), Páginas de Instagram (Notícias SJC, Explore SJC, Fica Dica SJC, Prefeitura SJC), Conversando com amigos e família",3,Direita,As empresas e o comércio,Do mesmo jeito,Sim,Sim,Solteiro(a),Moro de aluguel mas quero uma casa própria,Sim,Um pouco,Feliz no simples e sempre no estilo,São piores,Às vezes,Não,3,,Norte
25/03/2026 19:11:39,Mulher Cis,25 a 34 anos,Jardim Limoeiro,Entre R$ 5.601 e R$ 12.000,Carteira assinada (CLT),4,"Moto alugada, Apps de transporte (Uber, 99), Ônibus",Sim,Uma cidade tranquila com jeito de interior,Sim,"Mais festas e eventos culturais, Restaurantes e lanchonetes diferentes",2 ou 3 vezes por mês,"Sim, sempre",Zona Leste,É tudo muito caro,O preço,Um pouco,"Rock, Sertanejo","Amazon Prime Video, Star+",YouTube,Sim,Não lembro,Não acompanho as notícias da cidade,1,Centro,As empresas e o comércio,Do mesmo jeito,Não,Não,Namorando,Moro de aluguel mas quero uma casa própria,Não,Muito,Cidade pra quem quer crescer mas sem muita opção de vida a noite ,Não sei dizer,"Tenho vontade, mas não vou",Não,3,,Oeste
25/03/2026 19:17:37,Mulher Cis,35 a 44 anos,Jardim Estoril,Entre R$ 5.601 e R$ 12.000,Dono de empresa,2,"Moto própria, Apps de transporte (Uber, 99)",Não,Uma cidade tranquila com jeito de interior,Não,"Mais festas e eventos culturais, Mais opções para sair à noite, Melhorar o ônibus e o trânsito",Toda semana,Às vezes,Zona Leste,Ônibus ou falta de transporte,O que vejo no Instagram ou TikTok,Um pouco,"Rock, Sertanejo, Trap","Disney+, Paramount+",YouTube,Sim,Não sei,"Rádios (Band Vale, CBN, Jovem Pan, Nativa, Stereo Vale, etc.), Conversando com amigos e família",3,Centro,As empresas e o comércio,Melhorando,Sim,Sim,Solteiro(a),Moro de aluguel mas quero uma casa própria,Sim,Não,Cidade que falta muita coisa,São piores,Não tenho interesse,Não,3,,Sul
25/03/2026 19:20:31,Mulher Cis,35 a 44 anos,Jardim Telespark,Entre R$ 5.601 e R$ 12.000,Estudante,3,"Moto própria, Apps de transporte (Uber, 99)",Não,Uma cidade tranquila com jeito de interior,Não,"Mais opções para sair à noite, Restaurantes e lanchonetes diferentes, Mais segurança",1 vez por mês,Quase nunca,Zona Leste,É tudo muito caro,Indicação de amigos ou família,"Não, não ligo para isso","Pop, Funk","Netflix, Globoplay",Instagram,Sim,Carlos Abranches,"Rádios (Band Vale, CBN, Jovem Pan, Nativa, Stereo Vale, etc.), Grupos de WhatsApp ou Telegram, Não acompanho as notícias da cidade",2,Centro,As empresas e o comércio,Do mesmo jeito,Não,Não,Casado(a) ou morando junto,Moro de aluguel mas quero uma casa própria,Sim,Não,Cidade rica demais pra ser tão pobre em alguns aspectos. Nosso Parque Tecnológico é só pra quem é amigo de alguém na Prefeitura,São piores,Às vezes,Não,1,,Norte
25/03/2026 19:22:54,Mulher Cis,16 a 17 anos,Residencial Primavera,Entre R$ 5.601 e R$ 12.000,Funcionário público,2,"Carro próprio, Apps de transporte (Uber, 99), Patinete próprio, Ônibus",Não,Nenhuma delas,Não,Melhorar o ônibus e o trânsito,1 vez por mês,Quase nunca,Zona Sul,Não tem lugar legal para ir,Indicação de amigos ou família,Um pouco,"Pop, Trap, Hip Hop","Netflix, Globoplay, Deezer",TikTok,Não,Não sie,"Canais de TV (Vanguarda, Thathi, Canção Nova, etc.), Conversando com amigos e família",2,Direita,Os dois juntos,Do mesmo jeito,Não,Não,Namorando,Moro de aluguel e não quero adquirir uma casa própria,Não,Não,Não tenho nada de bom e nem nada de mal,São piores,"Sim, sempre",Não,4,,Sul
25/03/2026 19:26:08,Mulher Cis,16 a 17 anos,Vila Paiva,Até R$ 2.800,Estudante,1,"Apps de transporte (Uber, 99), Ônibus",Não,Um pouco das duas coisas,Não,Mais segurança,2 ou 3 vezes por mês,Às vezes,Zona Norte,O trânsito,O preço,Um pouco,Sertanejo,"Netflix, Globoplay, Deezer",TikTok,Não,Não lembro de sjc,"Rádios (Band Vale, CBN, Jovem Pan, Nativa, Stereo Vale, etc.), Grupos de WhatsApp ou Telegram, Conversando com amigos e família",1,Direita,Os dois juntos,Piorando,Sim,Não,Divorciado(a),Moro de aluguel mas quero uma casa própria,Não,Um pouco,Rica e luxuosa ,São iguais,"Tenho vontade, mas não vou",Não,5,,Norte
25/03/2026 19:29:36,Mulher Cis,16 a 17 anos,Vila Cristina,Entre R$ 5.601 e R$ 12.000,Estudante,3,"Apps de transporte (Uber, 99), Apps de Bike, Ônibus, Linha Verde",Não,Uma cidade tranquila com jeito de interior,Não,"Mais festas e eventos culturais, Parques e praças mais bem cuidados, Mais segurança",2 ou 3 vezes por mês,Quase nunca,Zona Sul,É tudo muito caro,O preço,"Sim, muito",Trap,"Netflix, Disney+, Deezer, YouTube Music, Game Pass",Instagram,Não,Naos ei,"Portais de Notícias (Meon, Life Informa, Diário de SJC, G1 Vale, 012 News), Rádios (Band Vale, CBN, Jovem Pan, Nativa, Stereo Vale, etc.), Conversando com amigos e família",4,Centro,As empresas e o comércio,Do mesmo jeito,Sim,Sim,Namorando,Moro de aluguel e não quero adquirir uma casa própria,Não,Um pouco,"A minha cidade, independente de como seja",Não sei dizer,Às vezes,Não,2,,Norte
25/03/2026 19:32:56,Homem Cis,35 a 44 anos,Alto da Ponte,Entre R$ 5.601 e R$ 12.000,Carteira assinada (CLT),3,"Carro próprio, Apps de transporte (Uber, 99), Apps de Bike",Sim,Um pouco das duas coisas,Não,"Mais opções para sair à noite, Parques e praças mais bem cuidados",1 vez por mês,Quase nunca,Zona Norte,Não tem lugar legal para ir,O que vejo no Instagram ou TikTok,"Não, não ligo para isso",Pop,"Netflix, Star+",TikTok,Não,Não sei,"Canais de TV (Vanguarda, Thathi, Canção Nova, etc.), Conversando com amigos e família",4,Centro,As empresas e o comércio,Do mesmo jeito,Não,Não,Casado(a) ou morando junto,Moro de aluguel e não quero adquirir uma casa própria,Não,Muito,Cara faltam muitas coisas nas áreas periféricas mas o aquarius e o Urbanava são lindos,São piores,"Tenho vontade, mas não vou",Não,2,,Norte
25/03/2026 19:41:13,Homem Cis,16 a 17 anos,Recanto dos eucaliptos,Entre R$ 2.801 e R$ 5.600,Estudante,2,"Apps de transporte (Uber, 99), Bicicleta própria, Ônibus",Não,Nenhuma delas,Não,Restaurantes e lanchonetes diferentes,2 ou 3 vezes por mês,Às vezes,Zona Sul,Não tem lugar legal para ir,Se o lugar é bonito e agradável,Um pouco,"Sertanejo, Pagode/Samba","Netflix, Deezer",TikTok,Não,MC Paiva,"Portais de Notícias (Meon, Life Informa, Diário de SJC, G1 Vale, 012 News), Grupos de WhatsApp ou Telegram",3,Direita,Não sei,Do mesmo jeito,Não,Não,Namorando,Moro de aluguel e não quero adquirir uma casa própria,Não,Não,Muito simples pra o que poderia ser,Não sei dizer,"Tenho vontade, mas não vou",Não,3,,Sudeste
25/03/2026 19:43:11,Mulher Cis,16 a 17 anos,Santa Inês I,Até R$ 2.800,Estudante,1,Ônibus,Não,Uma cidade tranquila com jeito de interior,Não,"Mais festas e eventos culturais, Mais opções para sair à noite, Mais segurança",1 vez por mês,Quase nunca,Zona Leste,Não tem lugar legal para ir,O que vejo no Instagram ou TikTok,"Não, não ligo para isso",Sertanejo,"Globoplay, Apple TV+",TikTok,Não,Não sei,"Portais de Notícias (Meon, Life Informa, Diário de SJC, G1 Vale, 012 News), Rádios (Band Vale, CBN, Jovem Pan, Nativa, Stereo Vale, etc.), Conversando com amigos e família",4,Direita,Os dois juntos,Melhorando,Sim,Não,Namorando,Moro de aluguel mas quero uma casa própria,Não,Um pouco,Pra mim é suficiente e não tenho outras referências ,São iguais,Às vezes,Sim,5,,Leste
25/03/2026 19:46:22,Mulher Cis,16 a 17 anos,Vila Tatetuba,Até R$ 2.800,Estudante,2,Ônibus,Não,Uma cidade moderna e cheia de tecnologia,Sim,"Mais opções para sair à noite, Mais segurança",2 ou 3 vezes por mês,Quase nunca,Zona Leste,Falta de segurança,Se o lugar é bonito e agradável,Um pouco,Sertanejo,"Amazon Prime Video, Max (HBO), Star+",YouTube,Sim,Sjcmilgrau,"Portais de Notícias (Meon, Life Informa, Diário de SJC, G1 Vale, 012 News), Canais de TV (Vanguarda, Thathi, Canção Nova, etc.), Conversando com amigos e família",1,Esquerda,As empresas e o comércio,Piorando,Não,Não,Namorando,Moro de aluguel e não quero adquirir uma casa própria,Não,Um pouco,Minha cidade linda mas que precisa melhorar muito principalmente com mais mulheres na política local,São piores,Às vezes,Sim,1,,Leste
26/03/2026 21:07:40,Homem Cis,25 a 34 anos,Parque dos Ipes ,Até R$ 2.800,Carteira assinada (CLT),4,Ônibus,Sim,Um pouco das duas coisas,Sim,Melhorar o ônibus e o trânsito,2 ou 3 vezes por mês,Às vezes,Zona Sul,Não vejo dificuldade,Se é perto de casa,Um pouco,Eletrônica,Netflix,TikTok,Não,Nenhum ,"Canais de TV (Vanguarda, Thathi, Canção Nova, etc.)",4,Esquerda,A Prefeitura e o Governo,Do mesmo jeito,Sim,Sim,Solteiro(a),Moro de aluguel mas quero uma casa própria,Sim,Não,,São melhores,"Tenho vontade, mas não vou",Sim,5,"Valor do aluguel do imóvel, está absurdamente caro morar em São José, os proprietários perderam a noção e estão cobrando muito alto os aluguéis, estão pedindo 1k em 2 comados e nem fica em áreas valorizadas. ",Sul
26/03/2026 21:08:32,Mulher Cis,35 a 44 anos,Tesouro,Entre R$ 5.601 e R$ 12.000,Carteira assinada (CLT),4,Carro próprio,Sim,Uma cidade tranquila com jeito de interior,Não,"Mais festas e eventos culturais, Melhorar o ônibus e o trânsito, Mais segurança",2 ou 3 vezes por mês,"Sim, sempre",Vou em todas as regiões,Falta de segurança,As notas no Google,"Não, não ligo para isso","Pop, Rock, Sertanejo, MPB","Netflix, Amazon Prime Video, Disney+, Spotify, YouTube Music",YouTube,Não,Não acompanho ninguém.,"Rádios (Band Vale, CBN, Jovem Pan, Nativa, Stereo Vale, etc.)",3,Prefiro não responder,Os dois juntos,Do mesmo jeito,Sim,Sim,Casado(a) ou morando junto,Tenho Casa Própria,Não,Não,Os cidadãos que nasceram em São José são mal educados.,São piores,Não tenho interesse,Não,3,Não.,Leste
26/03/2026 21:26:16,Mulher Cis,18 a 24 anos,Altos do Caetê ,Entre R$ 2.801 e R$ 5.600,Carteira assinada (CLT),2,"Apps de Bike, Ônibus, Linha Verde",Não,Uma cidade tranquila com jeito de interior,Não,"Mais opções para sair à noite, Mais segurança",1 vez por mês,Nunca,Zona Sul,É tudo muito caro,Se o lugar é bonito e agradável,Um pouco,"Pop, Sertanejo, Funk","Disney+, Spotify, PlayStation Plus",TikTok,Não,Não sei ,"Portais de Notícias (Meon, Life Informa, Diário de SJC, G1 Vale, 012 News), Páginas de Instagram (Notícias SJC, Explore SJC, Fica Dica SJC, Prefeitura SJC)",2,Direita,Os dois juntos,Do mesmo jeito,Sim,Não,Solteiro(a),Tenho Casa Própria,Sim,Um pouco,Simples ,São piores,Não tenho interesse,Sim,2,Não.,Norte
26/03/2026 21:27:28,Mulher Cis,45 a 54 anos,Jardim do Céu ,Entre R$ 5.601 e R$ 12.000,Funcionário público,3,"Apps de transporte (Uber, 99), Ônibus, Linha Verde",Não,Nenhuma delas,Não,"Mais festas e eventos culturais, Mais opções para sair à noite, Parques e praças mais bem cuidados, Melhorar o ônibus e o trânsito, Mais segurança",Quase nunca,Quase nunca,Zona Sul,É tudo muito caro,As notas no Google,"Não, não ligo para isso",Rock,"Netflix, Disney+, Max (HBO), Globoplay, Spotify",Instagram,Não,"Juliana Fraga, Carlos Abranches","Portais de Notícias (Meon, Life Informa, Diário de SJC, G1 Vale, 012 News), Canais de TV (Vanguarda, Thathi, Canção Nova, etc.), Páginas de Instagram (Notícias SJC, Explore SJC, Fica Dica SJC, Prefeitura SJC)",3,Esquerda,As empresas e o comércio,Piorando,Sim,Sim,Divorciado(a),Moro de aluguel mas quero uma casa própria,Sim,Não,"Uma cidade maravilhosa, porém cheia de problemas ",São melhores,"Tenho vontade, mas não vou",Não,3,,Sul
26/03/2026 21:33:27,Homem Cis,+65 anos,Vila Ema ,Entre R$ 5.601 e R$ 12.000,Aposentado,4,Carro próprio,Sim,Uma cidade moderna e cheia de tecnologia,Sim,Mais segurança,1 vez por mês,Às vezes,"Centro / Oeste (ex: Aquarius, Vila Adyana)",Não vejo dificuldade,Indicação de amigos ou família,Um pouco,Pop,YouTube Music,YouTube,Não,Não sigo influência ,"Portais de Notícias (Meon, Life Informa, Diário de SJC, G1 Vale, 012 News)",3,Direita,Os dois juntos,Melhorando,Não,Sim,Casado(a) ou morando junto,Tenho Casa Própria,Não,Não,É uma cidade referência ,São melhores,Às vezes,Não,,Saúde pública ,Centro
26/03/2026 21:34:45,Mulher Cis,55 anos a 64 anos,Jardim das Indústrias ,Entre R$ 12.001 e R$ 26.000,Aposentado,4,Carro próprio,Sim,Um pouco das duas coisas,Não,"Mais festas e eventos culturais, Mais opções para sair à noite, Restaurantes e lanchonetes diferentes",2 ou 3 vezes por mês,"Sim, sempre",Zona Sul,Não vejo dificuldade,As notas no Google,Um pouco,"Pop, Rock, MPB","Netflix, YouTube Music",Instagram,Sim,"Sanjadicas, Sanjadrones, sanjatraining","Portais de Notícias (Meon, Life Informa, Diário de SJC, G1 Vale, 012 News), Rádios (Band Vale, CBN, Jovem Pan, Nativa, Stereo Vale, etc.), Canais de TV (Vanguarda, Thathi, Canção Nova, etc.), Páginas de Instagram (Notícias SJC, Explore SJC, Fica Dica SJC, Prefeitura SJC)",5,Direita,Os dois juntos,Melhorando,Sim,Sim,Casado(a) ou morando junto,Tenho Casa Própria,Não,Não,Em desenvolvimento ,São melhores,"Sim, sempre",Sim,3,,Oeste
26/03/2026 23:00:14,Homem Cis,+65 anos,J satélite ,Entre R$ 5.601 e R$ 12.000,Aposentado,5,Carro próprio,Sim,Uma cidade moderna e cheia de tecnologia,Não,Mais festas e eventos culturais,Quase nunca,Às vezes,Zona Sul,Não vejo dificuldade,Se o lugar é bonito e agradável,"Não, não ligo para isso",Rock,Netflix,Instagram,Não,Nenhum ,"Canais de TV (Vanguarda, Thathi, Canção Nova, etc.), Páginas de Instagram (Notícias SJC, Explore SJC, Fica Dica SJC, Prefeitura SJC)",5,Esquerda,As empresas e o comércio,Do mesmo jeito,Sim,Sim,Casado(a) ou morando junto,Tenho Casa Própria,Sim,Não,"Ótima cidade muito limpa , saúde boa",São melhores,Não tenho interesse,Sim,5,,Sul
27/03/2026 00:51:40,Homem Cis,45 a 54 anos,Santa fé putim ,Entre R$ 2.801 e R$ 5.600,Carteira assinada (CLT),4,Carro próprio,Sim,Um pouco das duas coisas,Não,"Mais festas e eventos culturais, Mais opções para sair à noite, Restaurantes e lanchonetes diferentes, Parques e praças mais bem cuidados, Melhorar o ônibus e o trânsito, Mais segurança",Quase nunca,Nunca,Vou em todas as regiões,O trânsito,As notas no Google,"Não, não ligo para isso","Pop, Rock, Sertanejo, Funk, Eletrônica, Hip Hop, Pagode/Samba","Max (HBO), Spotify, YouTube Music",Instagram,Não,Nenhum ,"Portais de Notícias (Meon, Life Informa, Diário de SJC, G1 Vale, 012 News), Rádios (Band Vale, CBN, Jovem Pan, Nativa, Stereo Vale, etc.), Canais de TV (Vanguarda, Thathi, Canção Nova, etc.), Páginas de Instagram (Notícias SJC, Explore SJC, Fica Dica SJC, Prefeitura SJC), Grupos de WhatsApp ou Telegram, Conversando com amigos e família",5,Direita,As empresas e o comércio,Do mesmo jeito,Sim,Sim,Solteiro(a),Tenho Casa Própria,Sim,Muito,Se não fosse os políticos ruins São José seria a número um ,Não sei dizer,"Tenho vontade, mas não vou",Não,5,Está boa a pesquisa ,Sudeste
27/03/2026 01:03:08,Outros,45 a 54 anos,Satélite ,Entre R$ 5.601 e R$ 12.000,Funcionário público,5,Carro próprio,Sim,Um pouco das duas coisas,Sim,"Melhorar o ônibus e o trânsito, Mais segurança",1 vez por mês,Às vezes,Zona Norte,É tudo muito caro,As notas no Google,"Não, não ligo para isso","Pop, Rock, Sertanejo, MPB, Hip Hop, Pagode/Samba",Netflix,Instagram,Não,Não conheço ,"Portais de Notícias (Meon, Life Informa, Diário de SJC, G1 Vale, 012 News), Rádios (Band Vale, CBN, Jovem Pan, Nativa, Stereo Vale, etc.), Páginas de Instagram (Notícias SJC, Explore SJC, Fica Dica SJC, Prefeitura SJC)",5,Direita,Os dois juntos,Melhorando,Sim,Sim,Casado(a) ou morando junto,Tenho Casa Própria,Sim,Não,,São melhores,Às vezes,Sim,5,,Sul
27/03/2026 01:45:57,Mulher Cis,35 a 44 anos,Urbanova,Mais de R$ 26.000,Por conta própria / Bico / PJ,4,Carro próprio,Não,Um pouco das duas coisas,Não,"Mais festas e eventos culturais, Melhorar o ônibus e o trânsito",1 vez por mês,Quase nunca,"Centro / Oeste (ex: Aquarius, Vila Adyana)",Não tem lugar legal para ir,O que vejo no Instagram ou TikTok,"Não, não ligo para isso","Rock, MPB","Netflix, Amazon Prime Video, Disney+, Max (HBO), Globoplay, Spotify",Instagram,Sim,@casalsjc,"Portais de Notícias (Meon, Life Informa, Diário de SJC, G1 Vale, 012 News), Páginas de Instagram (Notícias SJC, Explore SJC, Fica Dica SJC, Prefeitura SJC)",2,Esquerda,Os dois juntos,Do mesmo jeito,Sim,Não,Casado(a) ou morando junto,Tenho Casa Própria,Sim,Não,Elitista e conservadora.,São piores,Não tenho interesse,Sim,3,,Oeste
27/03/2026 01:54:14,Mulher Cis,45 a 54 anos,Satélite ,Entre R$ 2.801 e R$ 5.600,Por conta própria / Bico / PJ,3,"Apps de transporte (Uber, 99)",Sim,Um pouco das duas coisas,Sim,"Parques e praças mais bem cuidados, Mais segurança",Quase nunca,Às vezes,"Centro / Oeste (ex: Aquarius, Vila Adyana)",É tudo muito caro,O que vejo no Instagram ou TikTok,"Não, não ligo para isso","Pop, MPB, Gospel",Netflix,Instagram,Não,O desesquerdisador,"Canais de TV (Vanguarda, Thathi, Canção Nova, etc.), Páginas de Instagram (Notícias SJC, Explore SJC, Fica Dica SJC, Prefeitura SJC)",3,Direita,Os dois juntos,Piorando,Sim,Sim,Solteiro(a),Moro de aluguel mas quero uma casa própria,Sim,Não,A melhor do Vale ,São melhores,"Tenho vontade, mas não vou",Sim,1,Os animais de rua ,Sul
27/03/2026 06:56:28,Mulher Cis,45 a 54 anos,Jardim das colinas,Mais de R$ 26.000,Dono de empresa,5,"Carro próprio, Carro alugado, Apps de transporte (Uber, 99), Bicicleta própria",Sim,Um pouco das duas coisas,Sim,Melhorar o ônibus e o trânsito,2 ou 3 vezes por mês,Quase nunca,"Centro / Oeste (ex: Aquarius, Vila Adyana)",Não vejo dificuldade,Se o lugar é bonito e agradável,"Não, não ligo para isso","Pop, Rock, Funk, Eletrônica, MPB, Pagode/Samba","Netflix, Amazon Prime Video, Disney+, Max (HBO), Apple TV+, Spotify",Instagram,Sim,Casalsjc KellyMaria e Jonas Almeida ,"Portais de Notícias (Meon, Life Informa, Diário de SJC, G1 Vale, 012 News), Páginas de Instagram (Notícias SJC, Explore SJC, Fica Dica SJC, Prefeitura SJC)",5,Direita,Os dois juntos,Melhorando,Sim,Sim,Casado(a) ou morando junto,Moro de aluguel mas quero uma casa própria,Não,Não,Casa,São melhores,"Tenho vontade, mas não vou",Sim,5,,Oeste
27/03/2026 09:20:30,Homem Cis,45 a 54 anos,Ismênia ,Entre R$ 5.601 e R$ 12.000,Carteira assinada (CLT),4,"Carro próprio, Moto própria",Não,Um pouco das duas coisas,Não,"Mais festas e eventos culturais, Mais opções para sair à noite, Parques e praças mais bem cuidados",Toda semana,Às vezes,Zona Leste,É tudo muito caro,O preço,"Não, não ligo para isso","Pop, Rock, Sertanejo","Netflix, Globoplay, Spotify",Instagram,Não,Nenhum,"Portais de Notícias (Meon, Life Informa, Diário de SJC, G1 Vale, 012 News)",4,Centro,As empresas e o comércio,Do mesmo jeito,Sim,Não,Solteiro(a),Tenho Casa Própria,Sim,Não,"Cara, com opções caras",São piores,Não tenho interesse,Sim,4,,Leste
27/03/2026 14:20:54,Homem Cis,25 a 34 anos,Vila Rossi,Até R$ 2.800,Carteira assinada (CLT),3,"Carro próprio, Apps de transporte (Uber, 99), Apps de Bike, Ônibus",Sim,Uma cidade moderna e cheia de tecnologia,Não,"Mais festas e eventos culturais, Mais opções para sair à noite, Melhorar o ônibus e o trânsito, Mais segurança",Toda semana,Às vezes,Zona Norte,Falta de segurança,O preço,"Sim, muito",Sertanejo,"Netflix, Apple TV+, Paramount+, Game Pass",YouTube,Não,Não sei,"Portais de Notícias (Meon, Life Informa, Diário de SJC, G1 Vale, 012 News), Páginas de Instagram (Notícias SJC, Explore SJC, Fica Dica SJC, Prefeitura SJC), Grupos de WhatsApp ou Telegram",1,Direita,A Prefeitura e o Governo,Do mesmo jeito,Não,Não,Namorando,Tenho Casa Própria,Sim,Um pouco,"Linda, muito bonita",São melhores,"Sim, sempre",Sim,2,,Norte
27/03/2026 14:23:15,Mulher Cis,25 a 34 anos,Vila Adriana,Entre R$ 2.801 e R$ 5.600,Por conta própria / Bico / PJ,2,"Apps de transporte (Uber, 99)",Não,Uma cidade tranquila com jeito de interior,Não,"Mais festas e eventos culturais, Parques e praças mais bem cuidados",Toda semana,Quase nunca,"Centro / Oeste (ex: Aquarius, Vila Adyana)",Falta de segurança,O preço,"Não, não ligo para isso","Sertanejo, Eletrônica","Amazon Prime Video, Spotify",TikTok,Sim,Yuri Alberto,"Portais de Notícias (Meon, Life Informa, Diário de SJC, G1 Vale, 012 News), Páginas de Instagram (Notícias SJC, Explore SJC, Fica Dica SJC, Prefeitura SJC)",3,Centro,As empresas e o comércio,Do mesmo jeito,Não,Sim,Solteiro(a),Moro de aluguel mas quero uma casa própria,Não,Não,Bom pra se viver ,São iguais,Às vezes,Sim,1,,Sudeste
27/03/2026 14:25:18,Mulher Cis,35 a 44 anos,Jardim Coqueiro,Entre R$ 2.801 e R$ 5.600,Funcionário público,3,"Carro próprio, Apps de Bike, Ônibus",Não,Um pouco das duas coisas,Não,"Parques e praças mais bem cuidados, Mais segurança",1 vez por mês,Às vezes,Zona Leste,Ônibus ou falta de transporte,O que vejo no Instagram ou TikTok,"Não, não ligo para isso","Rock, Trap","Disney+, Spotify",Facebook,Sim,Yanna Nunes,"Portais de Notícias (Meon, Life Informa, Diário de SJC, G1 Vale, 012 News), Grupos de WhatsApp ou Telegram",3,Centro,Não sei,Do mesmo jeito,Não,Não,Casado(a) ou morando junto,Moro de aluguel e não quero adquirir uma casa própria,Não,Um pouco,"Já foi melhor, eu lembro que antes era bem mais gostoso agora com esse trânsito...",São iguais,Às vezes,Não,3,,Leste
27/03/2026 14:29:05,Homem Cis,35 a 44 anos,São Francisco Xavier,Entre R$ 12.001 e R$ 26.000,Dono de empresa,5,Carro próprio,Sim,Uma cidade tranquila com jeito de interior,Não,"Mais opções para sair à noite, Melhorar o ônibus e o trânsito",1 vez por mês,Quase nunca,"Centro / Oeste (ex: Aquarius, Vila Adyana)",É tudo muito caro,O preço,"Sim, muito","Rock, Eletrônica, MPB","Netflix, Amazon Prime Video, Globoplay, Apple TV+, PlayStation Plus",Instagram,Não,Não sei,"Rádios (Band Vale, CBN, Jovem Pan, Nativa, Stereo Vale, etc.), Grupos de WhatsApp ou Telegram, Conversando com amigos e família",3,Esquerda,A Prefeitura e o Governo,Piorando,Não,Não,Casado(a) ou morando junto,Tenho Casa Própria,Sim,Um pouco,Agitada na parte urbana e tranquila na parte rural,São iguais,Às vezes,Sim,4,,Norte
27/03/2026 14:31:12,Mulher Cis,25 a 34 anos,Jardim Estoril,Entre R$ 2.801 e R$ 5.600,Funcionário público,3,"Carro alugado, Apps de transporte (Uber, 99), Linha Verde",Não,Uma cidade tranquila com jeito de interior,Não,"Mais festas e eventos culturais, Restaurantes e lanchonetes diferentes, Parques e praças mais bem cuidados, Mais segurança",2 ou 3 vezes por mês,Às vezes,Zona Sul,É tudo muito caro,O preço,Um pouco,Sertanejo,"Netflix, Globoplay, Star+, Deezer",TikTok,Não,Não sei ,"Portais de Notícias (Meon, Life Informa, Diário de SJC, G1 Vale, 012 News), Canais de TV (Vanguarda, Thathi, Canção Nova, etc.), Grupos de WhatsApp ou Telegram",1,Direita,As empresas e o comércio,Do mesmo jeito,Sim,Não,Casado(a) ou morando junto,Moro de aluguel mas quero uma casa própria,Sim,Um pouco,A melhor cidade se você deseja uma vida mais calma mas sem abrir mão de comodidades,São melhores,"Tenho vontade, mas não vou",Não,3,,Sul
27/03/2026 14:32:57,Mulher Cis,35 a 44 anos,São Francisco Xavier,Entre R$ 2.801 e R$ 5.600,Estudante,1,Moto própria,Não,Um pouco das duas coisas,Não,"Mais opções para sair à noite, Restaurantes e lanchonetes diferentes, Melhorar o ônibus e o trânsito",2 ou 3 vezes por mês,Às vezes,Zona Sul,Falta de segurança,Indicação de amigos ou família,"Não, não ligo para isso","Funk, Trap","Netflix, Disney+, Max (HBO), Paramount+, PlayStation Plus",YouTube,Não,Marcela Mesquita,"Portais de Notícias (Meon, Life Informa, Diário de SJC, G1 Vale, 012 News), Canais de TV (Vanguarda, Thathi, Canção Nova, etc.), Páginas de Instagram (Notícias SJC, Explore SJC, Fica Dica SJC, Prefeitura SJC)",3,Direita,As empresas e o comércio,Piorando,Não,Sim,Solteiro(a),Moro de aluguel mas quero uma casa própria,Sim,Muito,Minha cidade,São piores,Às vezes,Sim,3,,Norte
27/03/2026 14:55:52,Homem Cis,18 a 24 anos,CTA,Entre R$ 5.601 e R$ 12.000,Estudante,3,"Carro próprio, Ônibus",Sim,Uma cidade moderna e cheia de tecnologia,Sim,"Mais festas e eventos culturais, Parques e praças mais bem cuidados",Toda semana,Às vezes,"Centro / Oeste (ex: Aquarius, Vila Adyana)",Ônibus ou falta de transporte,O que vejo no Instagram ou TikTok,Um pouco,"Rock, Sertanejo, MPB",Spotify,Instagram,Não,Não recordo ,"Portais de Notícias (Meon, Life Informa, Diário de SJC, G1 Vale, 012 News), Canais de TV (Vanguarda, Thathi, Canção Nova, etc.), Conversando com amigos e família",1,Direita,Os dois juntos,Do mesmo jeito,Sim,Sim,Namorando,Tenho Casa Própria,Sim,Um pouco,Muita tecnologia e muita inovação ,São iguais,Às vezes,Não,4,,Centro
27/03/2026 14:57:54,Mulher Cis,35 a 44 anos,Jardim Motorama,Entre R$ 5.601 e R$ 12.000,Funcionário público,3,"Apps de transporte (Uber, 99)",Não,Um pouco das duas coisas,Não,Restaurantes e lanchonetes diferentes,1 vez por mês,Às vezes,Zona Leste,Falta de segurança,O preço,"Sim, muito",MPB,"Globoplay, Deezer, Game Pass",YouTube,Não,Não sei,"Portais de Notícias (Meon, Life Informa, Diário de SJC, G1 Vale, 012 News), Canais de TV (Vanguarda, Thathi, Canção Nova, etc.)",3,Direita,Os dois juntos,Melhorando,Sim,Sim,Divorciado(a),Moro de aluguel e não quero adquirir uma casa própria,Não,Um pouco,Boa mas falta melhorar muito a saúde ,São piores,"Tenho vontade, mas não vou",Não,4,,Leste
27/03/2026 15:01:04,Mulher Cis,25 a 34 anos,Residencial Primavera,Entre R$ 2.801 e R$ 5.600,Carteira assinada (CLT),3,"Carro alugado, Apps de transporte (Uber, 99), Ônibus",Não,Nenhuma delas,Sim,Parques e praças mais bem cuidados,1 vez por mês,Quase nunca,Zona Sul,Não tem lugar legal para ir,Se é perto de casa,"Não, não ligo para isso","Pop, Rock, Sertanejo, Funk, Trap","Disney+, Spotify",TikTok,Sim,Jonas Almeida ,"Portais de Notícias (Meon, Life Informa, Diário de SJC, G1 Vale, 012 News), Canais de TV (Vanguarda, Thathi, Canção Nova, etc.), Conversando com amigos e família",4,Centro,As empresas e o comércio,Do mesmo jeito,Não,Não,Casado(a) ou morando junto,Moro de aluguel mas quero uma casa própria,Sim,Um pouco,Nada demais ,São iguais,Às vezes,Não,2,,Sul
27/03/2026 15:06:33,Mulher Cis,35 a 44 anos,Vila Zizinha,Entre R$ 5.601 e R$ 12.000,Por conta própria / Bico / PJ,2,"Moto própria, Apps de transporte (Uber, 99), Patinete próprio, Patinete Alugado, Ônibus",Não,Um pouco das duas coisas,Não,"Mais opções para sair à noite, Melhorar o ônibus e o trânsito",Toda semana,Às vezes,Zona Sul,Falta de segurança,Indicação de amigos ou família,Um pouco,"Sertanejo, Funk, Hip Hop","Netflix, Globoplay, Star+, Spotify, Game Pass",TikTok,Não,Pamela Skate,"Portais de Notícias (Meon, Life Informa, Diário de SJC, G1 Vale, 012 News), Páginas de Instagram (Notícias SJC, Explore SJC, Fica Dica SJC, Prefeitura SJC)",3,Esquerda,A Prefeitura e o Governo,Melhorando,Sim,Sim,Casado(a) ou morando junto,Moro de aluguel mas quero uma casa própria,Não,Um pouco,A minha cidade poderia ser mais gentil com os jovens e os idosos,São melhores,Às vezes,Não,2,,Norte
27/03/2026 15:10:57,Mulher Cis,18 a 24 anos,Vila Ema,Entre R$ 5.601 e R$ 12.000,Carteira assinada (CLT),3,"Carro próprio, Apps de transporte (Uber, 99), Apps de Bike, Patinete Alugado",Não,Uma cidade moderna e cheia de tecnologia,Não,"Mais festas e eventos culturais, Restaurantes e lanchonetes diferentes, Melhorar o ônibus e o trânsito",2 ou 3 vezes por mês,Às vezes,"Centro / Oeste (ex: Aquarius, Vila Adyana)",Falta de segurança,Se o lugar é bonito e agradável,Um pouco,"MPB, Pagode/Samba","Netflix, Globoplay, Spotify",Instagram,Sim,Não soe,"Rádios (Band Vale, CBN, Jovem Pan, Nativa, Stereo Vale, etc.), Canais de TV (Vanguarda, Thathi, Canção Nova, etc.)",3,Esquerda,Não sei,Do mesmo jeito,Sim,Não,Namorando,Moro de aluguel mas quero uma casa própria,Não,Muito,A região que eu moro é muito boa mas as periferias ainda sofrem,São iguais,"Tenho vontade, mas não vou",Não,3,,Centro
27/03/2026 15:18:18,Mulher Cis,35 a 44 anos,Jardim Santa Inês III,Até R$ 2.800,Carteira assinada (CLT),1,"Apps de transporte (Uber, 99), Ônibus",Não,Nenhuma delas,Não,"Mais festas e eventos culturais, Restaurantes e lanchonetes diferentes, Parques e praças mais bem cuidados, Melhorar o ônibus e o trânsito, Mais segurança",2 ou 3 vezes por mês,Às vezes,Zona Norte,Falta de segurança,Indicação de amigos ou família,Um pouco,"Sertanejo, MPB, Gospel","Netflix, Star+, Spotify",TikTok,Não,Kelly Maria ,"Portais de Notícias (Meon, Life Informa, Diário de SJC, G1 Vale, 012 News), Rádios (Band Vale, CBN, Jovem Pan, Nativa, Stereo Vale, etc.), Canais de TV (Vanguarda, Thathi, Canção Nova, etc.), Páginas de Instagram (Notícias SJC, Explore SJC, Fica Dica SJC, Prefeitura SJC)",1,Prefiro não responder,As empresas e o comércio,Do mesmo jeito,Não,Não,Casado(a) ou morando junto,Tenho Casa Própria,Não,Um pouco,Lazer só pra quem tem dinheiro ,São piores,"Tenho vontade, mas não vou",Não,3,,Leste
27/03/2026 15:29:52,Mulher Cis,16 a 17 anos,Jardim Esmeralda,Até R$ 2.800,Estudante,2,"Apps de Bike, Patinete Alugado, Ônibus",Não,Uma cidade tranquila com jeito de interior,Não,"Mais festas e eventos culturais, Parques e praças mais bem cuidados, Mais segurança",Quase nunca,Quase nunca,Zona Sul,É tudo muito caro,O preço,"Não, não ligo para isso",Sertanejo,"Netflix, Star+, Deezer",TikTok,Não,jeitojessicadeser,"Portais de Notícias (Meon, Life Informa, Diário de SJC, G1 Vale, 012 News), Canais de TV (Vanguarda, Thathi, Canção Nova, etc.), Grupos de WhatsApp ou Telegram",3,Centro,Os dois juntos,Do mesmo jeito,Não,Não,Solteiro(a),Moro de aluguel e não quero adquirir uma casa própria,Não,Não,"Uma cidade boa, grande mas que falta muita coisa an área da saúde e da segurança ",Não sei dizer,"Tenho vontade, mas não vou",Não,4,,Norte
27/03/2026 15:33:32,Mulher Cis,25 a 34 anos,Bairrinho,Entre R$ 2.801 e R$ 5.600,Carteira assinada (CLT),3,"Carro próprio, Apps de transporte (Uber, 99), Ônibus",Não,Uma cidade tranquila com jeito de interior,Não,"Mais opções para sair à noite, Parques e praças mais bem cuidados",2 ou 3 vezes por mês,Às vezes,Zona Leste,Não tem lugar legal para ir,O preço,"Não, não ligo para isso",Sertanejo,"Netflix, Star+",TikTok,Não,Carolina Castro ,"Portais de Notícias (Meon, Life Informa, Diário de SJC, G1 Vale, 012 News), Páginas de Instagram (Notícias SJC, Explore SJC, Fica Dica SJC, Prefeitura SJC)",2,Centro,As empresas e o comércio,Melhorando,Sim,Sim,Casado(a) ou morando junto,Moro de aluguel mas quero uma casa própria,Não,Um pouco,Uma cidade que eu tenho medo de circular. A gente que é mulher tem que tomar atenção redobrada. E não é só a noite não! De dia as ruas vazias andando sozinha me dá medo. Desde que sofri uma tentativa de assédio no ônibus nunca mais me senti segura e só ando de Uber e sempre compartilho com alguém a localização ,São iguais,"Tenho vontade, mas não vou",Não,2,,Leste
27/03/2026 15:54:33,Homem Cis,18 a 24 anos,Jardim Maringá ,Entre R$ 5.601 e R$ 12.000,Carteira assinada (CLT),3,"Carro próprio, Apps de transporte (Uber, 99), Ônibus",Não,Uma cidade tranquila com jeito de interior,Não,"Mais festas e eventos culturais, Restaurantes e lanchonetes diferentes, Melhorar o ônibus e o trânsito",2 ou 3 vezes por mês,Quase nunca,Zona Sul,Não tem lugar legal para ir,O preço,Um pouco,"Funk, Trap","Netflix, Apple TV+, Game Pass",TikTok,Sim,MC Paiva ,"Portais de Notícias (Meon, Life Informa, Diário de SJC, G1 Vale, 012 News), Canais de TV (Vanguarda, Thathi, Canção Nova, etc.), Conversando com amigos e família",4,Direita,Os dois juntos,Piorando,Não,Não,Solteiro(a),Moro de aluguel e não quero adquirir uma casa própria,Não,Não,"Muito calma, acabaram com as adegas que era a única diversão ",São iguais,Às vezes,Não,4,Sobre o trânsito caótico as 18hrs ,Centro
27/03/2026 15:56:50,Mulher Cis,25 a 34 anos,Jardim Santa Maria,Até R$ 2.800,Carteira assinada (CLT),4,"Apps de transporte (Uber, 99), Ônibus",Não,Uma cidade moderna e cheia de tecnologia,Não,"Mais festas e eventos culturais, Mais opções para sair à noite, Restaurantes e lanchonetes diferentes, Parques e praças mais bem cuidados, Melhorar o ônibus e o trânsito, Mais segurança",Toda semana,Às vezes,Zona Leste,Não tem lugar legal para ir,Se o lugar é bonito e agradável,"Não, não ligo para isso","Sertanejo, Trap","Netflix, Deezer",TikTok,Sim,exploresjc,"Portais de Notícias (Meon, Life Informa, Diário de SJC, G1 Vale, 012 News), Rádios (Band Vale, CBN, Jovem Pan, Nativa, Stereo Vale, etc.), Grupos de WhatsApp ou Telegram",3,Centro,A Prefeitura e o Governo,Do mesmo jeito,Não,Não,Namorando,Moro de aluguel mas quero uma casa própria,Não,Muito,"O crescimento da cidade não acompanha o crescimento da população, faltam muitas atividades e divulgar melhor principalmente as coisas da Fundação cultural",São iguais,Não tenho interesse,Não,4,,Leste
27/03/2026 16:38:32,Mulher Cis,25 a 34 anos,Jardim da Granja,Entre R$ 2.801 e R$ 5.600,Por conta própria / Bico / PJ,3,Carro alugado,Não,Uma cidade tranquila com jeito de interior,Não,"Mais festas e eventos culturais, Melhorar o ônibus e o trânsito",2 ou 3 vezes por mês,Às vezes,Zona Leste,Não vejo dificuldade,Indicação de amigos ou família,"Não, não ligo para isso","Pop, MPB","Netflix, Spotify, Game Pass",TikTok,Sim,Não sei,"Portais de Notícias (Meon, Life Informa, Diário de SJC, G1 Vale, 012 News), Canais de TV (Vanguarda, Thathi, Canção Nova, etc.), Grupos de WhatsApp ou Telegram, Conversando com amigos e família",3,Direita,Os dois juntos,Piorando,Não,Não,Solteiro(a),Moro de aluguel mas quero uma casa própria,Não,Não,Cidade tranquila do interior ,São iguais,Não tenho interesse,Não,3,,Sudeste
27/03/2026 19:26:48,Homem Cis,45 a 54 anos,Jardim Jussara ,Até R$ 2.800,Por conta própria / Bico / PJ,3,"Carro próprio, Apps de transporte (Uber, 99), Bicicleta própria, Ônibus",Não,Nenhuma delas,Não,"Melhorar o ônibus e o trânsito, Mais segurança",2 ou 3 vezes por mês,Às vezes,Zona Norte,O trânsito,Se é perto de casa,"Não, não ligo para isso","Pop, Sertanejo, MPB",Netflix,Instagram,Não,Na,"Canais de TV (Vanguarda, Thathi, Canção Nova, etc.)",5,Prefiro não responder,As empresas e o comércio,Piorando,Sim,Sim,Casado(a) ou morando junto,Moro de aluguel mas quero uma casa própria,Não,Não,Ser cidade com realidade boa para moradores natos ou seja melhorar muito serviços públicos voltado para população.,São melhores,"Sim, sempre",Não,2,"Sobre sistemas de trânsito que não funciona tal semáforo inteligente quando aumenta volume de veículos nas vias trava tudo até mesmo ambulância ficando travada no trânsito e bairros próximos região ficando saturados.....
Funciona só no papel realidade é outra.",Centro
27/03/2026 19:37:49,Mulher Cis,45 a 54 anos,Urbanova ,Entre R$ 12.001 e R$ 26.000,Dono de empresa,4,Carro próprio,Sim,Uma cidade tranquila com jeito de interior,Não,Melhorar o ônibus e o trânsito,1 vez por mês,Às vezes,"Centro / Oeste (ex: Aquarius, Vila Adyana)",É tudo muito caro,Indicação de amigos ou família,"Não, não ligo para isso","Pop, Rock, MPB, Pagode/Samba","Netflix, Amazon Prime Video, Disney+, Spotify",Instagram,Sim,Revista Urbanova,"Rádios (Band Vale, CBN, Jovem Pan, Nativa, Stereo Vale, etc.)",3,Direita,As empresas e o comércio,Melhorando,Sim,Sim,Casado(a) ou morando junto,Tenho Casa Própria,Sim,Não,"Cidade maravilhosa, principalmente pela localidade.",São melhores,Às vezes,Sim,4,,Oeste
27/03/2026 19:49:24,Homem Cis,55 anos a 64 anos,Floradas de São José ,Mais de R$ 26.000,Carteira assinada (CLT),4,"Carro próprio, Apps de transporte (Uber, 99), Bicicleta própria",Não,Nenhuma delas,Sim,"Mais festas e eventos culturais, Parques e praças mais bem cuidados, Mais segurança",2 ou 3 vezes por mês,Às vezes,Vou em todas as regiões,Não tem lugar legal para ir,Indicação de amigos ou família,"Não, não ligo para isso","Pop, Rock, MPB","Netflix, Amazon Prime Video, Disney+, Spotify",Instagram,Não,na,"Portais de Notícias (Meon, Life Informa, Diário de SJC, G1 Vale, 012 News), Rádios (Band Vale, CBN, Jovem Pan, Nativa, Stereo Vale, etc.), Canais de TV (Vanguarda, Thathi, Canção Nova, etc.), Páginas de Instagram (Notícias SJC, Explore SJC, Fica Dica SJC, Prefeitura SJC)",3,Centro,Os dois juntos,Piorando,Sim,Sim,Divorciado(a),Moro de aluguel e não quero adquirir uma casa própria,Não,Não,Maquiagem ,São melhores,"Sim, sempre",Não,4,,Sul
27/03/2026 19:57:06,Homem Cis,55 anos a 64 anos,Jardim Morumbi ,Entre R$ 12.001 e R$ 26.000,Por conta própria / Bico / PJ,5,Carro próprio,Sim,Um pouco das duas coisas,Sim,"Mais opções para sair à noite, Restaurantes e lanchonetes diferentes",1 vez por mês,Às vezes,Zona Sul,Não vejo dificuldade,Se o lugar é bonito e agradável,"Não, não ligo para isso","Pop, Sertanejo","Netflix, Amazon Prime Video, Max (HBO), Spotify",Instagram,Sim,Sem sugestão ,"Portais de Notícias (Meon, Life Informa, Diário de SJC, G1 Vale, 012 News), Rádios (Band Vale, CBN, Jovem Pan, Nativa, Stereo Vale, etc.)",4,Direita,As empresas e o comércio,Melhorando,Sim,Sim,Casado(a) ou morando junto,Tenho Casa Própria,Sim,Não,Cidade grande com ar de interior. Minha linda São José.,São melhores,"Sim, sempre",Sim,4,Não ,Sul
27/03/2026 21:17:17,Mulher Cis,45 a 54 anos,Região sul ,Entre R$ 2.801 e R$ 5.600,Desempregado,5,"Carro próprio, Apps de transporte (Uber, 99), Bicicleta própria, Ônibus",Sim,Uma cidade moderna e cheia de tecnologia,Sim,Mais segurança,Quase nunca,Quase nunca,"Centro / Oeste (ex: Aquarius, Vila Adyana)",Falta de segurança,O preço,Um pouco,"Pop, Sertanejo, Gospel",YouTube Music,YouTube,Não,Gato preto ,"Páginas de Instagram (Notícias SJC, Explore SJC, Fica Dica SJC, Prefeitura SJC)",1,Prefiro não responder,As empresas e o comércio,Melhorando,Não,Sim,Divorciado(a),Tenho Casa Própria,Não,Não,Maravilhoso ,São iguais,Não tenho interesse,Sim,3,"Não nasci aqui  mas.amo são José dos Campos, tem de tudo aqui inclusive um hospital ótimo, hospital municipal da vila",Sul
27/03/2026 22:12:50,Homem Cis,45 a 54 anos,Jd Paraiso ,Entre R$ 12.001 e R$ 26.000,Aposentado,3,"Carro próprio, Apps de transporte (Uber, 99)",Não,Um pouco das duas coisas,Não,"Mais festas e eventos culturais, Parques e praças mais bem cuidados, Melhorar o ônibus e o trânsito",Toda semana,"Sim, sempre","Centro / Oeste (ex: Aquarius, Vila Adyana)",Falta de segurança,Se o lugar é bonito e agradável,"Não, não ligo para isso","Pop, Rock","Netflix, Amazon Prime Video, Apple TV+, Star+, Spotify, YouTube Music",Instagram,Não,Nenhum,"Portais de Notícias (Meon, Life Informa, Diário de SJC, G1 Vale, 012 News), Rádios (Band Vale, CBN, Jovem Pan, Nativa, Stereo Vale, etc.)",3,Direita,Os dois juntos,Piorando,Sim,Sim,Casado(a) ou morando junto,Tenho Casa Própria,Sim,Não,Cidade de contraste social enorme ,São piores,"Sim, sempre",Sim,2,,Sul
27/03/2026 23:11:48,Mulher Cis,55 anos a 64 anos,Jardim Bela Vista ,Entre R$ 5.601 e R$ 12.000,Funcionário público,3,"Carro próprio, Ônibus",Não,Nenhuma delas,Não,"Mais festas e eventos culturais, Mais opções para sair à noite, Parques e praças mais bem cuidados, Mais segurança",1 vez por mês,"Sim, sempre","Centro / Oeste (ex: Aquarius, Vila Adyana)",Falta de segurança,O preço,"Não, não ligo para isso",Rock,"Netflix, Apple TV+, Star+, Paramount+",Nenhuma - consulto amigos,Não,Não sigo - desconheço ,"Rádios (Band Vale, CBN, Jovem Pan, Nativa, Stereo Vale, etc.), Conversando com amigos e família",5,Direita,As empresas e o comércio,Melhorando,Sim,Não,Solteiro(a),Tenho Casa Própria,Sim,Não,Seria perfeita se tivesse mais segurança. ,São piores,"Tenho vontade, mas não vou",Sim,1,"Queria ver mais rondas policiais nas ruas. Tando de dia como a noite. 
Os eventos gastronômicos da cidade (em geral no Parque da Cidade e no Shopping Oriente) são CARÍSSIMOS!!!!!!   Era pra ser ainda mais barato que nos restaurantes, ser promocional!!!  Mas é exploração!  
Cuidem disso!",Centro
27/03/2026 23:20:38,Homem Cis,55 anos a 64 anos,Vila Ema.,Entre R$ 12.001 e R$ 26.000,Carteira assinada (CLT),5,"Carro próprio, Carro alugado, Apps de transporte (Uber, 99), Ônibus",Sim,Um pouco das duas coisas,Sim,Melhorar o ônibus e o trânsito,2 ou 3 vezes por mês,Quase nunca,Vou em todas as regiões,Não vejo dificuldade,Indicação de amigos ou família,Um pouco,Rock,"Netflix, Amazon Prime Video, Globoplay, Spotify, YouTube Music",YouTube,Não,Não conheço. ,"Portais de Notícias (Meon, Life Informa, Diário de SJC, G1 Vale, 012 News), Canais de TV (Vanguarda, Thathi, Canção Nova, etc.), Conversando com amigos e família",4,Esquerda,Os dois juntos,Melhorando,Sim,Sim,Casado(a) ou morando junto,Tenho Casa Própria,Não,Não,Excelente. ,São melhores,Às vezes,Sim,3,,Centro
28/03/2026 11:48:48,Homem Cis,55 anos a 64 anos,Centro,Entre R$ 2.801 e R$ 5.600,Carteira assinada (CLT),5,"Apps de transporte (Uber, 99), Ônibus",Sim,Um pouco das duas coisas,Sim,Não falta nada,Toda semana,Quase nunca,"Centro / Oeste (ex: Aquarius, Vila Adyana)",Não vejo dificuldade,Se o lugar é bonito e agradável,"Não, não ligo para isso","Pop, Rock, MPB, Pagode/Samba","Globoplay, YouTube Music",Instagram,Não,Não sigo nenhum influenciador ,"Páginas de Instagram (Notícias SJC, Explore SJC, Fica Dica SJC, Prefeitura SJC)",1,Prefiro não responder,Os dois juntos,Melhorando,Sim,Sim,Solteiro(a),Tenho Casa Própria,Sim,Não,Uma cidade em ascensão ,São melhores,"Sim, sempre",Não,4,,Centro
28/03/2026 18:06:35,Mulher Cis,25 a 34 anos,Jardim Santa Júlia,Entre R$ 2.801 e R$ 5.600,Carteira assinada (CLT),2,"Carro próprio, Apps de transporte (Uber, 99), Ônibus",Não,Um pouco das duas coisas,Não,Não falta nada,1 vez por mês,Às vezes,Zona Leste,Falta de segurança,O que vejo no Instagram ou TikTok,Um pouco,Rock,"Netflix, Apple TV+",TikTok,Não,Menina que casou no heliporto,"Portais de Notícias (Meon, Life Informa, Diário de SJC, G1 Vale, 012 News), Canais de TV (Vanguarda, Thathi, Canção Nova, etc.)",2,Centro,As empresas e o comércio,Do mesmo jeito,Sim,Sim,Namorando,Moro de aluguel mas quero uma casa própria,Não,Um pouco,Feliz mas falta muita coisa ,São iguais,"Tenho vontade, mas não vou",Não,3,,Sudeste
28/03/2026 18:16:34,Mulher Cis,18 a 24 anos,Vila Tesouro,Entre R$ 2.801 e R$ 5.600,Por conta própria / Bico / PJ,3,"Moto própria, Ônibus",Não,Um pouco das duas coisas,Não,"Mais festas e eventos culturais, Mais opções para sair à noite, Parques e praças mais bem cuidados",1 vez por mês,Às vezes,Zona Sul,É tudo muito caro,O preço,"Sim, muito",Sertanejo,"Amazon Prime Video, Globoplay",TikTok,Não,Não sei,"Portais de Notícias (Meon, Life Informa, Diário de SJC, G1 Vale, 012 News), Rádios (Band Vale, CBN, Jovem Pan, Nativa, Stereo Vale, etc.), Canais de TV (Vanguarda, Thathi, Canção Nova, etc.), Grupos de WhatsApp ou Telegram",3,Direita,As empresas e o comércio,Piorando,Sim,Não,Namorando,Moro de aluguel mas quero uma casa própria,Não,Um pouco,Cidade jovem mas com políticos muito safados e velhos,São piores,"Tenho vontade, mas não vou",Não,4,,Leste
28/03/2026 18:44:04,Mulher Cis,35 a 44 anos,Jardim Motorama,Entre R$ 2.801 e R$ 5.600,Carteira assinada (CLT),3,"Apps de transporte (Uber, 99), Ônibus",Sim,Um pouco das duas coisas,Não,Não falta nada,1 vez por mês,Às vezes,Zona Leste,Falta de segurança,O preço,Um pouco,Sertanejo,"Netflix, Paramount+, Spotify",TikTok,Sim,Carlos Abranches,"Portais de Notícias (Meon, Life Informa, Diário de SJC, G1 Vale, 012 News), Grupos de WhatsApp ou Telegram, Conversando com amigos e família",2,Direita,As empresas e o comércio,Do mesmo jeito,Não,Sim,Casado(a) ou morando junto,Tenho Casa Própria,Não,Um pouco,Cidade de paz ,São iguais,Não tenho interesse,Não,3,,Leste
28/03/2026 19:36:38,Mulher Cis,45 a 54 anos,Jardim Esplanada,Entre R$ 5.601 e R$ 12.000,Por conta própria / Bico / PJ,3,Carro próprio,Sim,Nenhuma delas,Sim,Restaurantes e lanchonetes diferentes,1 vez por mês,Quase nunca,"Centro / Oeste (ex: Aquarius, Vila Adyana)",Falta de segurança,Indicação de amigos ou família,"Não, não ligo para isso","Pop, Sertanejo","Netflix, Deezer",YouTube,Não,Não lembro,"Canais de TV (Vanguarda, Thathi, Canção Nova, etc.), Grupos de WhatsApp ou Telegram",3,Centro,Os dois juntos,Do mesmo jeito,Não,Sim,Divorciado(a),Moro de aluguel e não quero adquirir uma casa própria,Sim,Muito,Alegria de viver bem mas falta  ainda muita coisa na área da segurança e da saúde,São iguais,Às vezes,Sim,3,,Oeste
28/03/2026 20:05:18,Mulher Cis,35 a 44 anos,Jardim Guimarães,Entre R$ 2.801 e R$ 5.600,Funcionário público,3,"Apps de transporte (Uber, 99), Ônibus",Não,Uma cidade tranquila com jeito de interior,Não,"Mais festas e eventos culturais, Melhorar o ônibus e o trânsito, Mais segurança",2 ou 3 vezes por mês,Às vezes,Zona Sul,Não tem lugar legal para ir,O preço,"Sim, muito","Sertanejo, Funk","Netflix, Deezer",YouTube,Não,sanjadicas,"Portais de Notícias (Meon, Life Informa, Diário de SJC, G1 Vale, 012 News), Rádios (Band Vale, CBN, Jovem Pan, Nativa, Stereo Vale, etc.), Páginas de Instagram (Notícias SJC, Explore SJC, Fica Dica SJC, Prefeitura SJC)",3,Esquerda,A Prefeitura e o Governo,Piorando,Não,Não,Casado(a) ou morando junto,Moro de aluguel mas quero uma casa própria,Não,Um pouco,Acho uma cidade fraca ,São iguais,"Tenho vontade, mas não vou",Não,4,,Norte
28/03/2026 20:40:57,Homem Cis,55 anos a 64 anos,Cidade Vista Verde ,Entre R$ 2.801 e R$ 5.600,Carteira assinada (CLT),2,"Apps de transporte (Uber, 99), Apps de Bike, Ônibus, Linha Verde",Não,Uma cidade moderna e cheia de tecnologia,Não,"Parques e praças mais bem cuidados, Melhorar o ônibus e o trânsito, Mais segurança",2 ou 3 vezes por mês,Às vezes,Zona Leste,Ônibus ou falta de transporte,Se o lugar é bonito e agradável,"Não, não ligo para isso","Pop, Rock, MPB, Pagode/Samba","Globoplay, Spotify, Deezer, YouTube Music",Instagram,Não,Ana Clara,"Portais de Notícias (Meon, Life Informa, Diário de SJC, G1 Vale, 012 News), Páginas de Instagram (Notícias SJC, Explore SJC, Fica Dica SJC, Prefeitura SJC), Conversando com amigos e família",4,Centro,Os dois juntos,Do mesmo jeito,Sim,Sim,Divorciado(a),Tenho Casa Própria,Não,Não,Falta igualdade,São iguais,Às vezes,Não,4,Não ,Leste
28/03/2026 20:57:32,Homem Cis,35 a 44 anos,Jardim Ouro Preto,Entre R$ 5.601 e R$ 12.000,Carteira assinada (CLT),4,"Carro próprio, Moto própria, Apps de transporte (Uber, 99)",Não,Um pouco das duas coisas,Não,Mais segurança,2 ou 3 vezes por mês,Às vezes,Vou em todas as regiões,Falta de segurança,O que vejo no Instagram ou TikTok,"Não, não ligo para isso",Rock,"Netflix, Amazon Prime Video, Disney+, Max (HBO), Star+, Spotify",Instagram,Sim,"Lugares do vale, sanja dicas, explorando por ai","Portais de Notícias (Meon, Life Informa, Diário de SJC, G1 Vale, 012 News), Páginas de Instagram (Notícias SJC, Explore SJC, Fica Dica SJC, Prefeitura SJC)",3,Direita,As empresas e o comércio,Piorando,Não,Sim,Casado(a) ou morando junto,Tenho Casa Própria,Não,Não,"Uma boa cidade, mas já foi muito melhor.",São melhores,Às vezes,Sim,4,Não ,Norte
28/03/2026 21:31:27,Mulher Cis,+65 anos,Esplanada do Sol,Entre R$ 12.001 e R$ 26.000,Aposentado,4,"Carro próprio, Apps de transporte (Uber, 99)",Sim,Um pouco das duas coisas,Não,"Mais opções para sair à noite, Mais segurança",2 ou 3 vezes por mês,Às vezes,"Centro / Oeste (ex: Aquarius, Vila Adyana)",Falta de segurança,Se o lugar é bonito e agradável,"Não, não ligo para isso",MPB,"Netflix, Amazon Prime Video",Instagram,Não,Nenhum,"Portais de Notícias (Meon, Life Informa, Diário de SJC, G1 Vale, 012 News), Rádios (Band Vale, CBN, Jovem Pan, Nativa, Stereo Vale, etc.), Páginas de Instagram (Notícias SJC, Explore SJC, Fica Dica SJC, Prefeitura SJC), Grupos de WhatsApp ou Telegram, Conversando com amigos e família",3,Direita,Os dois juntos,Do mesmo jeito,Sim,Sim,Casado(a) ou morando junto,Tenho Casa Própria,Sim,Não,Cidade cuidada e organizada,São melhores,Às vezes,Sim,4,,Oeste
29/03/2026 09:38:26,Homem Cis,18 a 24 anos,Jd. Sao Dimas,Entre R$ 12.001 e R$ 26.000,Estudante,4,"Carro próprio, Apps de transporte (Uber, 99), Ônibus",Não,Um pouco das duas coisas,Não,"Parques e praças mais bem cuidados, Melhorar o ônibus e o trânsito, Mais segurança",1 vez por mês,Às vezes,"Centro / Oeste (ex: Aquarius, Vila Adyana)",Não vejo dificuldade,Se o lugar é bonito e agradável,"Não, não ligo para isso","Pop, Rock","Netflix, Max (HBO), YouTube Music",Instagram,Não,nennhum,"Portais de Notícias (Meon, Life Informa, Diário de SJC, G1 Vale, 012 News), Canais de TV (Vanguarda, Thathi, Canção Nova, etc.), Conversando com amigos e família",2,Direita,Os dois juntos,Do mesmo jeito,Sim,Sim,Solteiro(a),Tenho Casa Própria,Sim,Não,GOAT,São melhores,Às vezes,Sim,3,,Centro
29/03/2026 09:50:13,Mulher Cis,45 a 54 anos,31 de março ,Entre R$ 5.601 e R$ 12.000,Por conta própria / Bico / PJ,3,"Apps de transporte (Uber, 99)",Não,Nenhuma delas,Não,Mais festas e eventos culturais,Toda semana,Às vezes,Zona Sul,Não tem lugar legal para ir,O preço,"Não, não ligo para isso","Rock, MPB, Hip Hop",Não uso nenhum,Instagram,Não,Não conheço nenhum ,"Portais de Notícias (Meon, Life Informa, Diário de SJC, G1 Vale, 012 News), Páginas de Instagram (Notícias SJC, Explore SJC, Fica Dica SJC, Prefeitura SJC)",4,Esquerda,A Prefeitura e o Governo,Piorando,Sim,Não,Casado(a) ou morando junto,Tenho Casa Própria,Não,Não,Cidade sem liberdade dominada com conservadores hipócritas ,Não sei dizer,"Sim, sempre",Sim,3,Como ter uma cidade com cultura sendo q o forte aqui e a dominação cristã q impede QQ pensamento livre,Sul
29/03/2026 10:48:21,Mulher Cis,35 a 44 anos,Jardim Augusta,Entre R$ 5.601 e R$ 12.000,Por conta própria / Bico / PJ,4,"Carro próprio, Apps de transporte (Uber, 99), Patinete Alugado, Ônibus",Sim,Uma cidade moderna e cheia de tecnologia,Sim,Mais segurança,2 ou 3 vezes por mês,Às vezes,"Centro / Oeste (ex: Aquarius, Vila Adyana)",É tudo muito caro,O preço,"Sim, muito","Rock, Sertanejo, Funk","Netflix, Spotify",TikTok,Não,Não lembro ,"Portais de Notícias (Meon, Life Informa, Diário de SJC, G1 Vale, 012 News), Páginas de Instagram (Notícias SJC, Explore SJC, Fica Dica SJC, Prefeitura SJC), Grupos de WhatsApp ou Telegram",3,Prefiro não responder,Não sei,Do mesmo jeito,Não,Sim,Casado(a) ou morando junto,Moro de aluguel mas quero uma casa própria,Sim,Muito,"A cidade tem uma grande maquiagem quem vem de fora deve achar tudo lindo,mas a gente que tá no dia a dia sabe que é uma grande porcaria",São piores,"Tenho vontade, mas não vou",Não,3,,Centro
29/03/2026 10:53:07,Mulher Cis,45 a 54 anos,Jardim Morumbi,Entre R$ 12.001 e R$ 26.000,Por conta própria / Bico / PJ,4,"Moto alugada, Apps de transporte (Uber, 99), Apps de Bike, Patinete Alugado, Ônibus",Não,Nenhuma delas,Não,Mais segurança,Toda semana,"Sim, sempre",Zona Sul,Não tem lugar legal para ir,O preço,Um pouco,"Sertanejo, Gospel","Netflix, Spotify, Game Pass",TikTok,Não,"Marcela Mesquita, Kelly Maria","Portais de Notícias (Meon, Life Informa, Diário de SJC, G1 Vale, 012 News), Canais de TV (Vanguarda, Thathi, Canção Nova, etc.), Grupos de WhatsApp ou Telegram",3,Direita,Os dois juntos,Do mesmo jeito,Não,Não,Divorciado(a),Moro de aluguel mas quero uma casa própria,Não,Muito,Uma cidade que cresceu muito e está sempre se modernizando,São piores,"Tenho vontade, mas não vou",Não,3,,Sul
29/03/2026 10:50:19,Homem Cis,45 a 54 anos,Canindu,Entre R$ 2.801 e R$ 5.600,Por conta própria / Bico / PJ,4,"Carro próprio, Ônibus",Não,Um pouco das duas coisas,Não,Mais segurança,2 ou 3 vezes por mês,Às vezes,Zona Norte,O trânsito,Se o lugar é bonito e agradável,Um pouco,"Sertanejo, Funk, Trap","Netflix, YouTube Music",TikTok,Não,"Biel grau, Jonas Almeida","Rádios (Band Vale, CBN, Jovem Pan, Nativa, Stereo Vale, etc.), Grupos de WhatsApp ou Telegram",4,Direita,As empresas e o comércio,Piorando,Não,Sim,Namorando,Moro de aluguel mas quero uma casa própria,Não,Um pouco,,São piores,Às vezes,Não,4,,Norte
29/03/2026 11:00:43,Mulher Cis,45 a 54 anos,Jardim Telespark,Até R$ 2.800,Carteira assinada (CLT),3,"Carro próprio, Apps de transporte (Uber, 99), Apps de Bike, Ônibus",Não,Um pouco das duas coisas,Não,Melhorar o ônibus e o trânsito,2 ou 3 vezes por mês,Às vezes,"Centro / Oeste (ex: Aquarius, Vila Adyana)",Não tem lugar legal para ir,Indicação de amigos ou família,"Não, não ligo para isso","Rock, Sertanejo","Netflix, YouTube Music",YouTube,Sim,Nogy (Canal 90),"Portais de Notícias (Meon, Life Informa, Diário de SJC, G1 Vale, 012 News), Grupos de WhatsApp ou Telegram",4,Direita,Não sei,Piorando,Não,Sim,Namorando,Moro de aluguel mas quero uma casa própria,Não,Um pouco,"Pra mim é uma cidade que me cabe, mas poderia ser melhor principalmente a segurança e o transporte.",São iguais,Às vezes,Não,3,,Norte
29/03/2026 11:04:09,Mulher Cis,18 a 24 anos,Jardim Castanheira,Entre R$ 2.801 e R$ 5.600,Carteira assinada (CLT),3,"Carro próprio, Apps de transporte (Uber, 99), Ônibus",Sim,Uma cidade moderna e cheia de tecnologia,Não,"Mais festas e eventos culturais, Melhorar o ônibus e o trânsito, Mais segurança",1 vez por mês,Quase nunca,Zona Leste,Ônibus ou falta de transporte,Se é perto de casa,Um pouco,"Rock, Sertanejo, Gospel","Netflix, Apple TV+",YouTube,Sim,Não lembro,"Rádios (Band Vale, CBN, Jovem Pan, Nativa, Stereo Vale, etc.), Grupos de WhatsApp ou Telegram",3,Direita,Os dois juntos,Melhorando,Não,Não,Casado(a) ou morando junto,Tenho Casa Própria,Sim,Um pouco,"Eu gosto da cidade, meus amigos e familiares estão todos aqui então não saio por nada",São piores,"Tenho vontade, mas não vou",Não,4,,Leste
29/03/2026 14:08:46,Homem Cis,18 a 24 anos,Jardim Oswaldo Cruz,Entre R$ 5.601 e R$ 12.000,Por conta própria / Bico / PJ,4,"Carro alugado, Apps de transporte (Uber, 99), Ônibus, Linha Verde",Sim,Uma cidade moderna e cheia de tecnologia,Sim,Melhorar o ônibus e o trânsito,2 ou 3 vezes por mês,Quase nunca,Zona Sul,Não tem lugar legal para ir,O preço,Um pouco,"Sertanejo, MPB, Gospel","Netflix, Game Pass",Instagram,Não,Não sei,"Rádios (Band Vale, CBN, Jovem Pan, Nativa, Stereo Vale, etc.), Canais de TV (Vanguarda, Thathi, Canção Nova, etc.), Páginas de Instagram (Notícias SJC, Explore SJC, Fica Dica SJC, Prefeitura SJC)",3,Direita,A Prefeitura e o Governo,Piorando,Não,Não,Namorando,Moro de aluguel mas quero uma casa própria,Sim,Muito,"Tratando em poucas palavras uma cidade que pode se desenvolver melhor, ter mais empregos. A prefeitura mais engajada na questão de profissionalizaçãom",São piores,"Tenho vontade, mas não vou",Não,3,As adegas ser proibido é uma piada. Porque a gente não pode desenvolver agora algo que não impeça o empreendedor. O cara tem que seguir várias normas e ainda lidar com grosseria,Centro
29/03/2026 14:11:32,Mulher Cis,18 a 24 anos,Bosque dos Ypês,Entre R$ 2.801 e R$ 5.600,Funcionário público,4,"Carro próprio, Apps de transporte (Uber, 99), Apps de Bike, Ônibus, Linha Verde",Sim,Um pouco das duas coisas,Não,Mais segurança,1 vez por mês,Quase nunca,Zona Sul,O trânsito,Indicação de amigos ou família,Um pouco,"Sertanejo, Funk, Trap, Hip Hop, Gospel","Netflix, Apple TV+, YouTube Music",YouTube,Sim,Marcela Mesquita,"Rádios (Band Vale, CBN, Jovem Pan, Nativa, Stereo Vale, etc.), Conversando com amigos e família",3,Centro,Os dois juntos,Melhorando,Não,Sim,Namorando,Moro de aluguel mas quero uma casa própria,Sim,Um pouco,Vivi a vida toda aqui então não tenho muitos parâmetros ,São piores,"Tenho vontade, mas não vou",Não,3,,Sul
29/03/2026 14:18:04,Mulher Cis,35 a 44 anos,Vila Cândida,Até R$ 2.800,Carteira assinada (CLT),2,"Apps de transporte (Uber, 99), Ônibus",Não,Nenhuma delas,Não,Mais segurança,Toda semana,Nunca,Zona Norte,É tudo muito caro,O preço,Um pouco,"Sertanejo, Funk","Netflix, Star+, Deezer",TikTok,Não,Mayumi Kuramoto,"Portais de Notícias (Meon, Life Informa, Diário de SJC, G1 Vale, 012 News), Rádios (Band Vale, CBN, Jovem Pan, Nativa, Stereo Vale, etc.), Canais de TV (Vanguarda, Thathi, Canção Nova, etc.), Grupos de WhatsApp ou Telegram",3,Centro,Os dois juntos,Piorando,Não,Não,Namorando,Moro de aluguel e não quero adquirir uma casa própria,Não,Um pouco,Cidade cara ,São iguais,"Tenho vontade, mas não vou",Sim,3,,Norte
29/03/2026 14:42:43,Homem Cis,+65 anos,Urbanova,Mais de R$ 26.000,Aposentado,3,"Carro próprio, Carro alugado, Bicicleta própria, Ônibus",Sim,Um pouco das duas coisas,Não,"Mais opções para sair à noite, Melhorar o ônibus e o trânsito, Mais segurança",Toda semana,Às vezes,"Centro / Oeste (ex: Aquarius, Vila Adyana)",Não tem lugar legal para ir,Se o lugar é bonito e agradável,"Não, não ligo para isso","Pop, Rock, MPB","Netflix, Amazon Prime Video, Disney+, Max (HBO), Globoplay, Apple TV+, Star+, Paramount+, Spotify, Deezer, YouTube Music",Instagram,Não,Não sigo,"Páginas de Instagram (Notícias SJC, Explore SJC, Fica Dica SJC, Prefeitura SJC), Conversando com amigos e família",5,Centro,A Prefeitura e o Governo,Melhorando,Sim,Não,Casado(a) ou morando junto,Tenho Casa Própria,Sim,Não,Não acompanha a evolução cultural e tecnológica ,São melhores,Às vezes,Não,3,,Oeste
29/03/2026 14:46:54,Mulher Cis,18 a 24 anos,Galo Branco,Entre R$ 2.801 e R$ 5.600,Estudante,3,"Apps de transporte (Uber, 99), Ônibus",Sim,Um pouco das duas coisas,Não,"Parques e praças mais bem cuidados, Melhorar o ônibus e o trânsito, Mais segurança",1 vez por mês,Quase nunca,"Centro / Oeste (ex: Aquarius, Vila Adyana)",Falta de segurança,O preço,Um pouco,"Pop, Rock, Sertanejo","Netflix, Amazon Prime Video, Disney+, Max (HBO), Globoplay, Game Pass",TikTok,Sim,Isabella Nayara,"Portais de Notícias (Meon, Life Informa, Diário de SJC, G1 Vale, 012 News), Páginas de Instagram (Notícias SJC, Explore SJC, Fica Dica SJC, Prefeitura SJC)",3,Prefiro não responder,Não sei,Do mesmo jeito,Não,Sim,Namorando,Moro de aluguel mas quero uma casa própria,Não,Não,Tudo pertinho ,São iguais,"Tenho vontade, mas não vou",Não,3,,Leste
29/03/2026 14:49:17,Homem Cis,35 a 44 anos,Eugênio de Melo,Até R$ 2.800,Carteira assinada (CLT),5,Ônibus,Não,Um pouco das duas coisas,Sim,Não falta nada,Quase nunca,Quase nunca,"Centro / Oeste (ex: Aquarius, Vila Adyana)",É tudo muito caro,O preço,"Não, não ligo para isso",Sertanejo,Spotify,Facebook,Não,Não sei,"Rádios (Band Vale, CBN, Jovem Pan, Nativa, Stereo Vale, etc.), Canais de TV (Vanguarda, Thathi, Canção Nova, etc.), Conversando com amigos e família",1,Direita,As empresas e o comércio,Do mesmo jeito,Não,Não,Namorando,Moro de aluguel mas quero uma casa própria,Não,Um pouco,Cidade Mec,São piores,"Tenho vontade, mas não vou",Não,3,Não sei,Leste
29/03/2026 14:51:24,Homem Cis,45 a 54 anos,Vila Ema,Entre R$ 12.001 e R$ 26.000,Por conta própria / Bico / PJ,4,"Carro próprio, Apps de transporte (Uber, 99), Ônibus",Não,Uma cidade moderna e cheia de tecnologia,Não,"Mais festas e eventos culturais, Mais opções para sair à noite, Restaurantes e lanchonetes diferentes, Parques e praças mais bem cuidados, Melhorar o ônibus e o trânsito, Mais segurança",Quase nunca,Quase nunca,Zona Norte,É tudo muito caro,O preço,"Sim, muito","Rock, Sertanejo, Funk",Não uso nenhum,YouTube,Não,Não sei,Conversando com amigos e família,3,Prefiro não responder,A Prefeitura e o Governo,Melhorando,Sim,Sim,Solteiro(a),Moro de aluguel e não quero adquirir uma casa própria,Não,Um pouco,Acho uma cidade ótima mas os políticos são muito safados,Não sei dizer,Não tenho interesse,Não,4,,Centro
29/03/2026 14:53:45,Mulher Cis,25 a 34 anos,Jardim Mariana 1,Entre R$ 2.801 e R$ 5.600,Carteira assinada (CLT),4,"Carro próprio, Apps de transporte (Uber, 99), Ônibus",Não,Um pouco das duas coisas,Não,"Mais festas e eventos culturais, Restaurantes e lanchonetes diferentes, Melhorar o ônibus e o trânsito",2 ou 3 vezes por mês,Quase nunca,Zona Leste,O trânsito,O preço,"Não, não ligo para isso","Sertanejo, Funk, Trap, Eletrônica","Apple TV+, Star+",TikTok,Sim,casalsjc,"Portais de Notícias (Meon, Life Informa, Diário de SJC, G1 Vale, 012 News), Rádios (Band Vale, CBN, Jovem Pan, Nativa, Stereo Vale, etc.)",4,Centro,Os dois juntos,Piorando,Não,Sim,Casado(a) ou morando junto,Moro de aluguel mas quero uma casa própria,Não,Um pouco,"São José era uma cidade que tinha tudo pra já estar mais rica que muitas outras por aí. A questão da saúde tá pegando muito nos últimos anos, tem muita gente ao meu redor reclamando sobre isso",São piores,"Tenho vontade, mas não vou",Não,4,,Leste
29/03/2026 14:55:59,Homem Cis,35 a 44 anos,Galo Branco,Entre R$ 2.801 e R$ 5.600,Por conta própria / Bico / PJ,5,"Ônibus, Linha Verde",Não,Um pouco das duas coisas,Não,Melhorar o ônibus e o trânsito,1 vez por mês,Às vezes,Zona Leste,É tudo muito caro,O preço,"Não, não ligo para isso",Sertanejo,"Globoplay, Spotify, Game Pass",Instagram,Sim,Não lembro mas sigo páginas como Trollando sjc,"Portais de Notícias (Meon, Life Informa, Diário de SJC, G1 Vale, 012 News), Canais de TV (Vanguarda, Thathi, Canção Nova, etc.), Grupos de WhatsApp ou Telegram",5,Esquerda,As empresas e o comércio,Piorando,Sim,Não,Solteiro(a),Moro de aluguel mas quero uma casa própria,Sim,Muito,Queria poder falar coisas muito boas mas no fundo as periferias aqui ainda sofrem muito. Qualidade de vida é associado ao seu nível de renda.,São piores,"Tenho vontade, mas não vou",Não,5,,Leste
29/03/2026 15:01:10,Mulher Cis,18 a 24 anos,Campos dos Alemães,Entre R$ 2.801 e R$ 5.600,Funcionário público,5,"Apps de transporte (Uber, 99), Ônibus, Linha Verde",Sim,Uma cidade moderna e cheia de tecnologia,Sim,"Mais opções para sair à noite, Parques e praças mais bem cuidados",Quase nunca,Nunca,Zona Sul,Não tem lugar legal para ir,Se é perto de casa,"Não, não ligo para isso",Gospel,"Netflix, Star+",Instagram,Sim,Livigrazielesjc,"Portais de Notícias (Meon, Life Informa, Diário de SJC, G1 Vale, 012 News), Canais de TV (Vanguarda, Thathi, Canção Nova, etc.), Grupos de WhatsApp ou Telegram",2,Prefiro não responder,Não sei,Do mesmo jeito,Não,Não,Solteiro(a),Moro de aluguel mas quero uma casa própria,Sim,Um pouco,"Como moradora eu posso dizer que a cidade tem melhorado bastante. São muitas obras, aqui você tem segurança.Porem em bairros como o meu é mais difícil você ter acesso as coisas. Acho que se a pessoa progride financeiramente da pra viver maravilhosamente bem em SJC!",São iguais,Às vezes,Não,3,"Sobre os preços aumentando muito principalmente dos imóveis. O que é isso? Daqui a pouco nós vamos estar pagando 10 mil reais pra morar já na saída da cidade. As kitnet mais baratas são muito longes do centro, lá Uber é mais caro, não tem muitos mercados e basicamente nada pra fazer",Sul
29/03/2026 15:08:48,Mulher Cis,25 a 34 anos,Parque Residencial União,Entre R$ 2.801 e R$ 5.600,Funcionário público,3,"Carro próprio, Apps de transporte (Uber, 99), Bicicleta própria, Ônibus, Linha Verde",Não,Nenhuma delas,Não,Mais segurança,Toda semana,Às vezes,Zona Sul,Falta de segurança,O preço,"Não, não ligo para isso","Sertanejo, MPB, Gospel","Amazon Prime Video, Globoplay, Star+",Instagram,Não,Não sei,"Rádios (Band Vale, CBN, Jovem Pan, Nativa, Stereo Vale, etc.), Canais de TV (Vanguarda, Thathi, Canção Nova, etc.), Páginas de Instagram (Notícias SJC, Explore SJC, Fica Dica SJC, Prefeitura SJC)",4,Direita,Os dois juntos,Piorando,Não,Sim,Casado(a) ou morando junto,Moro de aluguel mas quero uma casa própria,Não,Muito,Minha cidade é maravilhosa!,São iguais,Não tenho interesse,Sim,5,,Sul
29/03/2026 15:10:32,Homem Cis,45 a 54 anos,Conjunto Residencial Dom Pedro,Entre R$ 5.601 e R$ 12.000,Por conta própria / Bico / PJ,5,"Carro próprio, Apps de transporte (Uber, 99), Patinete Alugado, Linha Verde",Não,Nenhuma delas,Não,"Mais festas e eventos culturais, Restaurantes e lanchonetes diferentes, Melhorar o ônibus e o trânsito, Mais segurança",1 vez por mês,Nunca,Vou em todas as regiões,É tudo muito caro,O que vejo no Instagram ou TikTok,"Não, não ligo para isso","Sertanejo, Funk","Disney+, Globoplay",Facebook,Não,Não lembro,"Rádios (Band Vale, CBN, Jovem Pan, Nativa, Stereo Vale, etc.), Grupos de WhatsApp ou Telegram",4,Prefiro não responder,Os dois juntos,Piorando,Não,Não,Casado(a) ou morando junto,Moro de aluguel mas quero uma casa própria,Não,Não,,Não sei dizer,Não tenho interesse,Não,1,,Sul
29/03/2026 15:12:37,Mulher Cis,45 a 54 anos,Chácaras Araújo,Até R$ 2.800,Carteira assinada (CLT),4,"Carro próprio, Apps de transporte (Uber, 99), Ônibus",Não,Um pouco das duas coisas,Não,"Mais festas e eventos culturais, Restaurantes e lanchonetes diferentes",2 ou 3 vezes por mês,"Sim, sempre","Centro / Oeste (ex: Aquarius, Vila Adyana)",É tudo muito caro,O preço,Um pouco,"Sertanejo, Gospel, Pagode/Samba","Max (HBO), Paramount+",YouTube,Não,Canal 90,"Portais de Notícias (Meon, Life Informa, Diário de SJC, G1 Vale, 012 News), Rádios (Band Vale, CBN, Jovem Pan, Nativa, Stereo Vale, etc.), Conversando com amigos e família",5,Direita,A Prefeitura e o Governo,Melhorando,Não,Não,Namorando,Moro de aluguel e não quero adquirir uma casa própria,Não,Um pouco,Cidade muito boa. Tecnologia pra dar e vender pro mundo inteiro ,São iguais,"Tenho vontade, mas não vou",Não,2,,Leste
29/03/2026 15:14:24,Mulher Cis,35 a 44 anos,Jardim Nova Detroit,Até R$ 2.800,Carteira assinada (CLT),4,Ônibus,Não,Uma cidade tranquila com jeito de interior,Sim,"Mais opções para sair à noite, Mais segurança",2 ou 3 vezes por mês,Nunca,"Centro / Oeste (ex: Aquarius, Vila Adyana)",Não tem lugar legal para ir,O preço,Um pouco,"Pop, Sertanejo, Funk","Globoplay, Deezer",TikTok,Não,sanjadicas,"Rádios (Band Vale, CBN, Jovem Pan, Nativa, Stereo Vale, etc.), Páginas de Instagram (Notícias SJC, Explore SJC, Fica Dica SJC, Prefeitura SJC), Conversando com amigos e família",1,Prefiro não responder,Não sei,Piorando,Não,Sim,Solteiro(a),Moro de aluguel mas quero uma casa própria,Não,Um pouco,,Não sei dizer,"Tenho vontade, mas não vou",Não,3,,Leste
29/03/2026 15:16:33,Homem Cis,18 a 24 anos,Jardim São Vicente ,Entre R$ 5.601 e R$ 12.000,Dono de empresa,4,"Moto própria, Bicicleta própria",Não,Um pouco das duas coisas,Não,"Mais festas e eventos culturais, Mais opções para sair à noite, Melhorar o ônibus e o trânsito, Mais segurança",Quase nunca,"Sim, sempre","Centro / Oeste (ex: Aquarius, Vila Adyana)",Não tem lugar legal para ir,Indicação de amigos ou família,"Não, não ligo para isso","Sertanejo, Eletrônica, Pagode/Samba","Disney+, YouTube Music",Instagram,Não,MC Paiva ,"Portais de Notícias (Meon, Life Informa, Diário de SJC, G1 Vale, 012 News), Canais de TV (Vanguarda, Thathi, Canção Nova, etc.)",3,Direita,Os dois juntos,Melhorando,Sim,Sim,Namorando,Moro de aluguel mas quero uma casa própria,Sim,Um pouco,,São iguais,"Tenho vontade, mas não vou",Não,3,,Leste
29/03/2026 15:17:59,Mulher Cis,45 a 54 anos,Jardim Americano,Entre R$ 5.601 e R$ 12.000,Por conta própria / Bico / PJ,5,"Carro próprio, Apps de Bike, Patinete Alugado",Não,Um pouco das duas coisas,Não,"Mais opções para sair à noite, Melhorar o ônibus e o trânsito",2 ou 3 vezes por mês,Quase nunca,Zona Leste,Não vejo dificuldade,O que vejo no Instagram ou TikTok,"Não, não ligo para isso","Sertanejo, Funk","Netflix, YouTube Music",YouTube,Não,Não sei,"Portais de Notícias (Meon, Life Informa, Diário de SJC, G1 Vale, 012 News), Páginas de Instagram (Notícias SJC, Explore SJC, Fica Dica SJC, Prefeitura SJC)",3,Direita,Os dois juntos,Do mesmo jeito,Não,Não,Solteiro(a),Tenho Casa Própria,Não,Um pouco,,São piores,"Tenho vontade, mas não vou",Não,4,,Leste
29/03/2026 15:23:52,Mulher Cis,35 a 44 anos,Jardim Maringá,Entre R$ 5.601 e R$ 12.000,Funcionário público,4,Carro próprio,Não,Nenhuma delas,Não,Mais segurança,2 ou 3 vezes por mês,Quase nunca,"Centro / Oeste (ex: Aquarius, Vila Adyana)",É tudo muito caro,O preço,"Não, não ligo para isso",Pop,"Disney+, Globoplay",TikTok,Não,Carlos Abranches,"Rádios (Band Vale, CBN, Jovem Pan, Nativa, Stereo Vale, etc.)",3,Direita,Os dois juntos,Piorando,Não,Não,Divorciado(a),Moro de aluguel e não quero adquirir uma casa própria,Não,Um pouco,Cidade muito desenvolvida e muito boa ,São melhores,"Tenho vontade, mas não vou",Sim,4,,Centro
29/03/2026 15:26:32,Mulher Cis,35 a 44 anos,Jardim Colinas,Mais de R$ 26.000,Dono de empresa,5,"Carro próprio, Apps de transporte (Uber, 99), Patinete Alugado",Não,Nenhuma delas,Não,"Mais festas e eventos culturais, Melhorar o ônibus e o trânsito, Mais segurança",2 ou 3 vezes por mês,"Sim, sempre","Centro / Oeste (ex: Aquarius, Vila Adyana)",Não vejo dificuldade,As notas no Google,"Não, não ligo para isso","Pop, Eletrônica","Netflix, Max (HBO), Globoplay, Star+, Spotify, Deezer, YouTube Music",Instagram,Não,Nenhum que lembre,"Portais de Notícias (Meon, Life Informa, Diário de SJC, G1 Vale, 012 News), Rádios (Band Vale, CBN, Jovem Pan, Nativa, Stereo Vale, etc.), Canais de TV (Vanguarda, Thathi, Canção Nova, etc.), Páginas de Instagram (Notícias SJC, Explore SJC, Fica Dica SJC, Prefeitura SJC), Grupos de WhatsApp ou Telegram, Conversando com amigos e família",4,Prefiro não responder,A Prefeitura e o Governo,Melhorando,Não,Sim,Solteiro(a),Tenho Casa Própria,Sim,Um pouco,Está em pleno desenvolvimento ,São melhores,"Sim, sempre",Sim,5,,Oeste
29/03/2026 15:34:11,Mulher Cis,35 a 44 anos,Residencial Dom Bosco,Até R$ 2.800,Carteira assinada (CLT),3,"Carro próprio, Apps de transporte (Uber, 99), Apps de Bike, Ônibus",Não,Uma cidade moderna e cheia de tecnologia,Não,"Melhorar o ônibus e o trânsito, Mais segurança",2 ou 3 vezes por mês,Às vezes,"Centro / Oeste (ex: Aquarius, Vila Adyana)",Falta de segurança,O preço,Um pouco,"Sertanejo, Gospel","Netflix, Amazon Prime Video, Globoplay",Instagram,Não,Não sei,"Portais de Notícias (Meon, Life Informa, Diário de SJC, G1 Vale, 012 News), Páginas de Instagram (Notícias SJC, Explore SJC, Fica Dica SJC, Prefeitura SJC)",4,Prefiro não responder,Não sei,Do mesmo jeito,Não,Sim,Solteiro(a),Moro de aluguel mas quero uma casa própria,Não,Muito,,São melhores,Às vezes,Não,3,,Leste
29/03/2026 15:38:44,Mulher Cis,25 a 34 anos,Santana,Entre R$ 2.801 e R$ 5.600,Funcionário público,5,"Carro alugado, Bicicleta própria, Ônibus",Não,Uma cidade moderna e cheia de tecnologia,Não,Parques e praças mais bem cuidados,2 ou 3 vezes por mês,Às vezes,Zona Norte,Falta de segurança,O preço,Um pouco,Gospel,"Netflix, Deezer",Instagram,Não,Não sei nenhum,"Portais de Notícias (Meon, Life Informa, Diário de SJC, G1 Vale, 012 News), Canais de TV (Vanguarda, Thathi, Canção Nova, etc.), Conversando com amigos e família",5,Direita,Os dois juntos,Piorando,Não,Não,Divorciado(a),Moro de aluguel e não quero adquirir uma casa própria,Sim,Um pouco,Super maravilhosa mas falta umas coisinhas ,São melhores,"Tenho vontade, mas não vou",Não,4,,Norte
29/03/2026 15:40:20,Homem Cis,45 a 54 anos,Jardim São Dimas,Entre R$ 2.801 e R$ 5.600,Funcionário público,3,"Carro próprio, Patinete próprio",Sim,Uma cidade moderna e cheia de tecnologia,Sim,Não falta nada,2 ou 3 vezes por mês,Às vezes,"Centro / Oeste (ex: Aquarius, Vila Adyana)",Falta de segurança,O preço,Um pouco,"Pop, Sertanejo, MPB","Amazon Prime Video, Spotify",Instagram,Não,Não me recordo,"Portais de Notícias (Meon, Life Informa, Diário de SJC, G1 Vale, 012 News), Canais de TV (Vanguarda, Thathi, Canção Nova, etc.)",4,Esquerda,As empresas e o comércio,Do mesmo jeito,Não,Sim,Casado(a) ou morando junto,Tenho Casa Própria,Não,Muito,Legal mas nada demais ,São piores,"Tenho vontade, mas não vou",Sim,5,,Centro
29/03/2026 15:43:05,Mulher Cis,16 a 17 anos,Vila Industrial,Entre R$ 5.601 e R$ 12.000,Carteira assinada (CLT),3,"Carro próprio, Bicicleta própria, Ônibus",Não,Uma cidade moderna e cheia de tecnologia,Não,Parques e praças mais bem cuidados,2 ou 3 vezes por mês,Nunca,"Centro / Oeste (ex: Aquarius, Vila Adyana)",Falta de segurança,O preço,Um pouco,"Rock, Sertanejo","Apple TV+, Spotify",TikTok,Não,Lívia Graziele,"Portais de Notícias (Meon, Life Informa, Diário de SJC, G1 Vale, 012 News), Páginas de Instagram (Notícias SJC, Explore SJC, Fica Dica SJC, Prefeitura SJC), Grupos de WhatsApp ou Telegram",4,Direita,As empresas e o comércio,Melhorando,Não,Sim,Solteiro(a),Tenho Casa Própria,Não,Muito,,São melhores,Às vezes,Não,3,,Leste
29/03/2026 15:45:26,Homem Cis,45 a 54 anos,Jardim Ismênia,Entre R$ 2.801 e R$ 5.600,Desempregado,3,"Carro alugado, Apps de Bike",Não,Um pouco das duas coisas,Não,"Mais festas e eventos culturais, Mais opções para sair à noite, Restaurantes e lanchonetes diferentes, Parques e praças mais bem cuidados, Melhorar o ônibus e o trânsito",1 vez por mês,Quase nunca,"Centro / Oeste (ex: Aquarius, Vila Adyana)",Falta de segurança,Se o lugar é bonito e agradável,Um pouco,"Rock, Sertanejo, Eletrônica",Não uso nenhum,YouTube,Não,Repórter da vanguarda que apresenta o da noite ,"Portais de Notícias (Meon, Life Informa, Diário de SJC, G1 Vale, 012 News), Rádios (Band Vale, CBN, Jovem Pan, Nativa, Stereo Vale, etc.), Canais de TV (Vanguarda, Thathi, Canção Nova, etc.)",2,Direita,As empresas e o comércio,Do mesmo jeito,Não,Não,Namorando,Moro de aluguel e não quero adquirir uma casa própria,Não,Um pouco,Sempre foi uma cidade acima da média ,São iguais,"Tenho vontade, mas não vou",Não,4,,Leste
29/03/2026 16:11:59,Homem Cis,25 a 34 anos,Vila Tesouro,Entre R$ 2.801 e R$ 5.600,Carteira assinada (CLT),3,"Moto própria, Ônibus",Não,Uma cidade tranquila com jeito de interior,Não,"Mais festas e eventos culturais, Parques e praças mais bem cuidados",1 vez por mês,Às vezes,Zona Leste,É tudo muito caro,O preço,"Sim, muito","Rock, Sertanejo, Funk",Netflix,TikTok,Não,MC ,"Portais de Notícias (Meon, Life Informa, Diário de SJC, G1 Vale, 012 News), Canais de TV (Vanguarda, Thathi, Canção Nova, etc.), Grupos de WhatsApp ou Telegram",3,Centro,Os dois juntos,Do mesmo jeito,Não,Não,Casado(a) ou morando junto,Moro de aluguel mas quero uma casa própria,Não,Um pouco,,São piores,"Tenho vontade, mas não vou",Não,4,,Leste
29/03/2026 16:15:09,Mulher Cis,45 a 54 anos,Jardim Satélite,Entre R$ 12.001 e R$ 26.000,Por conta própria / Bico / PJ,3,"Carro próprio, Moto própria, Apps de transporte (Uber, 99), Apps de Bike, Patinete Alugado, Ônibus",Não,Um pouco das duas coisas,Não,Mais segurança,Toda semana,"Sim, sempre",Zona Sul,Falta de segurança,As notas no Google,"Não, não ligo para isso","Pop, Eletrônica, MPB","Disney+, Apple TV+, Spotify",TikTok,Sim,Kelly Maria ,"Portais de Notícias (Meon, Life Informa, Diário de SJC, G1 Vale, 012 News), Páginas de Instagram (Notícias SJC, Explore SJC, Fica Dica SJC, Prefeitura SJC)",3,Prefiro não responder,As empresas e o comércio,Do mesmo jeito,Não,Não,Divorciado(a),Tenho Casa Própria,Não,Muito,Hoje está muito melhor mas a expectativa era que fosse uma cidade mais evoluída em alguns aspectos,São piores,"Tenho vontade, mas não vou",Não,3,A prefeitura precisa conscientizar donos de animais que isso de ficar largando as fezes nos lugares não é legal,Sul
29/03/2026 16:38:55,Homem Cis,18 a 24 anos,Jardim Sul ,Até R$ 2.800,Carteira assinada (CLT),3,"Apps de transporte (Uber, 99), Ônibus",Sim,Um pouco das duas coisas,Não,"Mais festas e eventos culturais, Parques e praças mais bem cuidados, Mais segurança",2 ou 3 vezes por mês,Às vezes,"Centro / Oeste (ex: Aquarius, Vila Adyana)",É tudo muito caro,O preço,Um pouco,Rock,"Globoplay, Deezer, Game Pass",YouTube,Não,Não sei,"Portais de Notícias (Meon, Life Informa, Diário de SJC, G1 Vale, 012 News), Rádios (Band Vale, CBN, Jovem Pan, Nativa, Stereo Vale, etc.), Canais de TV (Vanguarda, Thathi, Canção Nova, etc.), Páginas de Instagram (Notícias SJC, Explore SJC, Fica Dica SJC, Prefeitura SJC)",2,Esquerda,Os dois juntos,Piorando,Não,Sim,Solteiro(a),Moro de aluguel mas quero uma casa própria,Não,Um pouco,"A Cidade falta muita coisa principalmente para os jovens. Mesmo pensando em opções pagas é sempre mais do mesmo, queria ver grandes festivais aqui, ver gente de outros lugares ocupando a cidade. Além disso é preciso melhorar muito a parte do esporte e da saúde, são poucas quadras poliesportivas pra uso e as que tem são muito disputadas.",São iguais,Às vezes,Não,4,,Sul
29/03/2026 16:41:16,Homem Cis,18 a 24 anos,Galo Branco,Entre R$ 2.801 e R$ 5.600,Por conta própria / Bico / PJ,3,"Apps de transporte (Uber, 99), Apps de Bike, Ônibus",Não,Um pouco das duas coisas,Não,"Mais festas e eventos culturais, Restaurantes e lanchonetes diferentes, Melhorar o ônibus e o trânsito",2 ou 3 vezes por mês,Às vezes,Zona Sul,Falta de segurança,O preço,Um pouco,"Sertanejo, Funk, Trap","Globoplay, Apple TV+, Paramount+, Spotify",TikTok,Não,"bielgrau, Jonas Almeida","Portais de Notícias (Meon, Life Informa, Diário de SJC, G1 Vale, 012 News), Canais de TV (Vanguarda, Thathi, Canção Nova, etc.), Páginas de Instagram (Notícias SJC, Explore SJC, Fica Dica SJC, Prefeitura SJC), Conversando com amigos e família",4,Prefiro não responder,As empresas e o comércio,Melhorando,Não,Não,Solteiro(a),Moro de aluguel e não quero adquirir uma casa própria,Não,Um pouco,,São iguais,"Tenho vontade, mas não vou",Não,4,,Leste
29/03/2026 16:42:38,Mulher Cis,45 a 54 anos,Santa Maria,Entre R$ 2.801 e R$ 5.600,Por conta própria / Bico / PJ,4,"Apps de transporte (Uber, 99), Ônibus",Não,Um pouco das duas coisas,Não,"Restaurantes e lanchonetes diferentes, Melhorar o ônibus e o trânsito, Mais segurança",Quase nunca,Quase nunca,Zona Sul,É tudo muito caro,As notas no Google,Um pouco,"Sertanejo, Funk, Trap","Netflix, Spotify",YouTube,Não,Não sei,"Portais de Notícias (Meon, Life Informa, Diário de SJC, G1 Vale, 012 News), Canais de TV (Vanguarda, Thathi, Canção Nova, etc.), Grupos de WhatsApp ou Telegram",4,Prefiro não responder,Os dois juntos,Do mesmo jeito,Não,Sim,Solteiro(a),Moro de aluguel mas quero uma casa própria,Não,Um pouco,,São iguais,"Tenho vontade, mas não vou",Não,4,,Leste
29/03/2026 16:44:23,Homem Cis,35 a 44 anos,Jardim Augusta,Entre R$ 2.801 e R$ 5.600,Funcionário público,4,"Moto própria, Apps de transporte (Uber, 99), Patinete próprio",Não,Uma cidade tranquila com jeito de interior,Não,"Mais opções para sair à noite, Parques e praças mais bem cuidados",1 vez por mês,Às vezes,"Centro / Oeste (ex: Aquarius, Vila Adyana)",Ônibus ou falta de transporte,O que vejo no Instagram ou TikTok,Um pouco,"Sertanejo, Eletrônica","Disney+, Paramount+, Game Pass",TikTok,Sim,trollandosaojose,"Portais de Notícias (Meon, Life Informa, Diário de SJC, G1 Vale, 012 News), Páginas de Instagram (Notícias SJC, Explore SJC, Fica Dica SJC, Prefeitura SJC), Grupos de WhatsApp ou Telegram",4,Direita,As empresas e o comércio,Do mesmo jeito,Não,Sim,Solteiro(a),Moro de aluguel mas quero uma casa própria,Não,Um pouco,,São iguais,Não tenho interesse,Não,3,,Centro
29/03/2026 16:47:39,Mulher Cis,45 a 54 anos,Jardim Esplanada,Entre R$ 12.001 e R$ 26.000,Estudante,5,"Carro próprio, Apps de transporte (Uber, 99)",Não,Uma cidade moderna e cheia de tecnologia,Não,"Mais festas e eventos culturais, Restaurantes e lanchonetes diferentes, Melhorar o ônibus e o trânsito",1 vez por mês,Às vezes,"Centro / Oeste (ex: Aquarius, Vila Adyana)",Falta de segurança,Se é perto de casa,"Não, não ligo para isso","Pop, Funk, Trap, Eletrônica, Pagode/Samba","Netflix, Amazon Prime Video, Disney+, Globoplay, Spotify",Instagram,Sim,Ornella,"Portais de Notícias (Meon, Life Informa, Diário de SJC, G1 Vale, 012 News), Canais de TV (Vanguarda, Thathi, Canção Nova, etc.), Grupos de WhatsApp ou Telegram",4,Prefiro não responder,Os dois juntos,Do mesmo jeito,Não,Sim,Casado(a) ou morando junto,Moro de aluguel mas quero uma casa própria,Não,Um pouco,Tem crescido demais para o que a estrutura aguenta. O trânsito nos horários de pico está ficando ridulo pra uma cidade que era pra ser de interior. Falta mais planejamento urbano.,São iguais,"Tenho vontade, mas não vou",Não,4,,Oeste
29/03/2026 17:00:47,Mulher Cis,55 anos a 64 anos,Vila Bethânia,Entre R$ 12.001 e R$ 26.000,Dono de empresa,3,"Carro próprio, Apps de transporte (Uber, 99)",Não,Uma cidade moderna e cheia de tecnologia,Não,Mais segurança,1 vez por mês,Nunca,Zona Norte,Não tem lugar legal para ir,O preço,"Sim, muito","Sertanejo, Gospel","Netflix, Paramount+",YouTube,Não,Não sei,"Rádios (Band Vale, CBN, Jovem Pan, Nativa, Stereo Vale, etc.), Canais de TV (Vanguarda, Thathi, Canção Nova, etc.)",4,Prefiro não responder,Os dois juntos,Piorando,Sim,Sim,Casado(a) ou morando junto,Tenho Casa Própria,Não,Um pouco,,São iguais,"Tenho vontade, mas não vou",,3,,Centro
29/03/2026 17:39:36,Homem Cis,45 a 54 anos,Jardim da Granja,Entre R$ 5.601 e R$ 12.000,Carteira assinada (CLT),1,"Carro próprio, Moto própria, Apps de transporte (Uber, 99), Bicicleta própria",Não,Nenhuma delas,Não,"Parques e praças mais bem cuidados, Melhorar o ônibus e o trânsito, Mais segurança",2 ou 3 vezes por mês,"Sim, sempre",Zona Sul,Falta de segurança,As notas no Google,"Não, não ligo para isso","Pop, Rock","Netflix, Amazon Prime Video, Max (HBO), Apple TV+, Spotify, Game Pass",Instagram,Sim,Não,"Páginas de Instagram (Notícias SJC, Explore SJC, Fica Dica SJC, Prefeitura SJC), Conversando com amigos e família",5,Direita,As empresas e o comércio,Piorando,Não,Não,Casado(a) ou morando junto,Tenho Casa Própria,Sim,Não,Já foi boa. Hoje estabas traças. ,São iguais,"Sim, sempre",Sim,4,,Sudeste
29/03/2026 23:16:51,Homem Cis,45 a 54 anos,Bosque dos Eucaliptos,Entre R$ 5.601 e R$ 12.000,Carteira assinada (CLT),3,"Carro próprio, Apps de transporte (Uber, 99)",Não,Nenhuma delas,Não,"Parques e praças mais bem cuidados, Melhorar o ônibus e o trânsito",Toda semana,"Sim, sempre",Zona Sul,Ônibus ou falta de transporte,Indicação de amigos ou família,"Não, não ligo para isso",Rock,Deezer,Instagram,Não,nenhum,"Portais de Notícias (Meon, Life Informa, Diário de SJC, G1 Vale, 012 News), Rádios (Band Vale, CBN, Jovem Pan, Nativa, Stereo Vale, etc.)",5,Esquerda,As empresas e o comércio,Piorando,Não,Não,Divorciado(a),Tenho Casa Própria,Sim,Não,"Um boa cidade que tem muito a melhorar, principalmente em questões sociais",São iguais,Não tenho interesse,Sim,3,,Sul
25/03/2026 19:49:47,Mulher Cis,45 a 54 anos,Jardim Esplanada do Sol,Entre R$ 2.801 e R$ 5.600,Funcionário público,3,"Carro próprio, Apps de transporte (Uber, 99), Bicicleta própria, Apps de Bike, Ônibus",Não,Um pouco das duas coisas,Não,"Mais festas e eventos culturais, Mais opções para sair à noite, Restaurantes e lanchonetes diferentes, Parques e praças mais bem cuidados, Melhorar o ônibus e o trânsito, Mais segurança",Toda semana,Às vezes,Zona Norte,Ônibus ou falta de transporte,Se o lugar é bonito e agradável,Um pouco,"Sertanejo, Funk, Eletrônica",Não uso nenhum,YouTube,Não,Trolandosjc,"Portais de Notícias (Meon, Life Informa, Diário de SJC, G1 Vale, 012 News), Rádios (Band Vale, CBN, Jovem Pan, Nativa, Stereo Vale, etc.), Canais de TV (Vanguarda, Thathi, Canção Nova, etc.), Páginas de Instagram (Notícias SJC, Explore SJC, Fica Dica SJC, Prefeitura SJC), Grupos de WhatsApp ou Telegram, Conversando com amigos e família",1,Direita,Os dois juntos,Do mesmo jeito,Não,Sim,Casado(a) ou morando junto,Moro de aluguel mas quero uma casa própria,Não,Não,Ah... É o que tem pra eu viver né...rs,São piores,Às vezes,Sim,1,,Oeste
25/03/2026 19:52:19,Homem Cis,35 a 44 anos,Jardim das Colinas,Mais de R$ 26.000,Dono de empresa,5,Carro próprio,Sim,Uma cidade tranquila com jeito de interior,Sim,"Mais festas e eventos culturais, Mais opções para sair à noite, Restaurantes e lanchonetes diferentes, Melhorar o ônibus e o trânsito, Mais segurança",1 vez por mês,Quase nunca,"Centro / Oeste (ex: Aquarius, Vila Adyana)",É tudo muito caro,O preço,"Não, não ligo para isso","Rock, Sertanejo","Netflix, Amazon Prime Video",Instagram,Não,Não acompanho,"Portais de Notícias (Meon, Life Informa, Diário de SJC, G1 Vale, 012 News), Rádios (Band Vale, CBN, Jovem Pan, Nativa, Stereo Vale, etc.), Canais de TV (Vanguarda, Thathi, Canção Nova, etc.), Páginas de Instagram (Notícias SJC, Explore SJC, Fica Dica SJC, Prefeitura SJC)",1,Direita,A Prefeitura e o Governo,Piorando,Sim,Sim,Casado(a) ou morando junto,Tenho Casa Própria,Sim,Muito,Uma cidade saudável e que respira alto astral,São iguais,Às vezes,Não,3,,Oeste
25/03/2026 20:11:09,Mulher Cis,18 a 24 anos,Altos do Caetê,Entre R$ 2.801 e R$ 5.600,Carteira assinada (CLT),3,"Carro próprio, Apps de transporte (Uber, 99), Ônibus",Não,Uma cidade tranquila com jeito de interior,Não,"Mais festas e eventos culturais, Mais opções para sair à noite, Restaurantes e lanchonetes diferentes",2 ou 3 vezes por mês,Às vezes,Zona Norte,É tudo muito caro,O preço,"Sim, muito",Sertanejo,Disney+,TikTok,Não,Meire dorigem,"Portais de Notícias (Meon, Life Informa, Diário de SJC, G1 Vale, 012 News), Canais de TV (Vanguarda, Thathi, Canção Nova, etc.), Páginas de Instagram (Notícias SJC, Explore SJC, Fica Dica SJC, Prefeitura SJC), Grupos de WhatsApp ou Telegram",1,Esquerda,A Prefeitura e o Governo,Melhorando,Não,Não,Solteiro(a),Moro de aluguel mas quero uma casa própria,Sim,Um pouco,Falta coisas demais aqui. A juventude vive exilada e por isso muitos acabam usando drogas porque o único rolê que tem é ir pra casa de alguém e ficar chapando,São iguais,Às vezes,Não,1,"Melhorar as perguntas falando sobre a realidade da pessoa, porque cada um tem uma realidade e pra muitos algumas coisas como transporte, educação e lazer falta muito. Mas tudo depende da renda da pessoa ",Norte
25/03/2026 20:35:49,Homem Cis,45 a 54 anos,Bosque dos Eucaliptos ,Entre R$ 2.801 e R$ 5.600,Desempregado,5,"Apps de transporte (Uber, 99), Bicicleta própria",Sim,Um pouco das duas coisas,Sim,Mais segurança,Quase nunca,Quase nunca,Zona Sul,É tudo muito caro,Se o lugar é bonito e agradável,"Não, não ligo para isso","Eletrônica, Gospel","Netflix, YouTube Music",Instagram,Não,Nenhum ,"Rádios (Band Vale, CBN, Jovem Pan, Nativa, Stereo Vale, etc.)",3,Esquerda,Os dois juntos,Melhorando,Sim,Sim,Casado(a) ou morando junto,Moro de aluguel mas quero uma casa própria,Sim,Não,Excelente ,São iguais,Não tenho interesse,Sim,5,Não ,Sul
25/03/2026 22:22:22,Homem Cis,+65 anos,Urbanova,Entre R$ 12.001 e R$ 26.000,Aposentado,3,Carro próprio,Não,Um pouco das duas coisas,Não,Restaurantes e lanchonetes diferentes,1 vez por mês,Às vezes,"Centro / Oeste (ex: Aquarius, Vila Adyana)",É tudo muito caro,Indicação de amigos ou família,"Não, não ligo para isso","Rock, MPB",Não uso nenhum,YouTube,Não,Não conheço nenhum.,"Canais de TV (Vanguarda, Thathi, Canção Nova, etc.)",2,Esquerda,Os dois juntos,Do mesmo jeito,Sim,Não,Casado(a) ou morando junto,Tenho Casa Própria,Não,Não,"Cidade com custo de vida muito alto, pela qualidade que oferece.",Não sei dizer,Às vezes,Não,2,,Oeste
25/03/2026 22:57:11,Mulher Cis,55 anos a 64 anos,Bosque dos eucaliptos ,Entre R$ 5.601 e R$ 12.000,Por conta própria / Bico / PJ,5,Carro próprio,Sim,Uma cidade moderna e cheia de tecnologia,Não,"Parques e praças mais bem cuidados, Melhorar o ônibus e o trânsito, Mais segurança",Quase nunca,Quase nunca,"Centro / Oeste (ex: Aquarius, Vila Adyana)",Não vejo dificuldade,O que vejo no Instagram ou TikTok,"Não, não ligo para isso","Pop, Rock","Netflix, Amazon Prime Video, YouTube Music",Instagram,Sim,"Jonas, a mulher dele, Jonas vilar","Portais de Notícias (Meon, Life Informa, Diário de SJC, G1 Vale, 012 News), Rádios (Band Vale, CBN, Jovem Pan, Nativa, Stereo Vale, etc.), Páginas de Instagram (Notícias SJC, Explore SJC, Fica Dica SJC, Prefeitura SJC)",3,Direita,Os dois juntos,Melhorando,Sim,Sim,Divorciado(a),Tenho Casa Própria,Sim,Não,,São melhores,"Tenho vontade, mas não vou",Não,5,Nao,Sul
25/03/2026 23:03:32,Homem Cis,+65 anos,Parque Industrial ,Até R$ 2.800,Aposentado,5,Carro próprio,Sim,Um pouco das duas coisas,Sim,"Restaurantes e lanchonetes diferentes, Parques e praças mais bem cuidados, Mais segurança",2 ou 3 vezes por mês,"Sim, sempre",Vou em todas as regiões,Não tem lugar legal para ir,Se o lugar é bonito e agradável,"Não, não ligo para isso","Pop, Rock, Sertanejo, MPB, Hip Hop, Pagode/Samba","Netflix, Spotify",Boca a noca,Não,Nenhum. Não sou influenciado por ninguém ,"Portais de Notícias (Meon, Life Informa, Diário de SJC, G1 Vale, 012 News), Canais de TV (Vanguarda, Thathi, Canção Nova, etc.)",1,Direita,As empresas e o comércio,Melhorando,Sim,Sim,Casado(a) ou morando junto,Tenho Casa Própria,Sim,Não,Cidade do futuro,São melhores,"Sim, sempre",Sim,5,"Melhorias de ruas e calçadas. Sou de São José, mas estou morando a 1 e meio no Amazonas. Acompanho São José pelo Facebook. São José é linda e maravilhosa, no entanto as ruas e calçadas estão mal cuidadas. Deveria existir uma lei para os proprietários dos muros também cuidassem , fazendo manutenção nas pinturas . ",Sul
26/03/2026 00:41:48,Mulher Cis,+65 anos,Região Centro Oeste,Entre R$ 5.601 e R$ 12.000,Aposentado,4,Carro próprio,Não,Uma cidade moderna e cheia de tecnologia,Não,"Mais festas e eventos culturais, Mais opções para sair à noite, Restaurantes e lanchonetes diferentes",1 vez por mês,Quase nunca,"Centro / Oeste (ex: Aquarius, Vila Adyana)",Não tem lugar legal para ir,Indicação de amigos ou família,"Não, não ligo para isso","Rock, MPB","Netflix, Amazon Prime Video, Disney+, Max (HBO), Paramount+, YouTube Music",Instagram,Não,Não acompanho nenhum ,"Portais de Notícias (Meon, Life Informa, Diário de SJC, G1 Vale, 012 News), Rádios (Band Vale, CBN, Jovem Pan, Nativa, Stereo Vale, etc.), Canais de TV (Vanguarda, Thathi, Canção Nova, etc.), Páginas de Instagram (Notícias SJC, Explore SJC, Fica Dica SJC, Prefeitura SJC), Grupos de WhatsApp ou Telegram, Conversando com amigos e família",4,Direita,Os dois juntos,Piorando,Sim,Sim,Casado(a) ou morando junto,Tenho Casa Própria,Não,Não,,São melhores,Não tenho interesse,Sim,4,,Oeste
26/03/2026 01:26:35,Homem Cis,45 a 54 anos,Monte Castelo ,Até R$ 2.800,Desempregado,3,"Carro próprio, Apps de transporte (Uber, 99)",Sim,Um pouco das duas coisas,Não,"Mais festas e eventos culturais, Mais opções para sair à noite",Toda semana,"Sim, sempre",Zona Sul,É tudo muito caro,Se o lugar é bonito e agradável,"Não, não ligo para isso","Rock, MPB","Netflix, Globoplay, Spotify",Um pouco de cada e passando nos lugares ,Não,"Não sigo influenciadores específicos que lembre agora , são apenas alguns perfis informativos e de dicas em geral ","Portais de Notícias (Meon, Life Informa, Diário de SJC, G1 Vale, 012 News), Canais de TV (Vanguarda, Thathi, Canção Nova, etc.), Páginas de Instagram (Notícias SJC, Explore SJC, Fica Dica SJC, Prefeitura SJC), Grupos de WhatsApp ou Telegram, Conversando com amigos e família",3,Centro,Os dois juntos,Do mesmo jeito,Sim,Não,Solteiro(a),Moro de aluguel e não quero adquirir uma casa própria,Não,Não,"Uma cidade que vem se modernizando e crescendo , mas de modo um pouco desordenado encarecendo muito as coisas e deixando outras de lado. Falta mais coisas culturais , a saúde decaiu demais , e as pessoas são extremamente bairristas é muito difícil criar amizades e vínculos de relacionamento seja qual for.",São melhores,Às vezes,Sim,3,"A maquiagem não faz a cidade ser realmente melhor , já vi muita cidade que diz ser o máximo mas na verdade tem apenas uma excelente comunicação e modos de esconder o que não está bom.",Centro
26/03/2026 04:23:05,Mulher Cis,+65 anos,Vila Betânia ,Entre R$ 12.001 e R$ 26.000,Por conta própria / Bico / PJ,5,"Apps de transporte (Uber, 99)",Sim,Uma cidade moderna e cheia de tecnologia,Sim,Mais festas e eventos culturais,Quase nunca,Quase nunca,Zona Leste,Não tem lugar legal para ir,Indicação de amigos ou família,"Não, não ligo para isso",Pop,Netflix,Instagram,Não,Ana Borsato ,Conversando com amigos e família,3,Esquerda,Os dois juntos,Melhorando,Sim,Sim,Divorciado(a),Tenho Casa Própria,Sim,Um pouco,Um ótimo lugar para se viver.,São melhores,"Tenho vontade, mas não vou",Sim,4,Mais limpeza nos jardins públicos da Vila Betânia.,Centro
26/03/2026 07:11:14,Homem Cis,25 a 34 anos,Urbanova,Mais de R$ 26.000,Funcionário público,3,"Apps de transporte (Uber, 99)",Não,Um pouco das duas coisas,Não,"Mais opções para sair à noite, Restaurantes e lanchonetes diferentes, Melhorar o ônibus e o trânsito",2 ou 3 vezes por mês,Às vezes,"Centro / Oeste (ex: Aquarius, Vila Adyana)",É tudo muito caro,Se o lugar é bonito e agradável,Um pouco,"Rock, Eletrônica","Netflix, Amazon Prime Video, Disney+, Max (HBO), Apple TV+, Spotify",Instagram,Sim,"Thomaz Henrique, Lucas Pavanato","Portais de Notícias (Meon, Life Informa, Diário de SJC, G1 Vale, 012 News), Páginas de Instagram (Notícias SJC, Explore SJC, Fica Dica SJC, Prefeitura SJC), Conversando com amigos e família",5,Direita,As empresas e o comércio,Piorando,Sim,Sim,Solteiro(a),Moro de aluguel mas quero uma casa própria,Sim,Não,,São iguais,"Tenho vontade, mas não vou",Não,4,,Oeste
26/03/2026 08:31:10,Homem Cis,45 a 54 anos,Bosque dos Ipês ,Entre R$ 5.601 e R$ 12.000,Por conta própria / Bico / PJ,4,"Carro próprio, Apps de transporte (Uber, 99)",Sim,Um pouco das duas coisas,Sim,Melhorar o ônibus e o trânsito,2 ou 3 vezes por mês,Às vezes,Zona Sul,É tudo muito caro,Se o lugar é bonito e agradável,"Não, não ligo para isso","Rock, Sertanejo, MPB, Pagode/Samba","Netflix, Globoplay, Spotify",Instagram,Sim,Nenhum,"Rádios (Band Vale, CBN, Jovem Pan, Nativa, Stereo Vale, etc.), Canais de TV (Vanguarda, Thathi, Canção Nova, etc.), Páginas de Instagram (Notícias SJC, Explore SJC, Fica Dica SJC, Prefeitura SJC)",3,Direita,As empresas e o comércio,Melhorando,Sim,Sim,Casado(a) ou morando junto,Tenho Casa Própria,Sim,Não,"Uma cidade completa, porém muito caro de se viver",São iguais,Às vezes,Sim,4,Não ,Sul
26/03/2026 14:45:49,Mulher Cis,25 a 34 anos,Jardim Esplanada II,Entre R$ 12.001 e R$ 26.000,Carteira assinada (CLT),5,"Carro próprio, Apps de transporte (Uber, 99)",Sim,Uma cidade tranquila com jeito de interior,Não,"Restaurantes e lanchonetes diferentes, Parques e praças mais bem cuidados, Mais segurança",Toda semana,Às vezes,"Centro / Oeste (ex: Aquarius, Vila Adyana)",Não tem lugar legal para ir,As notas no Google,Um pouco,"Pop, MPB","Netflix, Amazon Prime Video, Disney+, Max (HBO), Star+, Spotify",Instagram,Sim,"ocasalsjc, gabifsouza_, sanjadicas","Páginas de Instagram (Notícias SJC, Explore SJC, Fica Dica SJC, Prefeitura SJC)",3,Centro,Os dois juntos,Melhorando,Sim,Sim,Casado(a) ou morando junto,Moro de aluguel mas quero uma casa própria,Não,Não,,Não sei dizer,Às vezes,Não,4,,Oeste
26/03/2026 14:47:29,Mulher Cis,18 a 24 anos,Jd São José II,Até R$ 2.800,Carteira assinada (CLT),2,"Carro próprio, Apps de transporte (Uber, 99), Ônibus, Linha Verde",Não,Um pouco das duas coisas,Não,"Mais festas e eventos culturais, Mais opções para sair à noite, Restaurantes e lanchonetes diferentes, Parques e praças mais bem cuidados, Melhorar o ônibus e o trânsito, Mais segurança",Quase nunca,Às vezes,Vou em todas as regiões,Não tem lugar legal para ir,As notas no Google,"Não, não ligo para isso","Pop, Rock, MPB, Hip Hop, Pagode/Samba","Netflix, Amazon Prime Video, Globoplay, Spotify",Instagram,Não,"Ingrid de Sá e Gustavo Saboya (TikTok), pois a maioria dos outros influencers que conheço são todos vazios e sem personalidade","Portais de Notícias (Meon, Life Informa, Diário de SJC, G1 Vale, 012 News), Páginas de Instagram (Notícias SJC, Explore SJC, Fica Dica SJC, Prefeitura SJC), Grupos de WhatsApp ou Telegram, Conversando com amigos e família",4,Esquerda,A Prefeitura e o Governo,Piorando,Sim,Não,Casado(a) ou morando junto,Moro de aluguel mas quero uma casa própria,Sim,Não,"Cidade medíocre que quer ser uma grande capital, mas a cultura parou nos anos 60. Conservadorismo que coloca cada vez mais vidas de mulheres e pessoas LGBTQIAP+ em risco, crianças e idosos. Aqui só vence homens, brancos e que tem um pouquinho de dinheiro pra se exibir!",São piores,Às vezes,Sim,3,"Mto longa a pesquisa, e não tem objetivo claro. Respondi pq se for algo acadêmico respeito mto",Leste
26/03/2026 15:08:14,Mulher Cis,45 a 54 anos,Jardim del Rey ,Entre R$ 2.801 e R$ 5.600,Carteira assinada (CLT),4,"Carro próprio, Bicicleta própria",Não,Nenhuma delas,Não,"Mais festas e eventos culturais, Mais opções para sair à noite, Parques e praças mais bem cuidados, Mais segurança",Quase nunca,"Sim, sempre","Centro / Oeste (ex: Aquarius, Vila Adyana)",Não tem lugar legal para ir,Indicação de amigos ou família,"Não, não ligo para isso","Pop, Sertanejo, MPB","Netflix, Amazon Prime Video, Disney+, Globoplay",Instagram,Não,Nenhum ,"Portais de Notícias (Meon, Life Informa, Diário de SJC, G1 Vale, 012 News), Rádios (Band Vale, CBN, Jovem Pan, Nativa, Stereo Vale, etc.), Canais de TV (Vanguarda, Thathi, Canção Nova, etc.), Páginas de Instagram (Notícias SJC, Explore SJC, Fica Dica SJC, Prefeitura SJC)",3,Centro,Os dois juntos,Piorando,Sim,Sim,Casado(a) ou morando junto,Tenho Casa Própria,Sim,Não,,São piores,Às vezes,Sim,4,Sim! acho que o poder dá mais valor em bairros nobres e esquece os bairros mais simples ,Sul
26/03/2026 14:58:06,Homem Cis,+65 anos,Urbanova,Até R$ 2.800,Aposentado,5,Carro próprio,Sim,Um pouco das duas coisas,Sim,Não falta nada,Quase nunca,Quase nunca,"Centro / Oeste (ex: Aquarius, Vila Adyana)",É tudo muito caro,Indicação de amigos ou família,"Não, não ligo para isso",Sertanejo,Não uso nenhum,Instagram,Não,Não conheço ,"Páginas de Instagram (Notícias SJC, Explore SJC, Fica Dica SJC, Prefeitura SJC)",4,Direita,As empresas e o comércio,Melhorando,Não,Sim,Casado(a) ou morando junto,Tenho Casa Própria,Não,Não,Lugar agradável ,,"Tenho vontade, mas não vou",Sim,5,Não ,Oeste
26/03/2026 16:22:51,Mulher Cis,+65 anos,Centro ,Entre R$ 5.601 e R$ 12.000,Aposentado,4,Carro próprio,Não,Uma cidade moderna e cheia de tecnologia,Não,Mais segurança,Quase nunca,Quase nunca,"Centro / Oeste (ex: Aquarius, Vila Adyana)",Falta de segurança,Indicação de amigos ou família,"Não, não ligo para isso",Pop,"Max (HBO), YouTube Music",Instagram,Não,Nenhum ,"Páginas de Instagram (Notícias SJC, Explore SJC, Fica Dica SJC, Prefeitura SJC), Grupos de WhatsApp ou Telegram, Conversando com amigos e família",3,Direita,As empresas e o comércio,Piorando,Não,Sim,Divorciado(a),Tenho Casa Própria,Sim,Não,Não sei,Não sei dizer,"Tenho vontade, mas não vou",Não,3,Prefeito zero ,Centro
26/03/2026 20:56:19,Homem Cis,55 anos a 64 anos,Esplanada II,Entre R$ 5.601 e R$ 12.000,Aposentado,3,"Carro próprio, Apps de transporte (Uber, 99)",Sim,Um pouco das duas coisas,Sim,Melhorar o ônibus e o trânsito,Quase nunca,Quase nunca,"Centro / Oeste (ex: Aquarius, Vila Adyana)",Falta de segurança,Indicação de amigos ou família,"Não, não ligo para isso","Rock, MPB","Netflix, Amazon Prime Video, Disney+, Max (HBO), Globoplay",Instagram,Não,"Prospera, Bem, Antiga","Portais de Notícias (Meon, Life Informa, Diário de SJC, G1 Vale, 012 News), Canais de TV (Vanguarda, Thathi, Canção Nova, etc.), Páginas de Instagram (Notícias SJC, Explore SJC, Fica Dica SJC, Prefeitura SJC)",4,Centro,Os dois juntos,Melhorando,Não,Sim,Casado(a) ou morando junto,Tenho Casa Própria,Sim,Não,Pujante com déficit social e na segurança.,Não sei dizer,Às vezes,Sim,3,Déficit universitário público.,Oeste
26/03/2026 21:06:08,Mulher Cis,35 a 44 anos,Jardim Oriente ,Entre R$ 12.001 e R$ 26.000,Carteira assinada (CLT),4,"Carro próprio, Carro alugado, Apps de transporte (Uber, 99), Bicicleta própria, Patinete Alugado, Ônibus, Linha Verde",Não,Um pouco das duas coisas,Não,"Mais festas e eventos culturais, Mais opções para sair à noite, Restaurantes e lanchonetes diferentes, Melhorar o ônibus e o trânsito, Mais segurança",Toda semana,Às vezes,"Centro / Oeste (ex: Aquarius, Vila Adyana)",Não tem lugar legal para ir,As notas no Google,Um pouco,"Pop, Rock, Eletrônica, MPB, Pagode/Samba","Netflix, Amazon Prime Video, Disney+, Max (HBO), Globoplay, Star+, Spotify",Instagram,Sim,"Lena de Moura, Talissa Costa,","Portais de Notícias (Meon, Life Informa, Diário de SJC, G1 Vale, 012 News), Páginas de Instagram (Notícias SJC, Explore SJC, Fica Dica SJC, Prefeitura SJC), Conversando com amigos e família, Não acompanho as notícias da cidade",2,Esquerda,Os dois juntos,Piorando,Sim,Sim,Casado(a) ou morando junto,Tenho Casa Própria,Não,Não,,São piores,Às vezes,Sim,3,,Sul
29/03/2026 23:17:35,Mulher Cis,35 a 44 anos,Jardim Aparecida ,Até R$ 2.800,Por conta própria / Bico / PJ,3,"Apps de transporte (Uber, 99)",Não,Uma cidade tranquila com jeito de interior,Não,Mais opções para sair à noite,1 vez por mês,Quase nunca,"Centro / Oeste (ex: Aquarius, Vila Adyana)",Não tem lugar legal para ir,Indicação de amigos ou família,"Não, não ligo para isso",MPB,Netflix,Instagram,Não,Nenhum,Não acompanho as notícias da cidade,1,Prefiro não responder,Não sei,Do mesmo jeito,Sim,Sim,Solteiro(a),Moro de aluguel mas quero uma casa própria,Sim,Um pouco,"Bonita, aconchegante, porém com um custo de vida alto principalmente em relação a aluguel ",São piores,Às vezes,Sim,4,Custo de vida daqui ser tão alto ,Centro
29/03/2026 23:19:33,Mulher Cis,45 a 54 anos,Bosque dos Ipês ,Entre R$ 12.001 e R$ 26.000,Carteira assinada (CLT),5,"Carro próprio, Bicicleta própria",Não,Um pouco das duas coisas,Sim,Mais festas e eventos culturais,2 ou 3 vezes por mês,Às vezes,"Centro / Oeste (ex: Aquarius, Vila Adyana)",Não tem lugar legal para ir,O que vejo no Instagram ou TikTok,"Não, não ligo para isso","Rock, MPB","Netflix, Amazon Prime Video, Spotify",Instagram,Sim,Não tenho facilidade para lembrar nomes de pessoas . Mas o Explore São José eu sempre vejo,"Páginas de Instagram (Notícias SJC, Explore SJC, Fica Dica SJC, Prefeitura SJC), Não acompanho as notícias da cidade",3,Esquerda,Os dois juntos,Do mesmo jeito,Sim,Sim,Namorando,Tenho Casa Própria,Não,Não,"Cidade moderna, bem organizada, muitas oportunidades. ",São melhores,"Sim, sempre",Não,3,,Sul
29/03/2026 23:19:41,Mulher Cis,25 a 34 anos,Chácara Araújo 1,Entre R$ 2.801 e R$ 5.600,Carteira assinada (CLT),3,"Apps de transporte (Uber, 99), Ônibus",Não,Um pouco das duas coisas,Não,"Mais festas e eventos culturais, Mais opções para sair à noite, Parques e praças mais bem cuidados, Melhorar o ônibus e o trânsito, Mais segurança",2 ou 3 vezes por mês,Às vezes,"Centro / Oeste (ex: Aquarius, Vila Adyana)",Não tem lugar legal para ir,O que vejo no Instagram ou TikTok,"Não, não ligo para isso","Pop, Rock, Eletrônica",Netflix,TikTok,Sim,"Explore sjc, sanja dicas","Páginas de Instagram (Notícias SJC, Explore SJC, Fica Dica SJC, Prefeitura SJC), Conversando com amigos e família",3,Prefiro não responder,Os dois juntos,Do mesmo jeito,Sim,Sim,Solteiro(a),Moro de aluguel mas quero uma casa própria,Sim,Não,Cidade cara para se morar,Não sei dizer,Às vezes,Sim,3,,Leste
29/03/2026 23:25:06,Homem Cis,45 a 54 anos,BOSQUES DOS IPES,Entre R$ 5.601 e R$ 12.000,Carteira assinada (CLT),4,Carro próprio,Sim,Um pouco das duas coisas,Sim,"Parques e praças mais bem cuidados, Melhorar o ônibus e o trânsito, Mais segurança",1 vez por mês,"Sim, sempre",Zona Sul,Falta de segurança,O preço,"Não, não ligo para isso","Pop, Rock, MPB","Netflix, Disney+, Max (HBO), Globoplay, Apple TV+, Deezer, YouTube Music",Instagram,Não,N/A,"Portais de Notícias (Meon, Life Informa, Diário de SJC, G1 Vale, 012 News)",4,Prefiro não responder,As empresas e o comércio,Do mesmo jeito,Sim,Sim,Casado(a) ou morando junto,Tenho Casa Própria,Sim,Não,"AVANCANDO, PODE MELHORAR DE VERDADE",São iguais,Às vezes,Não,4,"PRECISA APLICAR O MESMO CONCEITO DE URBANIZAÇÃO PARA TODOS OS BAIRROS, É NOTORIO A DIFERENÇA DA URBANIZAÇÃO DO URBANOVA (PRAÇAS, ESPORTES) E DOM PEDRO.",Sul
29/03/2026 23:30:44,Homem Cis,35 a 44 anos,Vista verde ,Entre R$ 5.601 e R$ 12.000,Desempregado,3,Carro próprio,Sim,Um pouco das duas coisas,Sim,"Restaurantes e lanchonetes diferentes, Parques e praças mais bem cuidados",2 ou 3 vezes por mês,Às vezes,Vou em todas as regiões,É tudo muito caro,O preço,"Não, não ligo para isso","Pop, Rock, Sertanejo, MPB, Pagode/Samba","Netflix, Amazon Prime Video, Disney+, Max (HBO), Globoplay, Apple TV+, Star+, Paramount+, Spotify",Instagram,Sim,Não sei,"Portais de Notícias (Meon, Life Informa, Diário de SJC, G1 Vale, 012 News), Rádios (Band Vale, CBN, Jovem Pan, Nativa, Stereo Vale, etc.), Páginas de Instagram (Notícias SJC, Explore SJC, Fica Dica SJC, Prefeitura SJC), Conversando com amigos e família",2,Esquerda,Os dois juntos,Piorando,Não,Sim,Casado(a) ou morando junto,Moro de aluguel mas quero uma casa própria,Não,Um pouco,Extremamente cara para se viver e com uma população burguesa e de direita. ,São iguais,Às vezes,Não,3,"Cidade corta suas árvores, especulação imobiliária altíssima, prefeito e vereadores de extrema direita, obras em horário comercial. Está na hora de sjc rever seus objetivos. ",Leste
30/03/2026 00:02:09,Mulher Cis,35 a 44 anos,Aquarius ,Mais de R$ 26.000,Carteira assinada (CLT),5,"Carro próprio, Apps de transporte (Uber, 99)",Não,Um pouco das duas coisas,Sim,"Mais festas e eventos culturais, Mais opções para sair à noite, Restaurantes e lanchonetes diferentes",2 ou 3 vezes por mês,Às vezes,Vou em todas as regiões,Não tem lugar legal para ir,O que vejo no Instagram ou TikTok,"Não, não ligo para isso","Pop, Sertanejo, Funk, Pagode/Samba","Netflix, Spotify",Instagram,Sim,"Ocasalsjc, ficadicasjc e sjc_ity","Portais de Notícias (Meon, Life Informa, Diário de SJC, G1 Vale, 012 News), Rádios (Band Vale, CBN, Jovem Pan, Nativa, Stereo Vale, etc.), Canais de TV (Vanguarda, Thathi, Canção Nova, etc.), Páginas de Instagram (Notícias SJC, Explore SJC, Fica Dica SJC, Prefeitura SJC), Grupos de WhatsApp ou Telegram, Conversando com amigos e família",2,Prefiro não responder,As empresas e o comércio,Melhorando,Sim,Sim,Casado(a) ou morando junto,Moro de aluguel mas quero uma casa própria,Sim,Não,Uma cidade muito boa para se morar,São melhores,Às vezes,Sim,3,,Oeste
30/03/2026 00:04:05,Mulher Cis,25 a 34 anos,Santa Julia,Entre R$ 2.801 e R$ 5.600,Carteira assinada (CLT),3,"Carro próprio, Moto própria, Apps de transporte (Uber, 99)",Não,Uma cidade tranquila com jeito de interior,Não,"Mais festas e eventos culturais, Parques e praças mais bem cuidados, Mais segurança",Quase nunca,"Sim, sempre",Zona Leste,Não tem lugar legal para ir,O preço,Um pouco,"Sertanejo, Funk","Netflix, Disney+, Paramount+",TikTok,Não,Não acompanho nenhim,"Portais de Notícias (Meon, Life Informa, Diário de SJC, G1 Vale, 012 News), Rádios (Band Vale, CBN, Jovem Pan, Nativa, Stereo Vale, etc.), Páginas de Instagram (Notícias SJC, Explore SJC, Fica Dica SJC, Prefeitura SJC)",3,Centro,Não sei,Do mesmo jeito,Não,Não,Casado(a) ou morando junto,Moro de aluguel mas quero uma casa própria,Não,Um pouco,Cidade de oportunidades ,São iguais,Não tenho interesse,Não,4,,Sudeste
30/03/2026 00:04:30,Homem Cis,25 a 34 anos,Monte Castelo ,Entre R$ 5.601 e R$ 12.000,Carteira assinada (CLT),4,Carro próprio,Não,Uma cidade tranquila com jeito de interior,Não,"Mais festas e eventos culturais, Mais opções para sair à noite",1 vez por mês,Quase nunca,Vou em todas as regiões,Não tem lugar legal para ir,O preço,"Não, não ligo para isso","Pop, Funk, Trap, Hip Hop","Netflix, Amazon Prime Video, Disney+, Max (HBO), Globoplay, YouTube Music",Instagram,Sim,Sanja dicas,"Canais de TV (Vanguarda, Thathi, Canção Nova, etc.), Páginas de Instagram (Notícias SJC, Explore SJC, Fica Dica SJC, Prefeitura SJC)",2,Esquerda,As empresas e o comércio,Do mesmo jeito,Sim,Não,Casado(a) ou morando junto,Moro de aluguel e não quero adquirir uma casa própria,Não,Um pouco,"""O ruim de São José é o joseense!""",São iguais,Não tenho interesse,Sim,2,A cidade precisa cuidar mais dos animais e vemos muito abandono e maus tratos a animais principalmente nas regiões mais periféricas.,Centro
30/03/2026 00:04:51,Mulher Cis,35 a 44 anos,Jardim Augusta,Entre R$ 2.801 e R$ 5.600,Carteira assinada (CLT),3,Carro próprio,Não,Um pouco das duas coisas,Não,"Mais festas e eventos culturais, Mais opções para sair à noite, Parques e praças mais bem cuidados, Mais segurança",Quase nunca,Às vezes,"Centro / Oeste (ex: Aquarius, Vila Adyana)",Não tem lugar legal para ir,As notas no Google,"Não, não ligo para isso","Sertanejo, Pagode/Samba","Amazon Prime Video, Spotify",Instagram,Não,Não conheço nenhum,"Portais de Notícias (Meon, Life Informa, Diário de SJC, G1 Vale, 012 News), Páginas de Instagram (Notícias SJC, Explore SJC, Fica Dica SJC, Prefeitura SJC)",4,Centro,As empresas e o comércio,Piorando,Sim,Sim,Solteiro(a),Tenho Casa Própria,Sim,Não,Enganação,Não sei dizer,"Tenho vontade, mas não vou",Não,3,,Centro
30/03/2026 00:05:28,Homem Cis,55 anos a 64 anos,Costinha,Entre R$ 2.801 e R$ 5.600,Por conta própria / Bico / PJ,3,"Carro próprio, Carro alugado, Apps de Bike",Não,Uma cidade tranquila com jeito de interior,Não,"Mais festas e eventos culturais, Mais opções para sair à noite, Parques e praças mais bem cuidados",1 vez por mês,Quase nunca,Zona Norte,É tudo muito caro,O preço,"Sim, muito","Rock, Sertanejo, MPB","Amazon Prime Video, Disney+, Apple TV+",TikTok,Não,Não sei,"Portais de Notícias (Meon, Life Informa, Diário de SJC, G1 Vale, 012 News), Conversando com amigos e família",3,Prefiro não responder,Não sei,Do mesmo jeito,Não,Sim,Divorciado(a),Moro de aluguel e não quero adquirir uma casa própria,Não,Um pouco,,São melhores,"Tenho vontade, mas não vou",Não,4,,Norte
30/03/2026 00:07:51,Mulher Cis,25 a 34 anos,Galo Branco,Entre R$ 2.801 e R$ 5.600,Funcionário público,3,"Carro próprio, Apps de transporte (Uber, 99), Patinete próprio",Sim,Uma cidade tranquila com jeito de interior,Não,"Mais festas e eventos culturais, Mais opções para sair à noite, Restaurantes e lanchonetes diferentes, Parques e praças mais bem cuidados, Melhorar o ônibus e o trânsito, Mais segurança",Toda semana,Às vezes,Zona Sul,Não tem lugar legal para ir,O que vejo no Instagram ou TikTok,"Não, não ligo para isso","Sertanejo, Funk, Eletrônica","Disney+, Apple TV+, Deezer",YouTube,Não,Lívia graziele,"Portais de Notícias (Meon, Life Informa, Diário de SJC, G1 Vale, 012 News), Páginas de Instagram (Notícias SJC, Explore SJC, Fica Dica SJC, Prefeitura SJC)",2,Esquerda,Não sei,Piorando,Não,Não,Casado(a) ou morando junto,Moro de aluguel mas quero uma casa própria,Não,Um pouco,Minha cidade desde que vim pra cá com minha família ,São iguais,"Tenho vontade, mas não vou",Não,4,,Leste
30/03/2026 00:12:15,Mulher Cis,45 a 54 anos,Santa Hermínia,Até R$ 2.800,Carteira assinada (CLT),1,Moto própria,Não,Nenhuma delas,Não,"Mais festas e eventos culturais, Mais opções para sair à noite, Melhorar o ônibus e o trânsito, Mais segurança",1 vez por mês,Às vezes,Zona Sul,Ônibus ou falta de transporte,Indicação de amigos ou família,Um pouco,"Pop, Rock, Sertanejo","Amazon Prime Video, Spotify",YouTube,Não,Não sei da região ,"Portais de Notícias (Meon, Life Informa, Diário de SJC, G1 Vale, 012 News), Rádios (Band Vale, CBN, Jovem Pan, Nativa, Stereo Vale, etc.), Páginas de Instagram (Notícias SJC, Explore SJC, Fica Dica SJC, Prefeitura SJC), Grupos de WhatsApp ou Telegram",3,Prefiro não responder,Os dois juntos,Do mesmo jeito,Não,Não,Namorando,Moro de aluguel mas quero uma casa própria,Não,Um pouco,Desgastada...,São iguais,Às vezes,Não,4,,Leste
30/03/2026 00:21:24,Homem Cis,18 a 24 anos,Jardim Morumbi,Entre R$ 2.801 e R$ 5.600,Por conta própria / Bico / PJ,3,"Carro alugado, Apps de transporte (Uber, 99)",Não,Uma cidade tranquila com jeito de interior,Não,"Mais opções para sair à noite, Parques e praças mais bem cuidados",2 ou 3 vezes por mês,Quase nunca,Zona Leste,É tudo muito caro,O preço,Um pouco,"Rock, MPB","Disney+, Deezer",YouTube,Não,Não sei,"Portais de Notícias (Meon, Life Informa, Diário de SJC, G1 Vale, 012 News), Canais de TV (Vanguarda, Thathi, Canção Nova, etc.), Páginas de Instagram (Notícias SJC, Explore SJC, Fica Dica SJC, Prefeitura SJC)",3,Direita,Não sei,Do mesmo jeito,Sim,Não,Namorando,Moro de aluguel mas quero uma casa própria,Não,Um pouco,,São iguais,Às vezes,Sim,3,,Sul
30/03/2026 00:23:21,Homem Cis,45 a 54 anos,Bela Vista,Entre R$ 2.801 e R$ 5.600,Funcionário público,3,"Carro próprio, Apps de transporte (Uber, 99), Ônibus",Não,Uma cidade tranquila com jeito de interior,Não,"Mais opções para sair à noite, Parques e praças mais bem cuidados",2 ou 3 vezes por mês,Quase nunca,Vou em todas as regiões,É tudo muito caro,O que vejo no Instagram ou TikTok,Um pouco,"Sertanejo, Eletrônica","Netflix, Disney+, YouTube Music",YouTube,Não,trolando São José ,"Rádios (Band Vale, CBN, Jovem Pan, Nativa, Stereo Vale, etc.), Canais de TV (Vanguarda, Thathi, Canção Nova, etc.), Páginas de Instagram (Notícias SJC, Explore SJC, Fica Dica SJC, Prefeitura SJC)",4,Centro,As empresas e o comércio,Piorando,Não,Não,Casado(a) ou morando junto,Moro de aluguel e não quero adquirir uma casa própria,Não,Muito,,São piores,"Tenho vontade, mas não vou",Não,3,,Centro
30/03/2026 00:24:47,Mulher Cis,25 a 34 anos,Vila Paiva,Entre R$ 2.801 e R$ 5.600,Por conta própria / Bico / PJ,4,"Carro próprio, Apps de transporte (Uber, 99), Ônibus",Não,Um pouco das duas coisas,Não,"Mais festas e eventos culturais, Melhorar o ônibus e o trânsito",1 vez por mês,Quase nunca,Zona Leste,É tudo muito caro,O preço,Um pouco,Sertanejo,"Paramount+, Game Pass",YouTube,Não,Nenhum,"Portais de Notícias (Meon, Life Informa, Diário de SJC, G1 Vale, 012 News), Rádios (Band Vale, CBN, Jovem Pan, Nativa, Stereo Vale, etc.), Canais de TV (Vanguarda, Thathi, Canção Nova, etc.), Páginas de Instagram (Notícias SJC, Explore SJC, Fica Dica SJC, Prefeitura SJC), Grupos de WhatsApp ou Telegram, Conversando com amigos e família",4,Prefiro não responder,As empresas e o comércio,Do mesmo jeito,Não,Não,Solteiro(a),Moro de aluguel e não quero adquirir uma casa própria,Não,Um pouco,,São piores,"Tenho vontade, mas não vou",Sim,3,,Norte
30/03/2026 00:43:55,Homem Cis,25 a 34 anos,Aquarius,Entre R$ 2.801 e R$ 5.600,Por conta própria / Bico / PJ,4,"Apps de transporte (Uber, 99), Ônibus",Não,Um pouco das duas coisas,Não,"Mais festas e eventos culturais, Mais opções para sair à noite, Restaurantes e lanchonetes diferentes, Parques e praças mais bem cuidados, Melhorar o ônibus e o trânsito, Mais segurança",2 ou 3 vezes por mês,Quase nunca,"Centro / Oeste (ex: Aquarius, Vila Adyana)",É tudo muito caro,Se o lugar é bonito e agradável,"Não, não ligo para isso","Pop, Rock, Funk, Eletrônica","Netflix, Amazon Prime Video, Disney+, Max (HBO), Spotify",Instagram,Não,.,"Portais de Notícias (Meon, Life Informa, Diário de SJC, G1 Vale, 012 News), Páginas de Instagram (Notícias SJC, Explore SJC, Fica Dica SJC, Prefeitura SJC)",3,Esquerda,As empresas e o comércio,Piorando,Sim,Não,Namorando,Moro de aluguel e não quero adquirir uma casa própria,Sim,Não,Uma cidade que deseja ser São Paulo porém sem as oportunidades que a mesma oferece ,São melhores,Às vezes,Não,3,,Oeste
30/03/2026 06:14:04,Mulher Cis,18 a 24 anos,Jardim Sul,Entre R$ 5.601 e R$ 12.000,Carteira assinada (CLT),4,"Carro próprio, Apps de transporte (Uber, 99), Patinete Alugado, Ônibus",Sim,Um pouco das duas coisas,Sim,Mais segurança,2 ou 3 vezes por mês,Às vezes,"Centro / Oeste (ex: Aquarius, Vila Adyana)",Não vejo dificuldade,Se o lugar é bonito e agradável,"Não, não ligo para isso","Pop, Rock, MPB","Netflix, Max (HBO), Spotify, YouTube Music, PlayStation Plus",Instagram,Sim,.,"Portais de Notícias (Meon, Life Informa, Diário de SJC, G1 Vale, 012 News), Páginas de Instagram (Notícias SJC, Explore SJC, Fica Dica SJC, Prefeitura SJC)",1,Direita,Os dois juntos,Melhorando,Sim,Sim,Casado(a) ou morando junto,Moro de aluguel mas quero uma casa própria,Não,Não,,São melhores,Não tenho interesse,Não,5,,Sul
30/03/2026 06:55:06,Mulher Cis,45 a 54 anos,Vista Verde,Entre R$ 5.601 e R$ 12.000,Por conta própria / Bico / PJ,4,Carro próprio,Não,Um pouco das duas coisas,Não,"Mais festas e eventos culturais, Mais opções para sair à noite, Restaurantes e lanchonetes diferentes",2 ou 3 vezes por mês,Às vezes,"Centro / Oeste (ex: Aquarius, Vila Adyana)",Não tem lugar legal para ir,Se o lugar é bonito e agradável,"Não, não ligo para isso","MPB, Hip Hop, Pagode/Samba","Netflix, Amazon Prime Video, Disney+, Max (HBO), Globoplay, Apple TV+, Spotify",Instagram,Não,Não tenho referência ,"Rádios (Band Vale, CBN, Jovem Pan, Nativa, Stereo Vale, etc.), Páginas de Instagram (Notícias SJC, Explore SJC, Fica Dica SJC, Prefeitura SJC)",3,Esquerda,Os dois juntos,Melhorando,Sim,Sim,Casado(a) ou morando junto,Tenho Casa Própria,Sim,Não,,São melhores,"Sim, sempre",Não,5,,Leste
30/03/2026 07:00:19,Homem Cis,25 a 34 anos,Jardim São Dimas ,Entre R$ 5.601 e R$ 12.000,Carteira assinada (CLT),4,"Apps de transporte (Uber, 99), Ônibus, Linha Verde",Sim,Uma cidade tranquila com jeito de interior,Não,"Parques e praças mais bem cuidados, Melhorar o ônibus e o trânsito",2 ou 3 vezes por mês,Às vezes,"Centro / Oeste (ex: Aquarius, Vila Adyana)",É tudo muito caro,O preço,"Não, não ligo para isso","Pop, Eletrônica, MPB","Netflix, Amazon Prime Video, Disney+, Max (HBO), Spotify, YouTube Music, PlayStation Plus",Instagram,Não,Não acompanho rs ,"Portais de Notícias (Meon, Life Informa, Diário de SJC, G1 Vale, 012 News), Rádios (Band Vale, CBN, Jovem Pan, Nativa, Stereo Vale, etc.), Canais de TV (Vanguarda, Thathi, Canção Nova, etc.), Páginas de Instagram (Notícias SJC, Explore SJC, Fica Dica SJC, Prefeitura SJC)",4,Prefiro não responder,As empresas e o comércio,Melhorando,Sim,Sim,Casado(a) ou morando junto,Moro de aluguel mas quero uma casa própria,Não,Muito,Tranquila em determinados pontos e pronta pra evoluir em determinados nichos ,São iguais,Às vezes,Não,5,,Centro
30/03/2026 07:11:08,Mulher Cis,25 a 34 anos,JARDIM SATÉLITE,Até R$ 2.800,Estudante,3,"Carro próprio, Apps de transporte (Uber, 99), Ônibus",Sim,Um pouco das duas coisas,Não,Melhorar o ônibus e o trânsito,2 ou 3 vezes por mês,Às vezes,Zona Sul,É tudo muito caro,O preço,Um pouco,"Rock, Funk, Eletrônica, MPB, Hip Hop","Netflix, Globoplay, Spotify",TikTok,Não,.,"Páginas de Instagram (Notícias SJC, Explore SJC, Fica Dica SJC, Prefeitura SJC)",1,Esquerda,Os dois juntos,Do mesmo jeito,Sim,Sim,Solteiro(a),Moro de aluguel mas quero uma casa própria,Não,Um pouco,,São melhores,"Tenho vontade, mas não vou",Sim,4,,Sul
30/03/2026 07:15:47,Homem Cis,25 a 34 anos,Santana ,Entre R$ 5.601 e R$ 12.000,Carteira assinada (CLT),5,Carro próprio,Sim,Um pouco das duas coisas,Sim,Não falta nada,2 ou 3 vezes por mês,Nunca,Zona Norte,Não vejo dificuldade,Indicação de amigos ou família,"Não, não ligo para isso","Sertanejo, Funk","Netflix, Amazon Prime Video, Globoplay",Instagram,Não,N/A,"Portais de Notícias (Meon, Life Informa, Diário de SJC, G1 Vale, 012 News), Páginas de Instagram (Notícias SJC, Explore SJC, Fica Dica SJC, Prefeitura SJC)",1,Prefiro não responder,Os dois juntos,Melhorando,Sim,Sim,Casado(a) ou morando junto,Moro de aluguel mas quero uma casa própria,Sim,Muito,Ótima cidade para se morar.,São melhores,"Sim, sempre",Sim,5,,Norte
30/03/2026 07:20:35,Mulher Cis,35 a 44 anos,Vila Adyana ,Mais de R$ 26.000,Por conta própria / Bico / PJ,5,"Carro próprio, Apps de transporte (Uber, 99), Patinete Alugado",Sim,Um pouco das duas coisas,Sim,Não falta nada,Toda semana,Quase nunca,"Centro / Oeste (ex: Aquarius, Vila Adyana)",É tudo muito caro,Indicação de amigos ou família,"Não, não ligo para isso","Pop, MPB, Gospel","Netflix, Amazon Prime Video, Disney+, YouTube Music",Google,Não,Não tenho rede social ,"Portais de Notícias (Meon, Life Informa, Diário de SJC, G1 Vale, 012 News), Rádios (Band Vale, CBN, Jovem Pan, Nativa, Stereo Vale, etc.), Conversando com amigos e família",3,Centro,As empresas e o comércio,Melhorando,Sim,Sim,Casado(a) ou morando junto,Tenho Casa Própria,Sim,Não,,São melhores,Às vezes,Sim,5,,Centro
30/03/2026 07:26:31,Homem Cis,25 a 34 anos,Jd Paineiras,Entre R$ 5.601 e R$ 12.000,Por conta própria / Bico / PJ,4,"Carro próprio, Moto própria",Não,Um pouco das duas coisas,Não,"Mais festas e eventos culturais, Restaurantes e lanchonetes diferentes, Parques e praças mais bem cuidados, Melhorar o ônibus e o trânsito, Mais segurança",Quase nunca,Às vezes,Zona Sul,Não tem lugar legal para ir,O preço,"Não, não ligo para isso","Rock, Sertanejo, Funk, Trap, Eletrônica, Hip Hop, Gospel, Pagode/Samba","Netflix, Amazon Prime Video, Disney+",Instagram,Não,Não acompanho nenhum,"Portais de Notícias (Meon, Life Informa, Diário de SJC, G1 Vale, 012 News), Páginas de Instagram (Notícias SJC, Explore SJC, Fica Dica SJC, Prefeitura SJC), Grupos de WhatsApp ou Telegram",3,Direita,Os dois juntos,Melhorando,Não,Sim,Casado(a) ou morando junto,Tenho Casa Própria,Não,Não,Uma boa cidade para se morar,São melhores,Não tenho interesse,Sim,4,"É preciso muito melhorar alguns aspectos no trânsito. Por exemplo, moro no jd paineiras e o trânsito na região do morro do gás está ficando cada dia pior nos horários de pico. Outro ponto de engarrafamento é na região do Nova Michigan, como muitas pessoas irão morar nos condomínios que estão sendo entregues ali no jd Paineiras, esse ponto em específico ficará totalmente inviável de se transitar. Mais um ponto não menos importante, estrutura de rede da EDP, no condomínio onde irei morar, que já está liberado para reformas e até mudanças, tivemos falhas na alimentação de energia, acredito eu que a EDP terá que melhorar o fornecimento para o nosso bairro. Não sei até onde essa pesquisa irá chegar, mas se for algo que chegue nas autoridades será de grande valor para nós, futuros ou atuais moradores do Jd Paineiras.  Obrigado pela atenção.",Leste
30/03/2026 07:47:38,Mulher Cis,25 a 34 anos,Já oriente ,Entre R$ 12.001 e R$ 26.000,Por conta própria / Bico / PJ,4,"Apps de transporte (Uber, 99), Bicicleta própria, Apps de Bike, Patinete Alugado, Linha Verde",Sim,Uma cidade tranquila com jeito de interior,Não,"Parques e praças mais bem cuidados, Mais segurança",Toda semana,"Sim, sempre","Centro / Oeste (ex: Aquarius, Vila Adyana)",Falta de segurança,Se o lugar é bonito e agradável,"Não, não ligo para isso","Pop, Rock, Sertanejo","Netflix, Amazon Prime Video, Disney+, Max (HBO), Globoplay, Apple TV+, Paramount+, Spotify",Instagram,Não,Não acompanho ,"Portais de Notícias (Meon, Life Informa, Diário de SJC, G1 Vale, 012 News), Páginas de Instagram (Notícias SJC, Explore SJC, Fica Dica SJC, Prefeitura SJC)",3,Prefiro não responder,As empresas e o comércio,Do mesmo jeito,Sim,Sim,Solteiro(a),Moro de aluguel mas quero uma casa própria,Não,Não,,São melhores,Às vezes,Sim,1,,Sul
30/03/2026 08:00:29,Mulher Cis,25 a 34 anos,Vila Monterrey ,Entre R$ 5.601 e R$ 12.000,Carteira assinada (CLT),4,"Carro próprio, Apps de transporte (Uber, 99), Ônibus",Não,Um pouco das duas coisas,Não,"Mais festas e eventos culturais, Mais opções para sair à noite, Restaurantes e lanchonetes diferentes, Melhorar o ônibus e o trânsito, Mais segurança",1 vez por mês,Quase nunca,Zona Sul,É tudo muito caro,As notas no Google,Um pouco,"Sertanejo, MPB, Gospel",Spotify,Instagram,Não,Não conheço nenhum.,"Portais de Notícias (Meon, Life Informa, Diário de SJC, G1 Vale, 012 News), Canais de TV (Vanguarda, Thathi, Canção Nova, etc.), Páginas de Instagram (Notícias SJC, Explore SJC, Fica Dica SJC, Prefeitura SJC), Conversando com amigos e família",3,Direita,Não sei,Do mesmo jeito,Sim,Sim,Solteiro(a),Moro de aluguel mas quero uma casa própria,Sim,Não,"Um bom lugar para se viver, melhor do que a capital. Amo SJC por ser muito arborizada.",São iguais,Às vezes,Sim,4,,Sudeste
30/03/2026 08:01:52,Homem Cis,35 a 44 anos,Vila tesouro,Entre R$ 5.601 e R$ 12.000,Carteira assinada (CLT),4,"Carro próprio, Moto própria, Apps de transporte (Uber, 99), Ônibus, Linha Verde",Sim,Um pouco das duas coisas,Sim,"Mais festas e eventos culturais, Restaurantes e lanchonetes diferentes",2 ou 3 vezes por mês,Às vezes,Vou em todas as regiões,Não tem lugar legal para ir,Se o lugar é bonito e agradável,"Não, não ligo para isso","Pop, Rock, MPB, Hip Hop, Pagode/Samba","Netflix, Amazon Prime Video, Disney+, Max (HBO), Globoplay, Apple TV+, Spotify",Instagram,Sim,Borasjc ,"Portais de Notícias (Meon, Life Informa, Diário de SJC, G1 Vale, 012 News), Rádios (Band Vale, CBN, Jovem Pan, Nativa, Stereo Vale, etc.), Páginas de Instagram (Notícias SJC, Explore SJC, Fica Dica SJC, Prefeitura SJC)",3,Centro,As empresas e o comércio,Do mesmo jeito,Sim,Sim,Casado(a) ou morando junto,Moro de aluguel mas quero uma casa própria,Sim,Um pouco,,São piores,Às vezes,Não,,,Leste
30/03/2026 08:16:53,Homem Cis,45 a 54 anos,Vista Verde,Entre R$ 2.801 e R$ 5.600,Por conta própria / Bico / PJ,5,"Carro próprio, Apps de transporte (Uber, 99), Ônibus",Sim,Uma cidade moderna e cheia de tecnologia,Não,"Mais festas e eventos culturais, Melhorar o ônibus e o trânsito, Mais segurança",1 vez por mês,Quase nunca,"Centro / Oeste (ex: Aquarius, Vila Adyana)",É tudo muito caro,Indicação de amigos ou família,"Não, não ligo para isso","Pop, Rock, Sertanejo, Pagode/Samba","Netflix, Amazon Prime Video",Instagram,Não,Edu Santos Resgatando SJC,"Portais de Notícias (Meon, Life Informa, Diário de SJC, G1 Vale, 012 News), Rádios (Band Vale, CBN, Jovem Pan, Nativa, Stereo Vale, etc.), Páginas de Instagram (Notícias SJC, Explore SJC, Fica Dica SJC, Prefeitura SJC), Conversando com amigos e família",3,Direita,As empresas e o comércio,Do mesmo jeito,Não,Sim,Casado(a) ou morando junto,Tenho Casa Própria,Não,Não,Uma das melhores cidades para se viver,São melhores,"Sim, sempre",Sim,4,,Leste
30/03/2026 08:27:10,Mulher Cis,25 a 34 anos,Jardim Sul ,Entre R$ 5.601 e R$ 12.000,Por conta própria / Bico / PJ,3,"Carro próprio, Apps de transporte (Uber, 99)",Sim,Um pouco das duas coisas,Não,"Parques e praças mais bem cuidados, Mais segurança",Toda semana,Às vezes,Zona Sul,É tudo muito caro,O preço,Um pouco,"Pop, Sertanejo, MPB","Netflix, Amazon Prime Video, Max (HBO), Spotify",Instagram,Sim,"Inspire outras, diário de São José","Canais de TV (Vanguarda, Thathi, Canção Nova, etc.), Páginas de Instagram (Notícias SJC, Explore SJC, Fica Dica SJC, Prefeitura SJC)",4,Direita,Os dois juntos,Do mesmo jeito,Sim,Sim,Casado(a) ou morando junto,Moro de aluguel mas quero uma casa própria,Não,Não,,São melhores,Não tenho interesse,Não,5,,Sul
30/03/2026 08:59:40,Mulher Cis,35 a 44 anos,Jdm Vale do Sol,Entre R$ 12.001 e R$ 26.000,Desempregado,4,"Carro próprio, Apps de transporte (Uber, 99)",Não,Uma cidade tranquila com jeito de interior,Não,Mais opções para sair à noite,2 ou 3 vezes por mês,"Sim, sempre",Vou em todas as regiões,Não tem lugar legal para ir,Indicação de amigos ou família,"Não, não ligo para isso","Eletrônica, MPB, Pagode/Samba","Netflix, Amazon Prime Video, Spotify, YouTube Music",Instagram,Não,Não sigo influenciadores ,Conversando com amigos e família,2,Direita,Os dois juntos,Do mesmo jeito,Sim,Sim,Divorciado(a),Tenho Casa Própria,Não,Não,,São piores,Às vezes,Não,3,,Sul
30/03/2026 09:40:45,Mulher Cis,45 a 54 anos,Vila Industrial ,Entre R$ 2.801 e R$ 5.600,Desempregado,4,"Apps de transporte (Uber, 99), Ônibus, Linha Verde",Sim,Um pouco das duas coisas,Sim,"Parques e praças mais bem cuidados, Melhorar o ônibus e o trânsito, Mais segurança",2 ou 3 vezes por mês,Às vezes,"Centro / Oeste (ex: Aquarius, Vila Adyana)",Falta de segurança,Se é perto de casa,"Não, não ligo para isso",Rock,"Max (HBO), Paramount+, YouTube Music",Facebook ,Não,Não acompanho ninguém. ,"Portais de Notícias (Meon, Life Informa, Diário de SJC, G1 Vale, 012 News), Rádios (Band Vale, CBN, Jovem Pan, Nativa, Stereo Vale, etc.), Canais de TV (Vanguarda, Thathi, Canção Nova, etc.)",5,Centro,Não sei,Do mesmo jeito,Sim,Sim,Solteiro(a),Moro de aluguel mas quero uma casa própria,Sim,Não,"Uma grande cidade, com ares de cidade do interior. O que falta na cidade: segura, saúde, geração de emprego (trazer grandes indústrias para se estabelecer aqui). A cidade é toda tecnológica, porém o básico não está sendo feito.",São iguais,Às vezes,Não,4,Não ,Leste
30/03/2026 10:15:30,Homem Cis,35 a 44 anos,Campus do CTA,Entre R$ 5.601 e R$ 12.000,Funcionário público,3,"Carro próprio, Apps de transporte (Uber, 99)",Não,Uma cidade tranquila com jeito de interior,Não,"Mais festas e eventos culturais, Parques e praças mais bem cuidados, Mais segurança",1 vez por mês,Quase nunca,Zona Leste,Não tem lugar legal para ir,O preço,"Não, não ligo para isso","Rock, Funk, Eletrônica","Amazon Prime Video, Paramount+, Game Pass, PlayStation Plus",Instagram,Não,Não sei,"Portais de Notícias (Meon, Life Informa, Diário de SJC, G1 Vale, 012 News), Rádios (Band Vale, CBN, Jovem Pan, Nativa, Stereo Vale, etc.), Páginas de Instagram (Notícias SJC, Explore SJC, Fica Dica SJC, Prefeitura SJC)",4,Centro,Os dois juntos,Do mesmo jeito,Não,Não,Namorando,Moro de aluguel mas quero uma casa própria,Não,Um pouco,,Não sei dizer,Não tenho interesse,Não,2,,Centro
30/03/2026 10:18:53,Mulher Cis,25 a 34 anos,Jardim Ismênia,Entre R$ 2.801 e R$ 5.600,Carteira assinada (CLT),2,"Carro próprio, Apps de transporte (Uber, 99)",Não,Um pouco das duas coisas,Não,"Mais opções para sair à noite, Restaurantes e lanchonetes diferentes",Quase nunca,Quase nunca,Zona Leste,Não tem lugar legal para ir,O preço,"Não, não ligo para isso","Rock, Funk","Netflix, YouTube Music",TikTok,Não,Não sei,"Portais de Notícias (Meon, Life Informa, Diário de SJC, G1 Vale, 012 News), Rádios (Band Vale, CBN, Jovem Pan, Nativa, Stereo Vale, etc.), Canais de TV (Vanguarda, Thathi, Canção Nova, etc.), Grupos de WhatsApp ou Telegram",5,Esquerda,Os dois juntos,Piorando,Não,Não,Casado(a) ou morando junto,Moro de aluguel mas quero uma casa própria,Não,Um pouco,,São iguais,"Tenho vontade, mas não vou",Não,4,,Leste
30/03/2026 10:24:42,Mulher Cis,18 a 24 anos,Bairro dos Freitas,Entre R$ 2.801 e R$ 5.600,Por conta própria / Bico / PJ,4,Carro próprio,Não,Nenhuma delas,Não,"Melhorar o ônibus e o trânsito, Mais segurança",Quase nunca,Às vezes,Zona Norte,É tudo muito caro,O preço,Um pouco,"Sertanejo, Trap","Netflix, Globoplay",YouTube,Não,Não sei não ,"Portais de Notícias (Meon, Life Informa, Diário de SJC, G1 Vale, 012 News), Páginas de Instagram (Notícias SJC, Explore SJC, Fica Dica SJC, Prefeitura SJC)",4,Direita,Os dois juntos,Do mesmo jeito,Sim,Não,Casado(a) ou morando junto,Moro de aluguel mas quero uma casa própria,Não,Um pouco,Cidade meczinha e boa mas tem sempre algo que faltal,São melhores,"Tenho vontade, mas não vou",Sim,3,,Norte
30/03/2026 10:29:21,Mulher Cis,18 a 24 anos,Vila Cândida ,Até R$ 2.800,Carteira assinada (CLT),4,"Apps de transporte (Uber, 99)",Não,Nenhuma delas,Não,Mais segurança,Quase nunca,Quase nunca,Zona Norte,Falta de segurança,O preço,"Não, não ligo para isso","Sertanejo, Gospel","Max (HBO), Deezer",Instagram,Não,Não sei,"Páginas de Instagram (Notícias SJC, Explore SJC, Fica Dica SJC, Prefeitura SJC), Grupos de WhatsApp ou Telegram, Conversando com amigos e família",3,Centro,As empresas e o comércio,Do mesmo jeito,Não,Não,Casado(a) ou morando junto,Moro de aluguel mas quero uma casa própria,Não,Um pouco,Muito chata precisa melhorar ,São iguais,"Tenho vontade, mas não vou",Não,4,,Norte
30/03/2026 10:31:39,Mulher Cis,55 anos a 64 anos,Jardim Souto,Entre R$ 5.601 e R$ 12.000,Por conta própria / Bico / PJ,3,"Carro próprio, Apps de transporte (Uber, 99)",Sim,Uma cidade tranquila com jeito de interior,Não,"Mais festas e eventos culturais, Mais opções para sair à noite, Melhorar o ônibus e o trânsito",1 vez por mês,Quase nunca,"Centro / Oeste (ex: Aquarius, Vila Adyana)",É tudo muito caro,O preço,"Não, não ligo para isso","Sertanejo, Funk",Não uso nenhum,YouTube,Sim,Não sei,Grupos de WhatsApp ou Telegram,3,Direita,A Prefeitura e o Governo,Piorando,Não,Sim,Divorciado(a),Moro de aluguel e não quero adquirir uma casa própria,Não,Não,"Sei lá, uma cidade tão comum e besta",São iguais,"Tenho vontade, mas não vou",Não,3,,Sudeste
30/03/2026 10:36:42,Mulher Cis,35 a 44 anos,Jardim Oswaldo Cruz,Entre R$ 5.601 e R$ 12.000,Por conta própria / Bico / PJ,5,Carro próprio,Sim,Uma cidade moderna e cheia de tecnologia,Sim,Mais segurança,2 ou 3 vezes por mês,Às vezes,Zona Leste,Falta de segurança,Se o lugar é bonito e agradável,Um pouco,"Sertanejo, Eletrônica",Netflix,YouTube,Não,Não sei,"Rádios (Band Vale, CBN, Jovem Pan, Nativa, Stereo Vale, etc.), Canais de TV (Vanguarda, Thathi, Canção Nova, etc.), Grupos de WhatsApp ou Telegram",3,Direita,Não sei,Do mesmo jeito,Não,Não,Casado(a) ou morando junto,Moro de aluguel e não quero adquirir uma casa própria,Não,Um pouco,,São piores,"Tenho vontade, mas não vou",Não,5,,Centro
30/03/2026 10:51:37,Mulher Cis,35 a 44 anos,Jardim Esplanada,Entre R$ 5.601 e R$ 12.000,Carteira assinada (CLT),5,Carro próprio,Sim,Um pouco das duas coisas,Não,Parques e praças mais bem cuidados,2 ou 3 vezes por mês,Às vezes,"Centro / Oeste (ex: Aquarius, Vila Adyana)",É tudo muito caro,Indicação de amigos ou família,"Não, não ligo para isso","Pop, Rock, MPB","Netflix, Amazon Prime Video, Globoplay, Spotify",Instagram,Não,"Kelly Maria, Mariana Ferri Davila","Portais de Notícias (Meon, Life Informa, Diário de SJC, G1 Vale, 012 News), Canais de TV (Vanguarda, Thathi, Canção Nova, etc.), Páginas de Instagram (Notícias SJC, Explore SJC, Fica Dica SJC, Prefeitura SJC)",4,Prefiro não responder,Os dois juntos,Melhorando,Sim,Sim,Casado(a) ou morando junto,Tenho Casa Própria,Sim,Não,,Não sei dizer,"Tenho vontade, mas não vou",Sim,5,,Oeste
30/03/2026 11:07:05,Mulher Cis,25 a 34 anos,Jd Bela Vista,Entre R$ 5.601 e R$ 12.000,Funcionário público,4,Carro próprio,Sim,Um pouco das duas coisas,Não,"Mais festas e eventos culturais, Mais opções para sair à noite, Restaurantes e lanchonetes diferentes, Melhorar o ônibus e o trânsito",Toda semana,Às vezes,"Centro / Oeste (ex: Aquarius, Vila Adyana)",Não tem lugar legal para ir,As notas no Google,"Não, não ligo para isso","Pop, Rock, Eletrônica, MPB","Amazon Prime Video, Disney+, Max (HBO), Globoplay, Spotify",Instagram,Não,@inspireoutras,"Canais de TV (Vanguarda, Thathi, Canção Nova, etc.), Páginas de Instagram (Notícias SJC, Explore SJC, Fica Dica SJC, Prefeitura SJC)",2,Centro,Os dois juntos,Melhorando,Sim,Sim,Solteiro(a),Moro de aluguel mas quero uma casa própria,Sim,Um pouco,Uma cidade com boa qualidade de vida,São melhores,Às vezes,Não,5,,Centro
30/03/2026 11:33:06,Mulher Cis,25 a 34 anos,Águas da Prata,Entre R$ 2.801 e R$ 5.600,Por conta própria / Bico / PJ,3,Carro próprio,Não,Uma cidade moderna e cheia de tecnologia,Não,"Mais festas e eventos culturais, Melhorar o ônibus e o trânsito",1 vez por mês,Quase nunca,Zona Leste,Falta de segurança,O preço,Um pouco,"Sertanejo, MPB","Netflix, Apple TV+, Deezer",YouTube,Não,Não sei,"Portais de Notícias (Meon, Life Informa, Diário de SJC, G1 Vale, 012 News), Páginas de Instagram (Notícias SJC, Explore SJC, Fica Dica SJC, Prefeitura SJC)",3,Prefiro não responder,Não sei,Piorando,Não,Não,Casado(a) ou morando junto,Moro de aluguel mas quero uma casa própria,Não,Um pouco,,São piores,"Tenho vontade, mas não vou",Sim,4,,Leste
30/03/2026 11:50:14,Mulher Cis,35 a 44 anos,Residencial Cambuí,Entre R$ 12.001 e R$ 26.000,Carteira assinada (CLT),4,Carro próprio,Não,Uma cidade tranquila com jeito de interior,Não,"Mais festas e eventos culturais, Mais opções para sair à noite",Toda semana,Às vezes,"Centro / Oeste (ex: Aquarius, Vila Adyana)",Não tem lugar legal para ir,O que vejo no Instagram ou TikTok,"Não, não ligo para isso","Pop, Rock","Netflix, Amazon Prime Video, Spotify, PlayStation Plus",Instagram,Sim,"@ocasalsjc, ficadicasjc, @exploresjc","Páginas de Instagram (Notícias SJC, Explore SJC, Fica Dica SJC, Prefeitura SJC)",1,Esquerda,As empresas e o comércio,Melhorando,Sim,Sim,Casado(a) ou morando junto,Moro de aluguel e não quero adquirir uma casa própria,Sim,Não,,São piores,"Tenho vontade, mas não vou",Não,3,,Sudeste
30/03/2026 11:59:52,Mulher Cis,25 a 34 anos,Jardim Americano ,Entre R$ 5.601 e R$ 12.000,Carteira assinada (CLT),3,"Carro próprio, Apps de transporte (Uber, 99), Ônibus",Não,Nenhuma delas,Não,"Mais festas e eventos culturais, Parques e praças mais bem cuidados, Melhorar o ônibus e o trânsito, Mais segurança",1 vez por mês,"Sim, sempre","Centro / Oeste (ex: Aquarius, Vila Adyana)",Não tem lugar legal para ir,Se o lugar é bonito e agradável,"Não, não ligo para isso",MPB,"Netflix, Spotify",Instagram,Sim,@inspireoutras só ,"Portais de Notícias (Meon, Life Informa, Diário de SJC, G1 Vale, 012 News), Páginas de Instagram (Notícias SJC, Explore SJC, Fica Dica SJC, Prefeitura SJC), Grupos de WhatsApp ou Telegram",5,Esquerda,Os dois juntos,Piorando,Sim,Sim,Casado(a) ou morando junto,Tenho Casa Própria,Não,Não,Uma cidade com imenso potencial mas regado de valores tradicionalistas infundados,São piores,"Tenho vontade, mas não vou",Não,4,,Leste
30/03/2026 12:05:52,Mulher Cis,25 a 34 anos,Palmeiras de São Jose,Entre R$ 5.601 e R$ 12.000,Por conta própria / Bico / PJ,3,"Carro próprio, Apps de transporte (Uber, 99)",Não,Um pouco das duas coisas,Não,"Mais festas e eventos culturais, Mais opções para sair à noite, Restaurantes e lanchonetes diferentes, Parques e praças mais bem cuidados",Quase nunca,"Sim, sempre","Centro / Oeste (ex: Aquarius, Vila Adyana)",Não tem lugar legal para ir,Indicação de amigos ou família,"Não, não ligo para isso","Pop, Funk, Eletrônica","Netflix, Amazon Prime Video, Disney+, Globoplay, Spotify",TikTok,Não,Não acompanho,"Páginas de Instagram (Notícias SJC, Explore SJC, Fica Dica SJC, Prefeitura SJC), Conversando com amigos e família",2,Esquerda,Os dois juntos,Piorando,Sim,Não,Casado(a) ou morando junto,Tenho Casa Própria,Sim,Não,Uma cidade que traz pessoas de fora mas não acolhe quem mora aqui,Não sei dizer,Às vezes,Sim,2,,Sul
30/03/2026 12:36:28,Mulher Cis,25 a 34 anos,Jardim Portugal ,Entre R$ 5.601 e R$ 12.000,Por conta própria / Bico / PJ,5,Carro próprio,Não,Um pouco das duas coisas,Não,"Mais opções para sair à noite, Parques e praças mais bem cuidados, Mais segurança",2 ou 3 vezes por mês,"Sim, sempre","Centro / Oeste (ex: Aquarius, Vila Adyana)",Não tem lugar legal para ir,As notas no Google,"Não, não ligo para isso","MPB, Pagode/Samba","Amazon Prime Video, Spotify",Google,Não,"Não tenho rede social, então não sei quais as indicações ","Portais de Notícias (Meon, Life Informa, Diário de SJC, G1 Vale, 012 News), Grupos de WhatsApp ou Telegram",1,Centro,As empresas e o comércio,Do mesmo jeito,Sim,Sim,Namorando,Tenho Casa Própria,Sim,Não,Tranquilo em horário normal mas caótico em horário de pico ,São melhores,Às vezes,Não,4,"Acredito que precisa investir em infraestrutura, trabalho no Urbanova e a ponte não mudou nada! Trânsito todos os dias. É cansativo..",Sul
30/03/2026 12:36:55,Mulher Cis,35 a 44 anos,Santa Maria ,Entre R$ 12.001 e R$ 26.000,Por conta própria / Bico / PJ,3,"Carro próprio, Moto própria",Sim,Uma cidade moderna e cheia de tecnologia,Não,Não falta nada,Toda semana,Às vezes,Vou em todas as regiões,Não vejo dificuldade,As notas no Google,"Não, não ligo para isso","Sertanejo, MPB, Pagode/Samba","Netflix, Spotify, YouTube Music",Instagram,Sim,Não tenho influenciador de estimação ,"Páginas de Instagram (Notícias SJC, Explore SJC, Fica Dica SJC, Prefeitura SJC)",5,Esquerda,Não sei,Melhorando,Sim,Sim,Casado(a) ou morando junto,Tenho Casa Própria,Sim,Não,Melhor que sao paulo,São iguais,Às vezes,Sim,3,Tem muita coisa para melhorar .,Leste
30/03/2026 12:49:20,Mulher Cis,25 a 34 anos,Urbanova,Entre R$ 12.001 e R$ 26.000,Carteira assinada (CLT),3,Carro próprio,Sim,Um pouco das duas coisas,Não,"Mais opções para sair à noite, Restaurantes e lanchonetes diferentes, Melhorar o ônibus e o trânsito",Toda semana,Às vezes,Zona Leste,Não tem lugar legal para ir,As notas no Google,"Não, não ligo para isso","Pop, Rock, MPB","Netflix, Disney+, Max (HBO), Spotify",Instagram,Não,Nenhum.,"Portais de Notícias (Meon, Life Informa, Diário de SJC, G1 Vale, 012 News), Páginas de Instagram (Notícias SJC, Explore SJC, Fica Dica SJC, Prefeitura SJC), Conversando com amigos e família",2,Direita,As empresas e o comércio,Piorando,Sim,Sim,Namorando,Tenho Casa Própria,Sim,Não,"Está virando uma São Paulo, com horários de pico e obras que nunca terminam (ex.: Dutra)",São piores,Não tenho interesse,Sim,3,,Oeste
30/03/2026 13:00:26,Mulher Cis,25 a 34 anos,Campo dos alemães ,Entre R$ 2.801 e R$ 5.600,Por conta própria / Bico / PJ,3,Carro próprio,Não,Uma cidade moderna e cheia de tecnologia,Não,"Parques e praças mais bem cuidados, Melhorar o ônibus e o trânsito, Mais segurança",Quase nunca,"Sim, sempre",Zona Sul,É tudo muito caro,Se o lugar é bonito e agradável,"Sim, muito","Pop, Rock, Sertanejo, MPB, Pagode/Samba","Netflix, Spotify",Instagram,Sim,O casal Sjc Leandro Berti Thais Cavalin,"Rádios (Band Vale, CBN, Jovem Pan, Nativa, Stereo Vale, etc.), Páginas de Instagram (Notícias SJC, Explore SJC, Fica Dica SJC, Prefeitura SJC)",3,Direita,As empresas e o comércio,Melhorando,Sim,Sim,Solteiro(a),Moro de aluguel mas quero uma casa própria,Sim,Não,Muito caro de viver ,São iguais,Não tenho interesse,Sim,4,Valor de aluguéis muito alto ,Sul
30/03/2026 13:03:13,Mulher Cis,45 a 54 anos,Parque Industrial,Entre R$ 2.801 e R$ 5.600,Carteira assinada (CLT),3,"Carro próprio, Apps de transporte (Uber, 99)",Não,Um pouco das duas coisas,Não,"Mais festas e eventos culturais, Mais opções para sair à noite, Mais segurança",1 vez por mês,Às vezes,Zona Sul,Falta de segurança,O preço,Um pouco,"Pop, Rock","Netflix, Amazon Prime Video, Disney+, Max (HBO), Globoplay, Star+, Paramount+, Spotify, YouTube Music",Instagram,Sim,"Jonas Almeida, Kely Maria","Portais de Notícias (Meon, Life Informa, Diário de SJC, G1 Vale, 012 News), Canais de TV (Vanguarda, Thathi, Canção Nova, etc.), Páginas de Instagram (Notícias SJC, Explore SJC, Fica Dica SJC, Prefeitura SJC)",2,Prefiro não responder,As empresas e o comércio,Do mesmo jeito,Sim,Sim,Casado(a) ou morando junto,Tenho Casa Própria,Não,Não,Razoável ,Não sei dizer,Não tenho interesse,Não,3,,Sul
30/03/2026 13:13:40,Homem Cis,45 a 54 anos,Santa Julia,Entre R$ 5.601 e R$ 12.000,Carteira assinada (CLT),4,"Moto própria, Apps de transporte (Uber, 99), Ônibus",Sim,Um pouco das duas coisas,Não,"Restaurantes e lanchonetes diferentes, Parques e praças mais bem cuidados, Melhorar o ônibus e o trânsito",1 vez por mês,Às vezes,Zona Sul,Não tem lugar legal para ir,Indicação de amigos ou família,"Não, não ligo para isso","Pop, Rock, MPB, Hip Hop",Não uso nenhum,Instagram,Não,Não acompanho nenhum,"Grupos de WhatsApp ou Telegram, Conversando com amigos e família",3,Direita,Os dois juntos,Melhorando,Sim,Sim,Casado(a) ou morando junto,Tenho Casa Própria,Sim,Não,.,Não sei dizer,Não tenho interesse,Sim,4,,Sudeste
30/03/2026 13:22:06,Mulher Cis,25 a 34 anos,Jardim América ,Entre R$ 5.601 e R$ 12.000,Carteira assinada (CLT),4,"Carro próprio, Apps de transporte (Uber, 99)",Sim,Um pouco das duas coisas,Não,Restaurantes e lanchonetes diferentes,1 vez por mês,Às vezes,Zona Sul,Não tem lugar legal para ir,As notas no Google,"Não, não ligo para isso","Pop, Rock","Netflix, Amazon Prime Video, Disney+, Max (HBO), Star+, Spotify",TikTok,Não,Não acompanho no momento ,Conversando com amigos e família,2,Prefiro não responder,Os dois juntos,Melhorando,Sim,Sim,Namorando,Moro de aluguel mas quero uma casa própria,Não,Não,"Uma cidade com boa infraestrutura, crescendo, mas ainda com dia a dia de interior",São melhores,"Tenho vontade, mas não vou",Não,4,,Sul
30/03/2026 13:25:19,Mulher Cis,25 a 34 anos,JD. SUL,Entre R$ 5.601 e R$ 12.000,Por conta própria / Bico / PJ,4,"Carro próprio, Moto própria, Apps de transporte (Uber, 99), Patinete Alugado",Sim,Um pouco das duas coisas,Sim,"Mais festas e eventos culturais, Mais opções para sair à noite, Melhorar o ônibus e o trânsito, Mais segurança",Toda semana,Às vezes,Zona Sul,Não vejo dificuldade,As notas no Google,"Não, não ligo para isso","Pop, Sertanejo, Funk, MPB, Gospel, Pagode/Samba","Netflix, Amazon Prime Video, Globoplay, YouTube Music",Instagram,Sim,"Não acompanho, só procuro ex: ""Vale indica"" e vou","Portais de Notícias (Meon, Life Informa, Diário de SJC, G1 Vale, 012 News), Conversando com amigos e família",1,Centro,Os dois juntos,Do mesmo jeito,Sim,Sim,Casado(a) ou morando junto,Tenho Casa Própria,Sim,Não,"tudo para ser suíça, mas ainda locais da cidade que você precisa andar com atenção. E as pessoas estão ficando 'frias' demais, para ser considerada interior suficiente. ",São melhores,Às vezes,Não,3,,Sul
30/03/2026 13:29:42,Mulher Cis,45 a 54 anos,Monte Castelo ,Entre R$ 5.601 e R$ 12.000,Carteira assinada (CLT),4,"Carro próprio, Apps de transporte (Uber, 99), Ônibus",Sim,Um pouco das duas coisas,Sim,"Mais festas e eventos culturais, Mais segurança",2 ou 3 vezes por mês,Às vezes,Vou em todas as regiões,Falta de segurança,Indicação de amigos ou família,"Não, não ligo para isso",Rock,"Netflix, Disney+, Max (HBO)",Instagram,Não,Não conheço ,"Páginas de Instagram (Notícias SJC, Explore SJC, Fica Dica SJC, Prefeitura SJC)",4,Esquerda,As empresas e o comércio,Do mesmo jeito,Sim,Sim,Divorciado(a),Tenho Casa Própria,Não,Não,"Muito marketing, mas é uma ótima cidade.",São melhores,Às vezes,Sim,3,Nada a declarar ,Centro
30/03/2026 13:32:11,Mulher Cis,45 a 54 anos,Vila Paiva ,Entre R$ 5.601 e R$ 12.000,Carteira assinada (CLT),3,"Carro próprio, Apps de transporte (Uber, 99), Patinete Alugado",Não,Uma cidade tranquila com jeito de interior,Sim,"Mais festas e eventos culturais, Restaurantes e lanchonetes diferentes, Mais segurança",1 vez por mês,Quase nunca,Zona Norte,Não tem lugar legal para ir,Indicação de amigos ou família,Um pouco,"Sertanejo, Funk",Não uso nenhum,YouTube,Não,Nenhum,"Rádios (Band Vale, CBN, Jovem Pan, Nativa, Stereo Vale, etc.), Canais de TV (Vanguarda, Thathi, Canção Nova, etc.), Páginas de Instagram (Notícias SJC, Explore SJC, Fica Dica SJC, Prefeitura SJC)",3,Direita,As empresas e o comércio,Do mesmo jeito,Não,Sim,Casado(a) ou morando junto,Moro de aluguel mas quero uma casa própria,Não,Um pouco,Já foi bem melhor em outros tempos ,São piores,Às vezes,Não,3,,Norte
30/03/2026 12:39:32,Mulher Cis,25 a 34 anos,Jardim São Dimas,Entre R$ 2.801 e R$ 5.600,Carteira assinada (CLT),5,"Carro próprio, Apps de transporte (Uber, 99), Apps de Bike, Ônibus",Sim,Um pouco das duas coisas,Sim,"Mais festas e eventos culturais, Restaurantes e lanchonetes diferentes, Melhorar o ônibus e o trânsito",2 ou 3 vezes por mês,Às vezes,"Centro / Oeste (ex: Aquarius, Vila Adyana)",É tudo muito caro,Indicação de amigos ou família,"Não, não ligo para isso","Pop, Eletrônica, MPB, Pagode/Samba","Netflix, Amazon Prime Video, Max (HBO), Spotify",Instagram,Não,Ondeirnovale,"Páginas de Instagram (Notícias SJC, Explore SJC, Fica Dica SJC, Prefeitura SJC)",1,Esquerda,Não sei,Melhorando,Sim,Sim,Solteiro(a),Moro de aluguel mas quero uma casa própria,Não,Não,,São melhores,"Sim, sempre",Não,5,,Centro
30/03/2026 13:33:41,Mulher Cis,25 a 34 anos,Vila São Geraldo,Entre R$ 5.601 e R$ 12.000,Funcionário público,4,"Carro próprio, Ônibus",Não,Uma cidade tranquila com jeito de interior,Não,"Mais festas e eventos culturais, Mais opções para sair à noite, Restaurantes e lanchonetes diferentes",1 vez por mês,Quase nunca,Zona Sul,Não tem lugar legal para ir,Indicação de amigos ou família,"Não, não ligo para isso",Sertanejo,"Amazon Prime Video, Apple TV+",TikTok,Não,Não me recordo,"Portais de Notícias (Meon, Life Informa, Diário de SJC, G1 Vale, 012 News), Canais de TV (Vanguarda, Thathi, Canção Nova, etc.)",3,Prefiro não responder,Os dois juntos,Do mesmo jeito,Não,Não,Namorando,Moro de aluguel mas quero uma casa própria,Não,Um pouco,Muito boa mas em outros aspectos precisa mudar muito,São iguais,"Tenho vontade, mas não vou",Não,4,,Norte
30/03/2026 13:34:57,Mulher Cis,25 a 34 anos,Vila Sinhá,Até R$ 2.800,Desempregado,3,"Apps de transporte (Uber, 99), Apps de Bike, Ônibus",Não,Nenhuma delas,Não,Mais segurança,Quase nunca,Quase nunca,Zona Norte,É tudo muito caro,O preço,"Não, não ligo para isso","Sertanejo, Funk, Gospel","Globoplay, Deezer",YouTube,Não,Não sei,"Rádios (Band Vale, CBN, Jovem Pan, Nativa, Stereo Vale, etc.), Canais de TV (Vanguarda, Thathi, Canção Nova, etc.)",4,Direita,Os dois juntos,Do mesmo jeito,Não,Não,Namorando,Tenho Casa Própria,Não,Um pouco,,São iguais,Às vezes,Não,3,,Norte
30/03/2026 13:39:21,Homem Cis,25 a 34 anos,Interlagos,Entre R$ 5.601 e R$ 12.000,Carteira assinada (CLT),5,"Carro próprio, Apps de transporte (Uber, 99)",Sim,Um pouco das duas coisas,Não,"Restaurantes e lanchonetes diferentes, Mais segurança",2 ou 3 vezes por mês,Às vezes,Zona Sul,É tudo muito caro,Indicação de amigos ou família,"Não, não ligo para isso","Pop, Sertanejo, Pagode/Samba","Netflix, Globoplay, Spotify",Instagram,Não,Beto Oliver,"Portais de Notícias (Meon, Life Informa, Diário de SJC, G1 Vale, 012 News), Páginas de Instagram (Notícias SJC, Explore SJC, Fica Dica SJC, Prefeitura SJC), Conversando com amigos e família",1,Direita,Os dois juntos,Melhorando,Sim,Sim,Casado(a) ou morando junto,Tenho Casa Própria,Não,Não,,São melhores,Às vezes,Não,4,,Sul
30/03/2026 13:40:18,Mulher Cis,25 a 34 anos,JARDIM DEL REY,Entre R$ 5.601 e R$ 12.000,Carteira assinada (CLT),3,"Apps de transporte (Uber, 99), Ônibus",Sim,Um pouco das duas coisas,Não,"Mais festas e eventos culturais, Mais opções para sair à noite, Melhorar o ônibus e o trânsito, Mais segurança",2 ou 3 vezes por mês,Nunca,Zona Sul,Falta de segurança,O preço,"Não, não ligo para isso","Pop, Rock, MPB","Netflix, Amazon Prime Video, Disney+, Paramount+, Spotify",Instagram,Não,Nao acompanho ,"Canais de TV (Vanguarda, Thathi, Canção Nova, etc.), Páginas de Instagram (Notícias SJC, Explore SJC, Fica Dica SJC, Prefeitura SJC)",3,Esquerda,Os dois juntos,Melhorando,Sim,Sim,Namorando,Tenho Casa Própria,Sim,Não,,São melhores,Às vezes,Não,3,,Sul
30/03/2026 13:42:38,Homem Cis,55 anos a 64 anos,Santa Inês I,Entre R$ 2.801 e R$ 5.600,Carteira assinada (CLT),4,"Carro próprio, Apps de transporte (Uber, 99), Apps de Bike",Não,Um pouco das duas coisas,Não,"Mais festas e eventos culturais, Parques e praças mais bem cuidados, Mais segurança",2 ou 3 vezes por mês,Quase nunca,Zona Norte,É tudo muito caro,O preço,Um pouco,"Pop, Funk","Amazon Prime Video, Max (HBO), Star+",TikTok,Não,Não sei,"Páginas de Instagram (Notícias SJC, Explore SJC, Fica Dica SJC, Prefeitura SJC)",3,Centro,Os dois juntos,Do mesmo jeito,Não,Sim,Namorando,Moro de aluguel e não quero adquirir uma casa própria,Não,Um pouco,A Cidade cresce de maneira desordenada e prejudica a vida do cidadão ,São iguais,Não tenho interesse,Não,2,,Leste
30/03/2026 13:44:33,Mulher Cis,45 a 54 anos,Pq Industrial,Entre R$ 2.801 e R$ 5.600,Por conta própria / Bico / PJ,5,Carro próprio,Não,Um pouco das duas coisas,Sim,"Mais opções para sair à noite, Restaurantes e lanchonetes diferentes",2 ou 3 vezes por mês,Às vezes,"Centro / Oeste (ex: Aquarius, Vila Adyana)",Não tem lugar legal para ir,Se o lugar é bonito e agradável,"Não, não ligo para isso",Rock,"Netflix, Amazon Prime Video, Max (HBO), Apple TV+, Spotify",Instagram,Não,não acompanho,"Portais de Notícias (Meon, Life Informa, Diário de SJC, G1 Vale, 012 News)",3,Direita,Os dois juntos,Melhorando,Sim,Sim,Divorciado(a),Tenho Casa Própria,Sim,Não,"Uma cidade estruturada, mais que ainda faltam algumas coisas. Está em crescimento. Quando eu vim morar aqui em 2006 para se ter uma ideia minha rua era de terra , hoje tudo já esta asfaltado. Gostava mais dessa vibe de interior .",São melhores,Às vezes,Não,5,,Sul
30/03/2026 13:44:38,Mulher Cis,45 a 54 anos,Taquari,Entre R$ 5.601 e R$ 12.000,Carteira assinada (CLT),4,"Carro próprio, Apps de transporte (Uber, 99)",Não,Um pouco das duas coisas,Não,"Mais opções para sair à noite, Restaurantes e lanchonetes diferentes, Melhorar o ônibus e o trânsito",1 vez por mês,Quase nunca,"Centro / Oeste (ex: Aquarius, Vila Adyana)",Falta de segurança,O preço,"Não, não ligo para isso",Sertanejo,"Amazon Prime Video, Star+",YouTube,Não,Ingrid de Sá ,"Portais de Notícias (Meon, Life Informa, Diário de SJC, G1 Vale, 012 News), Rádios (Band Vale, CBN, Jovem Pan, Nativa, Stereo Vale, etc.), Canais de TV (Vanguarda, Thathi, Canção Nova, etc.)",4,Esquerda,As empresas e o comércio,Do mesmo jeito,Não,Não,Casado(a) ou morando junto,Moro de aluguel mas quero uma casa própria,Não,Um pouco,"Super estimada, um pouco bucólica e as vezes triste ",São melhores,"Sim, sempre",Sim,4,,Norte
30/03/2026 13:47:19,Mulher Cis,25 a 34 anos,Bosque dos Eucaliptos ,Entre R$ 2.801 e R$ 5.600,Carteira assinada (CLT),4,"Carro próprio, Ônibus",Sim,Uma cidade moderna e cheia de tecnologia,Sim,Parques e praças mais bem cuidados,2 ou 3 vezes por mês,Às vezes,Zona Sul,É tudo muito caro,Se o lugar é bonito e agradável,Um pouco,"Sertanejo, Eletrônica, MPB, Pagode/Samba","Netflix, Spotify",Instagram,Sim,"Helena de Moura, lai laras ","Portais de Notícias (Meon, Life Informa, Diário de SJC, G1 Vale, 012 News), Páginas de Instagram (Notícias SJC, Explore SJC, Fica Dica SJC, Prefeitura SJC)",3,Prefiro não responder,Os dois juntos,Melhorando,Sim,Sim,Solteiro(a),Tenho Casa Própria,Sim,Muito,,São melhores,"Sim, sempre",Sim,4,,Sul
30/03/2026 13:52:53,Mulher Cis,25 a 34 anos,Aquarius,Entre R$ 2.801 e R$ 5.600,Carteira assinada (CLT),5,"Carro próprio, Apps de transporte (Uber, 99), Bicicleta própria",Sim,Uma cidade moderna e cheia de tecnologia,Sim,Mais opções para sair à noite,1 vez por mês,Nunca,"Centro / Oeste (ex: Aquarius, Vila Adyana)",É tudo muito caro,Se o lugar é bonito e agradável,"Não, não ligo para isso",Sertanejo,"Netflix, Disney+",TikTok,Sim,Casal de sjc,"Portais de Notícias (Meon, Life Informa, Diário de SJC, G1 Vale, 012 News)",3,Esquerda,Os dois juntos,Melhorando,Sim,Sim,Solteiro(a),Tenho Casa Própria,Sim,Não,,São melhores,"Tenho vontade, mas não vou",Sim,5,,Oeste
30/03/2026 14:00:47,Homem Cis,35 a 44 anos,Jd. Satélite,Entre R$ 2.801 e R$ 5.600,Estudante,3,"Carro próprio, Apps de transporte (Uber, 99), Ônibus",Não,Um pouco das duas coisas,Não,"Mais festas e eventos culturais, Mais opções para sair à noite, Parques e praças mais bem cuidados, Melhorar o ônibus e o trânsito",2 ou 3 vezes por mês,Às vezes,Zona Sul,É tudo muito caro,O preço,Um pouco,"Pop, Rock, MPB, Pagode/Samba",Globoplay,Instagram,Não,Não acompanho,"Portais de Notícias (Meon, Life Informa, Diário de SJC, G1 Vale, 012 News)",3,Esquerda,Não sei,Piorando,Sim,Não,Casado(a) ou morando junto,Moro de aluguel mas quero uma casa própria,Sim,Um pouco,,São melhores,"Tenho vontade, mas não vou",Não,4,,Sul
30/03/2026 14:01:53,Homem Cis,25 a 34 anos,Vila Nair,Entre R$ 12.001 e R$ 26.000,Carteira assinada (CLT),5,"Carro próprio, Apps de transporte (Uber, 99), Ônibus",Não,Uma cidade moderna e cheia de tecnologia,Sim,"Mais festas e eventos culturais, Restaurantes e lanchonetes diferentes",2 ou 3 vezes por mês,Quase nunca,"Centro / Oeste (ex: Aquarius, Vila Adyana)",Não tem lugar legal para ir,Se o lugar é bonito e agradável,"Não, não ligo para isso","Pop, Rock, Sertanejo, Pagode/Samba","Netflix, Amazon Prime Video, Disney+, Max (HBO)",Instagram,Não,Casemiro Jogador,"Portais de Notícias (Meon, Life Informa, Diário de SJC, G1 Vale, 012 News), Rádios (Band Vale, CBN, Jovem Pan, Nativa, Stereo Vale, etc.), Páginas de Instagram (Notícias SJC, Explore SJC, Fica Dica SJC, Prefeitura SJC)",3,Direita,As empresas e o comércio,Do mesmo jeito,Sim,Sim,Namorando,Moro de aluguel mas quero uma casa própria,Não,Não,,São piores,Às vezes,Sim,5,,Sul
30/03/2026 14:04:20,Mulher Cis,35 a 44 anos,Vila Industrial,Entre R$ 2.801 e R$ 5.600,Funcionário público,4,"Carro próprio, Apps de transporte (Uber, 99), Ônibus",Não,Uma cidade tranquila com jeito de interior,Não,"Mais festas e eventos culturais, Parques e praças mais bem cuidados, Mais segurança",Toda semana,"Sim, sempre","Centro / Oeste (ex: Aquarius, Vila Adyana)",Falta de segurança,Indicação de amigos ou família,Um pouco,"Sertanejo, Eletrônica","Netflix, Apple TV+",TikTok,Não,Não recordo,"Portais de Notícias (Meon, Life Informa, Diário de SJC, G1 Vale, 012 News), Rádios (Band Vale, CBN, Jovem Pan, Nativa, Stereo Vale, etc.), Páginas de Instagram (Notícias SJC, Explore SJC, Fica Dica SJC, Prefeitura SJC)",2,Centro,A Prefeitura e o Governo,Piorando,Não,Não,Casado(a) ou morando junto,Moro de aluguel e não quero adquirir uma casa própria,Não,Não,,São piores,"Tenho vontade, mas não vou",Sim,4,,Leste
30/03/2026 14:06:31,Homem Cis,16 a 17 anos,Monte Castelo,Entre R$ 2.801 e R$ 5.600,Estudante,2,"Bicicleta própria, Apps de Bike, Patinete próprio, Ônibus",Não,Um pouco das duas coisas,Não,"Mais festas e eventos culturais, Melhorar o ônibus e o trânsito",Quase nunca,Às vezes,Zona Leste,É tudo muito caro,O preço,"Não, não ligo para isso","Sertanejo, Funk, Trap","Netflix, Globoplay, Deezer",TikTok,Sim,Trolando São José ,"Portais de Notícias (Meon, Life Informa, Diário de SJC, G1 Vale, 012 News), Rádios (Band Vale, CBN, Jovem Pan, Nativa, Stereo Vale, etc.), Canais de TV (Vanguarda, Thathi, Canção Nova, etc.), Páginas de Instagram (Notícias SJC, Explore SJC, Fica Dica SJC, Prefeitura SJC)",3,Prefiro não responder,Os dois juntos,Do mesmo jeito,Sim,Sim,Casado(a) ou morando junto,Moro de aluguel mas quero uma casa própria,Não,Um pouco,,São piores,Às vezes,Não,4,,Centro
30/03/2026 14:12:36,Mulher Cis,45 a 54 anos,Alto da ponte,Entre R$ 12.001 e R$ 26.000,Carteira assinada (CLT),1,Carro próprio,Não,Um pouco das duas coisas,Não,"Mais festas e eventos culturais, Mais opções para sair à noite, Parques e praças mais bem cuidados, Mais segurança",1 vez por mês,Quase nunca,"Centro / Oeste (ex: Aquarius, Vila Adyana)",Não tem lugar legal para ir,O preço,Um pouco,"Rock, Sertanejo, Funk","Netflix, Globoplay, YouTube Music, Game Pass",Instagram,Não,Não tô ligada,"Portais de Notícias (Meon, Life Informa, Diário de SJC, G1 Vale, 012 News), Páginas de Instagram (Notícias SJC, Explore SJC, Fica Dica SJC, Prefeitura SJC)",4,Prefiro não responder,Os dois juntos,Do mesmo jeito,Não,Não,Divorciado(a),Moro de aluguel e não quero adquirir uma casa própria,Não,Não,A cidade teve um ritmo rápido de crescimento e parece que até hoje isso impacta (tipo o trânsito no final da tarde que nem era pra ter isso...),São iguais,"Tenho vontade, mas não vou",Não,3,,Norte
30/03/2026 14:17:20,Homem Cis,35 a 44 anos,Jardim Satélite,Entre R$ 12.001 e R$ 26.000,Carteira assinada (CLT),4,"Carro próprio, Moto própria",Sim,Uma cidade moderna e cheia de tecnologia,Não,"Mais festas e eventos culturais, Melhorar o ônibus e o trânsito",Toda semana,Às vezes,Zona Leste,Falta de segurança,O que vejo no Instagram ou TikTok,"Não, não ligo para isso","Rock, Funk, Hip Hop","Amazon Prime Video, Star+",YouTube,Não,Não sei,"Portais de Notícias (Meon, Life Informa, Diário de SJC, G1 Vale, 012 News), Páginas de Instagram (Notícias SJC, Explore SJC, Fica Dica SJC, Prefeitura SJC), Grupos de WhatsApp ou Telegram",4,Direita,Não sei,Piorando,Sim,Sim,Casado(a) ou morando junto,Tenho Casa Própria,Não,Um pouco,Algumas opções de diversão na cidade ainda são subdesenvolvidos. Quem quer ver coisas legais vai pra São Paulo. Aqui é tudo muito mais ou menos quando falamos de cultura e lazer,São melhores,Às vezes,Não,4,,Sul
30/03/2026 14:20:25,Mulher Cis,25 a 34 anos,Campo dos Alemães ,Entre R$ 2.801 e R$ 5.600,Por conta própria / Bico / PJ,3,"Apps de transporte (Uber, 99), Bicicleta própria, Ônibus, Linha Verde",Não,Um pouco das duas coisas,Não,"Mais festas e eventos culturais, Mais opções para sair à noite, Restaurantes e lanchonetes diferentes, Melhorar o ônibus e o trânsito",2 ou 3 vezes por mês,Quase nunca,Vou em todas as regiões,Não tem lugar legal para ir,As notas no Google,"Não, não ligo para isso","Pop, Funk, Trap, MPB, Hip Hop, Pagode/Samba","Netflix, Globoplay, Spotify",Instagram,Não,Não acompanho ,"Portais de Notícias (Meon, Life Informa, Diário de SJC, G1 Vale, 012 News), Canais de TV (Vanguarda, Thathi, Canção Nova, etc.), Páginas de Instagram (Notícias SJC, Explore SJC, Fica Dica SJC, Prefeitura SJC), Conversando com amigos e família",4,Esquerda,A Prefeitura e o Governo,Piorando,Sim,Não,Solteiro(a),Moro de aluguel mas quero uma casa própria,Sim,Não,,São melhores,Às vezes,Sim,3,,Sul
30/03/2026 14:34:02,Mulher Cis,25 a 34 anos,Jardim America,Entre R$ 5.601 e R$ 12.000,Por conta própria / Bico / PJ,4,Carro próprio,Sim,Uma cidade moderna e cheia de tecnologia,Sim,"Melhorar o ônibus e o trânsito, Mais segurança",2 ou 3 vezes por mês,Às vezes,Zona Sul,Não vejo dificuldade,As notas no Google,"Não, não ligo para isso",Rock,"Netflix, Amazon Prime Video, Disney+, Max (HBO), Spotify",Instagram,Não,Giovana Camile,"Canais de TV (Vanguarda, Thathi, Canção Nova, etc.), Páginas de Instagram (Notícias SJC, Explore SJC, Fica Dica SJC, Prefeitura SJC)",1,Prefiro não responder,Os dois juntos,Melhorando,Sim,Sim,Casado(a) ou morando junto,Tenho Casa Própria,Sim,Não,Cidade tecnológica,São iguais,Não tenho interesse,Não,5,,Sul
30/03/2026 14:35:52,Homem Cis,25 a 34 anos,Parque Interlagos,Entre R$ 5.601 e R$ 12.000,Carteira assinada (CLT),5,Carro próprio,Sim,Um pouco das duas coisas,Sim,"Mais festas e eventos culturais, Mais opções para sair à noite, Restaurantes e lanchonetes diferentes, Parques e praças mais bem cuidados, Melhorar o ônibus e o trânsito, Mais segurança",Toda semana,Às vezes,Vou em todas as regiões,Não tem lugar legal para ir,Indicação de amigos ou família,"Não, não ligo para isso","Sertanejo, Funk, Trap, Hip Hop, Pagode/Samba","Netflix, Amazon Prime Video, Disney+, Globoplay, Spotify, YouTube Music",Instagram,Sim,SJC festas e Beto Oliver ,"Portais de Notícias (Meon, Life Informa, Diário de SJC, G1 Vale, 012 News), Rádios (Band Vale, CBN, Jovem Pan, Nativa, Stereo Vale, etc.), Canais de TV (Vanguarda, Thathi, Canção Nova, etc.), Páginas de Instagram (Notícias SJC, Explore SJC, Fica Dica SJC, Prefeitura SJC), Conversando com amigos e família",4,Centro,Os dois juntos,Piorando,Sim,Sim,Solteiro(a),Tenho Casa Própria,Sim,Um pouco,,São melhores,"Tenho vontade, mas não vou",Sim,4,,Sul
30/03/2026 14:41:26,Homem Cis,18 a 24 anos,Novo Horizonte,Entre R$ 5.601 e R$ 12.000,Por conta própria / Bico / PJ,3,Carro próprio,Não,Um pouco das duas coisas,Não,"Mais opções para sair à noite, Parques e praças mais bem cuidados",2 ou 3 vezes por mês,Quase nunca,Zona Leste,É tudo muito caro,O preço,Um pouco,"Rock, Sertanejo, Hip Hop","Max (HBO), Globoplay",YouTube,Não,Não sei,"Rádios (Band Vale, CBN, Jovem Pan, Nativa, Stereo Vale, etc.), Canais de TV (Vanguarda, Thathi, Canção Nova, etc.), Páginas de Instagram (Notícias SJC, Explore SJC, Fica Dica SJC, Prefeitura SJC), Grupos de WhatsApp ou Telegram",4,Direita,Os dois juntos,Do mesmo jeito,Não,Sim,Casado(a) ou morando junto,Moro de aluguel mas quero uma casa própria,Não,Um pouco,Cidade meczera,São iguais,Às vezes,Sim,4,,Leste
30/03/2026 14:42:52,Mulher Cis,35 a 44 anos,Campos de São José,Entre R$ 2.801 e R$ 5.600,Funcionário público,3,"Carro próprio, Moto alugada, Ônibus, Linha Verde",Não,Um pouco das duas coisas,Não,"Restaurantes e lanchonetes diferentes, Mais segurança",1 vez por mês,"Sim, sempre",Zona Leste,Não tem lugar legal para ir,O preço,Um pouco,"Sertanejo, Funk, Eletrônica","Max (HBO), Game Pass",TikTok,Não,Não sei nenhum de cabeça,"Rádios (Band Vale, CBN, Jovem Pan, Nativa, Stereo Vale, etc.), Páginas de Instagram (Notícias SJC, Explore SJC, Fica Dica SJC, Prefeitura SJC)",2,Esquerda,As empresas e o comércio,Do mesmo jeito,Não,Sim,Solteiro(a),Tenho Casa Própria,Não,Um pouco,,São melhores,"Sim, sempre",Não,3,,Leste
30/03/2026 14:42:54,Mulher Cis,18 a 24 anos,Vale dos Pinheiros,Entre R$ 5.601 e R$ 12.000,Estudante,3,"Carro próprio, Apps de transporte (Uber, 99), Ônibus",Não,Um pouco das duas coisas,Não,"Mais festas e eventos culturais, Mais opções para sair à noite",1 vez por mês,Quase nunca,"Centro / Oeste (ex: Aquarius, Vila Adyana)",Não tem lugar legal para ir,O preço,"Não, não ligo para isso","Pop, Rock, Hip Hop","Netflix, Amazon Prime Video, Disney+, Max (HBO), Globoplay, Apple TV+, Spotify",Instagram,Sim,"nenhum em especifico, procuro pelo search do instagram","Páginas de Instagram (Notícias SJC, Explore SJC, Fica Dica SJC, Prefeitura SJC), Conversando com amigos e família",4,Esquerda,Os dois juntos,Do mesmo jeito,Sim,Sim,Solteiro(a),,Sim,Um pouco,,Não sei dizer,Às vezes,Não,,,Oeste
30/03/2026 14:45:35,Homem Cis,25 a 34 anos,Jardim Paulista,Entre R$ 2.801 e R$ 5.600,Carteira assinada (CLT),4,"Apps de transporte (Uber, 99), Apps de Bike",Não,Um pouco das duas coisas,Não,"Mais festas e eventos culturais, Parques e praças mais bem cuidados",2 ou 3 vezes por mês,Quase nunca,Zona Leste,Falta de segurança,O preço,Um pouco,"Funk, Trap, Eletrônica","Netflix, Paramount+",TikTok,Não,jeito Jéssica de ser,"Portais de Notícias (Meon, Life Informa, Diário de SJC, G1 Vale, 012 News), Páginas de Instagram (Notícias SJC, Explore SJC, Fica Dica SJC, Prefeitura SJC)",3,Prefiro não responder,Os dois juntos,Piorando,Não,Não,Namorando,Moro de aluguel mas quero uma casa própria,Sim,Um pouco,"Minha cidade é linda, quem tá infeliz que caia fora. Os incomodados que se mudem!",São iguais,"Tenho vontade, mas não vou",Sim,3,,Centro
30/03/2026 14:50:50,Mulher Cis,25 a 34 anos,Aquarius,Entre R$ 5.601 e R$ 12.000,Dono de empresa,4,"Carro próprio, Carro alugado",Sim,Um pouco das duas coisas,Não,Mais opções para sair à noite,2 ou 3 vezes por mês,Às vezes,"Centro / Oeste (ex: Aquarius, Vila Adyana)",Não tem lugar legal para ir,As notas no Google,"Não, não ligo para isso","Rock, Eletrônica, Gospel",Netflix,Instagram,Não,Não acompanho,"Portais de Notícias (Meon, Life Informa, Diário de SJC, G1 Vale, 012 News)",1,Direita,As empresas e o comércio,Melhorando,Não,Sim,Casado(a) ou morando junto,Moro de aluguel e não quero adquirir uma casa própria,Não,Muito,"Uma cidade do interior, para quem deseja construir família e com uma boa infraestrutura de mobilidade. ",São piores,Às vezes,Sim,5,"Acho que as respostas foram bem limitadas, nem todas eu estava de acordo 100%, tipo a pergunta de comprar de produtores locais, eu tenho interesse em comprar mas nao tenho acesso rápido e acabo comprando do que é mais perto (por exemplo). ",Oeste
30/03/2026 14:54:18,Mulher Cis,25 a 34 anos,Santa Lúcia,Até R$ 2.800,Carteira assinada (CLT),3,"Ônibus, Linha Verde",Sim,Uma cidade moderna e cheia de tecnologia,Não,"Mais festas e eventos culturais, Mais segurança",2 ou 3 vezes por mês,Às vezes,Zona Sul,Falta de segurança,O preço,"Não, não ligo para isso","Rock, Sertanejo","Disney+, Deezer",YouTube,Não,Não me recordo ,"Portais de Notícias (Meon, Life Informa, Diário de SJC, G1 Vale, 012 News), Canais de TV (Vanguarda, Thathi, Canção Nova, etc.), Grupos de WhatsApp ou Telegram",4,Prefiro não responder,Não sei,Do mesmo jeito,Não,Sim,Casado(a) ou morando junto,Moro de aluguel mas quero uma casa própria,Não,Não,Não sei o que dizer ,São piores,Às vezes,Não,5,,Leste
30/03/2026 15:00:28,Mulher Cis,18 a 24 anos,Monte Castelo,Entre R$ 5.601 e R$ 12.000,Estudante,4,"Apps de transporte (Uber, 99), Ônibus",Sim,Uma cidade moderna e cheia de tecnologia,Sim,"Parques e praças mais bem cuidados, Melhorar o ônibus e o trânsito, Mais segurança",2 ou 3 vezes por mês,Às vezes,Zona Sul,Falta de segurança,Se o lugar é bonito e agradável,"Não, não ligo para isso","Sertanejo, Funk, Trap, MPB, Pagode/Samba","Netflix, Amazon Prime Video, Spotify",Instagram,Sim,"Não acompanho nenhum, apenas aparecem pelo algoritmo ","Páginas de Instagram (Notícias SJC, Explore SJC, Fica Dica SJC, Prefeitura SJC)",5,Esquerda,As empresas e o comércio,Do mesmo jeito,Sim,Sim,Namorando,,Sim,Não,Acolhedora ,São melhores,"Tenho vontade, mas não vou",Sim,5,,Centro
30/03/2026 15:03:27,Homem Cis,45 a 54 anos,Jd América ,Entre R$ 5.601 e R$ 12.000,Carteira assinada (CLT),4,"Carro próprio, Bicicleta própria, Ônibus, Linha Verde",Não,Um pouco das duas coisas,Sim,"Mais festas e eventos culturais, Mais segurança",Toda semana,Às vezes,Zona Sul,É tudo muito caro,As notas no Google,"Não, não ligo para isso","Rock, Sertanejo, MPB, Pagode/Samba","Netflix, Amazon Prime Video, Max (HBO), Globoplay, Paramount+, YouTube Music, Game Pass",Instagram,Sim,Não lembro o nome ,"Rádios (Band Vale, CBN, Jovem Pan, Nativa, Stereo Vale, etc.), Páginas de Instagram (Notícias SJC, Explore SJC, Fica Dica SJC, Prefeitura SJC)",4,Direita,Os dois juntos,Do mesmo jeito,Sim,Sim,Casado(a) ou morando junto,Moro de aluguel mas quero uma casa própria,Sim,Não,"Uma das melhores cidades pra se viver, mas cada vez mais está ficando muito caro morar aqui. Falta atrativos turísticos e culturais.",São melhores,Às vezes,Sim,4,"Custo de vida aqui está subindo absurdamente, deveríamos investir e criar pontos turísticos, hj nossos visitantes são na maioria esmagadora para trabalhar. Muitas cidades construíram pontos q se tornaram turísticos. ",Sul
30/03/2026 15:51:44,Mulher Cis,18 a 24 anos,Santa ines 3,Até R$ 2.800,Carteira assinada (CLT),3,Ônibus,Não,Um pouco das duas coisas,Não,Melhorar o ônibus e o trânsito,2 ou 3 vezes por mês,Às vezes,"Centro / Oeste (ex: Aquarius, Vila Adyana)",Ônibus ou falta de transporte,O que vejo no Instagram ou TikTok,"Não, não ligo para isso",Sertanejo,"Netflix, Spotify",Instagram,Não,Não conheço ,"Páginas de Instagram (Notícias SJC, Explore SJC, Fica Dica SJC, Prefeitura SJC), Conversando com amigos e família",3,Direita,Os dois juntos,Do mesmo jeito,Sim,Sim,Solteiro(a),Tenho Casa Própria,Sim,Não,"Precisa de melhorias
",São iguais,Às vezes,Não,4,,Leste
30/03/2026 16:04:06,Mulher Cis,18 a 24 anos,Vila Maria ,Entre R$ 2.801 e R$ 5.600,Estudante,4,"Apps de transporte (Uber, 99)",Não,Uma cidade tranquila com jeito de interior,Sim,Melhorar o ônibus e o trânsito,2 ou 3 vezes por mês,Quase nunca,Zona Leste,É tudo muito caro,O preço,"Não, não ligo para isso","Pop, Sertanejo, Funk, Trap","Max (HBO), Globoplay",TikTok,Não,Não lembro,"Portais de Notícias (Meon, Life Informa, Diário de SJC, G1 Vale, 012 News), Canais de TV (Vanguarda, Thathi, Canção Nova, etc.)",2,Prefiro não responder,Os dois juntos,Do mesmo jeito,Não,Sim,Solteiro(a),Moro de aluguel mas quero uma casa própria,Não,Um pouco,,São piores,Às vezes,Não,4,,Centro
30/03/2026 16:05:43,Homem Cis,25 a 34 anos,Jardim Morumbi,Entre R$ 2.801 e R$ 5.600,Por conta própria / Bico / PJ,2,"Carro próprio, Bicicleta própria, Ônibus, Linha Verde",Não,Uma cidade tranquila com jeito de interior,Não,"Mais festas e eventos culturais, Parques e praças mais bem cuidados, Mais segurança",1 vez por mês,Quase nunca,"Centro / Oeste (ex: Aquarius, Vila Adyana)",Falta de segurança,Indicação de amigos ou família,Um pouco,"Sertanejo, Funk, Eletrônica, Hip Hop","Netflix, Star+, Deezer",TikTok,Não,Não sei ,"Portais de Notícias (Meon, Life Informa, Diário de SJC, G1 Vale, 012 News), Canais de TV (Vanguarda, Thathi, Canção Nova, etc.), Grupos de WhatsApp ou Telegram",4,Centro,Os dois juntos,Do mesmo jeito,Não,Sim,Solteiro(a),Tenho Casa Própria,Sim,Um pouco,,São melhores,Às vezes,Não,3,,Sul
30/03/2026 16:07:14,Mulher Cis,25 a 34 anos,Jardim Aeroporto,Entre R$ 2.801 e R$ 5.600,Funcionário público,3,"Moto alugada, Apps de Bike",Não,Uma cidade tranquila com jeito de interior,Não,"Mais festas e eventos culturais, Melhorar o ônibus e o trânsito",1 vez por mês,Às vezes,Zona Sul,Ônibus ou falta de transporte,O que vejo no Instagram ou TikTok,Um pouco,"Rock, Funk, MPB","Netflix, Apple TV+, Spotify",TikTok,Não,Não sei nenhuma de cabeça agora mas sigo alguns,"Portais de Notícias (Meon, Life Informa, Diário de SJC, G1 Vale, 012 News), Canais de TV (Vanguarda, Thathi, Canção Nova, etc.), Conversando com amigos e família",4,Centro,Os dois juntos,Do mesmo jeito,Não,Sim,Solteiro(a),Moro de aluguel mas quero uma casa própria,Sim,Um pouco,,São melhores,"Sim, sempre",Sim,3,,Sudeste
30/03/2026 16:08:48,Mulher Cis,25 a 34 anos,Jardim Motorama ,Entre R$ 5.601 e R$ 12.000,Por conta própria / Bico / PJ,5,"Carro próprio, Apps de transporte (Uber, 99), Apps de Bike, Patinete próprio, Linha Verde",Sim,Uma cidade tranquila com jeito de interior,Não,"Mais festas e eventos culturais, Parques e praças mais bem cuidados",1 vez por mês,Às vezes,Zona Leste,Ônibus ou falta de transporte,O preço,"Sim, muito","Sertanejo, MPB","Netflix, Amazon Prime Video, Max (HBO)",YouTube,Não,Nnnn,"Portais de Notícias (Meon, Life Informa, Diário de SJC, G1 Vale, 012 News), Canais de TV (Vanguarda, Thathi, Canção Nova, etc.), Grupos de WhatsApp ou Telegram",3,Prefiro não responder,A Prefeitura e o Governo,Melhorando,Sim,Sim,Casado(a) ou morando junto,Moro de aluguel mas quero uma casa própria,Sim,Um pouco,,São melhores,"Tenho vontade, mas não vou",Sim,3,,Leste
30/03/2026 16:10:39,Homem Cis,55 anos a 64 anos,Residencial Flamboyant,Até R$ 2.800,Por conta própria / Bico / PJ,3,"Carro próprio, Apps de Bike",Não,Um pouco das duas coisas,Não,"Mais festas e eventos culturais, Restaurantes e lanchonetes diferentes, Melhorar o ônibus e o trânsito",2 ou 3 vezes por mês,Quase nunca,"Centro / Oeste (ex: Aquarius, Vila Adyana)",É tudo muito caro,O preço,"Não, não ligo para isso","Rock, Sertanejo, Gospel","Netflix, Star+, Game Pass",YouTube,Sim,Lívia graziele,"Portais de Notícias (Meon, Life Informa, Diário de SJC, G1 Vale, 012 News), Rádios (Band Vale, CBN, Jovem Pan, Nativa, Stereo Vale, etc.), Grupos de WhatsApp ou Telegram",3,Direita,Os dois juntos,Do mesmo jeito,Sim,Não,Namorando,Moro de aluguel e não quero adquirir uma casa própria,Sim,Um pouco,,São iguais,"Tenho vontade, mas não vou",Não,5,,Sudeste
30/03/2026 16:11:17,Mulher Cis,25 a 34 anos,Jardim Telespark,Entre R$ 2.801 e R$ 5.600,Por conta própria / Bico / PJ,5,"Carro próprio, Apps de transporte (Uber, 99)",Não,Uma cidade tranquila com jeito de interior,Não,"Mais festas e eventos culturais, Mais opções para sair à noite, Restaurantes e lanchonetes diferentes",Toda semana,Às vezes,"Centro / Oeste (ex: Aquarius, Vila Adyana)",Não tem lugar legal para ir,Se o lugar é bonito e agradável,Um pouco,"Pop, Sertanejo, Pagode/Samba","Netflix, Amazon Prime Video, Disney+, Max (HBO), Globoplay, Apple TV+, Spotify",TikTok,Sim,Sanja City,"Portais de Notícias (Meon, Life Informa, Diário de SJC, G1 Vale, 012 News)",5,Esquerda,As empresas e o comércio,Do mesmo jeito,Sim,Sim,Divorciado(a),Tenho Casa Própria,Sim,Um pouco,"Cidade para 40+, poucas opções de laser para jovens.",São melhores,Às vezes,Não,4,,Norte
30/03/2026 16:20:34,Mulher Cis,45 a 54 anos,Urbanova,Mais de R$ 26.000,Carteira assinada (CLT),4,"Carro próprio, Bicicleta própria",Sim,Um pouco das duas coisas,Sim,"Mais opções para sair à noite, Mais segurança",1 vez por mês,Às vezes,"Centro / Oeste (ex: Aquarius, Vila Adyana)",Não vejo dificuldade,Indicação de amigos ou família,"Não, não ligo para isso","Pop, Rock, Eletrônica, MPB","Netflix, Amazon Prime Video, Disney+, Spotify",ChatGPT para pedir referências,Não,"Não tenho ideia, não acompanho muito","Portais de Notícias (Meon, Life Informa, Diário de SJC, G1 Vale, 012 News), Rádios (Band Vale, CBN, Jovem Pan, Nativa, Stereo Vale, etc.), Conversando com amigos e família",3,Prefiro não responder,As empresas e o comércio,Do mesmo jeito,Não,Sim,Casado(a) ou morando junto,Tenho Casa Própria,Não,Não,Uma cidade que amo,São melhores,Às vezes,Sim,4,"Achei as perguntas com poucas opções de resposta em algumas delas, só sim e não, isso não é abrangente, não sei qual o seu intuito, mas algumas respondi sem ser a total realidade, pois teria mais misturas. ",Oeste
30/03/2026 16:21:58,Mulher Cis,35 a 44 anos,Vila Cristina,Até R$ 2.800,Por conta própria / Bico / PJ,4,"Apps de transporte (Uber, 99)",Não,Um pouco das duas coisas,Não,Melhorar o ônibus e o trânsito,Quase nunca,Às vezes,"Centro / Oeste (ex: Aquarius, Vila Adyana)",Falta de segurança,Indicação de amigos ou família,"Não, não ligo para isso","Sertanejo, MPB, Gospel, Pagode/Samba","Spotify, Deezer",TikTok,Não,Não acompanho nenhum,"Páginas de Instagram (Notícias SJC, Explore SJC, Fica Dica SJC, Prefeitura SJC)",5,Direita,Os dois juntos,Melhorando,Não,Sim,Solteiro(a),Tenho Casa Própria,Não,Não,,São melhores,"Tenho vontade, mas não vou",Sim,5,Não,Norte
30/03/2026 16:32:57,Homem Cis,35 a 44 anos,Jardim São Dimas,Entre R$ 2.801 e R$ 5.600,Desempregado,5,"Apps de transporte (Uber, 99), Patinete Alugado",Sim,Um pouco das duas coisas,Sim,Restaurantes e lanchonetes diferentes,1 vez por mês,Quase nunca,"Centro / Oeste (ex: Aquarius, Vila Adyana)",É tudo muito caro,Se é perto de casa,"Não, não ligo para isso","Pop, Rock, MPB, Pagode/Samba","Netflix, Amazon Prime Video, Spotify, YouTube Music",Instagram,Sim,Não sigo nenhum em especifico,"Portais de Notícias (Meon, Life Informa, Diário de SJC, G1 Vale, 012 News), Canais de TV (Vanguarda, Thathi, Canção Nova, etc.), Páginas de Instagram (Notícias SJC, Explore SJC, Fica Dica SJC, Prefeitura SJC)",3,Esquerda,As empresas e o comércio,Melhorando,Sim,Sim,Casado(a) ou morando junto,Tenho Casa Própria,Não,Não,Uma das melhores cidades para morar,São melhores,Às vezes,Não,4,,Centro
30/03/2026 16:33:42,Homem Cis,35 a 44 anos,Jardim Apollo II ,Mais de R$ 26.000,Carteira assinada (CLT),4,"Apps de transporte (Uber, 99), Bicicleta própria",Não,Um pouco das duas coisas,Não,"Mais festas e eventos culturais, Mais opções para sair à noite, Restaurantes e lanchonetes diferentes",Toda semana,"Sim, sempre","Centro / Oeste (ex: Aquarius, Vila Adyana)",Não tem lugar legal para ir,As notas no Google,"Não, não ligo para isso","Pop, Rock, Eletrônica","Netflix, Max (HBO), Spotify",Instagram,Não,Não conheço nenhum.,Conversando com amigos e família,3,Centro,As empresas e o comércio,Melhorando,Sim,Não,Casado(a) ou morando junto,Moro de aluguel mas quero uma casa própria,Sim,Não,"Ótima qualidade vida, porém uma cidade bastante chata e sem opções.",São iguais,Não tenho interesse,Sim,5,"A cidade é ótima, mas faltam eventos culturais, shows (que estão aumentando) e opções diferentes de restaurantes e bares (que não seja o Coronel e o Armazém da Pizza, os dois melhores lugares de SJC)",Centro
30/03/2026 16:37:48,Mulher Cis,25 a 34 anos,Bq. Eucaliptos,Entre R$ 2.801 e R$ 5.600,Carteira assinada (CLT),4,"Carro próprio, Apps de transporte (Uber, 99), Ônibus",Sim,Um pouco das duas coisas,Não,Melhorar o ônibus e o trânsito,Quase nunca,Quase nunca,Zona Sul,Falta de segurança,Se o lugar é bonito e agradável,"Não, não ligo para isso",Rock,"Netflix, Amazon Prime Video",Instagram,Não,-,Grupos de WhatsApp ou Telegram,4,Direita,A Prefeitura e o Governo,Do mesmo jeito,Não,Sim,Casado(a) ou morando junto,Moro de aluguel mas quero uma casa própria,Não,Não,,São melhores,Às vezes,Não,5,,Sul
30/03/2026 16:40:38,Homem Cis,25 a 34 anos,Jardim Paraíso,Entre R$ 5.601 e R$ 12.000,Carteira assinada (CLT),4,"Carro próprio, Apps de transporte (Uber, 99), Ônibus, Linha Verde",Sim,Uma cidade moderna e cheia de tecnologia,Sim,"Parques e praças mais bem cuidados, Melhorar o ônibus e o trânsito, Mais segurança",1 vez por mês,Às vezes,Zona Sul,Falta de segurança,O preço,"Não, não ligo para isso","Pop, Sertanejo, Pagode/Samba","Amazon Prime Video, Disney+, Max (HBO), YouTube Music",Instagram,Não,N/A,"Canais de TV (Vanguarda, Thathi, Canção Nova, etc.), Páginas de Instagram (Notícias SJC, Explore SJC, Fica Dica SJC, Prefeitura SJC), Conversando com amigos e família",3,Direita,Não sei,Do mesmo jeito,Não,Sim,Casado(a) ou morando junto,Moro de aluguel mas quero uma casa própria,Não,Não,,Não sei dizer,Não tenho interesse,Não,4,,Sul
30/03/2026 16:47:21,Homem Cis,45 a 54 anos,Urbanova,Entre R$ 12.001 e R$ 26.000,Por conta própria / Bico / PJ,5,"Carro próprio, Apps de transporte (Uber, 99)",Sim,Um pouco das duas coisas,Sim,"Restaurantes e lanchonetes diferentes, Melhorar o ônibus e o trânsito",1 vez por mês,Às vezes,"Centro / Oeste (ex: Aquarius, Vila Adyana)",Não vejo dificuldade,Se o lugar é bonito e agradável,"Não, não ligo para isso","Rock, Sertanejo, Pagode/Samba","Netflix, Amazon Prime Video, Disney+, Apple TV+",Instagram,Não,Fabi Pupio,"Portais de Notícias (Meon, Life Informa, Diário de SJC, G1 Vale, 012 News), Rádios (Band Vale, CBN, Jovem Pan, Nativa, Stereo Vale, etc.), Páginas de Instagram (Notícias SJC, Explore SJC, Fica Dica SJC, Prefeitura SJC)",5,Direita,Os dois juntos,Do mesmo jeito,Não,Sim,Casado(a) ou morando junto,Tenho Casa Própria,Não,Não,,São melhores,Às vezes,Sim,4,,Oeste
30/03/2026 16:49:24,Homem Cis,35 a 44 anos,Jardim Apolo,Entre R$ 5.601 e R$ 12.000,Por conta própria / Bico / PJ,4,"Carro próprio, Apps de transporte (Uber, 99), Bicicleta própria, Apps de Bike",Não,Um pouco das duas coisas,Não,"Restaurantes e lanchonetes diferentes, Melhorar o ônibus e o trânsito",1 vez por mês,Quase nunca,Zona Sul,Falta de segurança,Se é perto de casa,"Não, não ligo para isso","Sertanejo, Eletrônica, Gospel","Netflix, Apple TV+, Star+, Deezer",TikTok,Não,Não sei,"Rádios (Band Vale, CBN, Jovem Pan, Nativa, Stereo Vale, etc.), Canais de TV (Vanguarda, Thathi, Canção Nova, etc.)",3,Prefiro não responder,Não sei,Do mesmo jeito,Não,Não,Casado(a) ou morando junto,Moro de aluguel e não quero adquirir uma casa própria,Sim,Um pouco,,São melhores,Às vezes,Não,4,,Centro
30/03/2026 16:58:23,Homem Cis,35 a 44 anos,Vila Ema,Entre R$ 12.001 e R$ 26.000,Funcionário público,4,"Carro próprio, Apps de transporte (Uber, 99)",Não,Um pouco das duas coisas,Não,"Parques e praças mais bem cuidados, Melhorar o ônibus e o trânsito",Quase nunca,"Sim, sempre","Centro / Oeste (ex: Aquarius, Vila Adyana)",Não tem lugar legal para ir,Indicação de amigos ou família,"Não, não ligo para isso","Pop, Sertanejo","Netflix, Max (HBO)",Instagram,Não,Não acompanho,"Portais de Notícias (Meon, Life Informa, Diário de SJC, G1 Vale, 012 News), Rádios (Band Vale, CBN, Jovem Pan, Nativa, Stereo Vale, etc.), Páginas de Instagram (Notícias SJC, Explore SJC, Fica Dica SJC, Prefeitura SJC)",4,Prefiro não responder,As empresas e o comércio,Piorando,Não,Sim,Solteiro(a),Tenho Casa Própria,Sim,Um pouco,Boa estrutura com nuances de interior.,São piores,Não tenho interesse,Não,5,Custo imobiliário altíssimo.,Centro
30/03/2026 16:58:47,Homem Cis,35 a 44 anos,Santa Helena,Entre R$ 5.601 e R$ 12.000,Desempregado,5,Carro próprio,Não,Um pouco das duas coisas,Sim,Mais festas e eventos culturais,Toda semana,Às vezes,Vou em todas as regiões,É tudo muito caro,As notas no Google,"Não, não ligo para isso",Pagode/Samba,"Netflix, Max (HBO), Spotify",Instagram,Não,Não sigo nenhum e não conheço.,"Canais de TV (Vanguarda, Thathi, Canção Nova, etc.), Páginas de Instagram (Notícias SJC, Explore SJC, Fica Dica SJC, Prefeitura SJC)",5,Esquerda,Os dois juntos,Piorando,Sim,Sim,Casado(a) ou morando junto,Tenho Casa Própria,Não,Não,Ótimo lugar para morar mas ainda pode melhorar mais sem muito esforço e dinheiro.,São melhores,Às vezes,Não,5,"Investir bem em educação, tecnologia e qualidade de vida será essencial para qualquer cidade ser catapultada para um futuro bem melhor.",Leste
30/03/2026 16:59:15,Mulher Cis,18 a 24 anos,Jardim Valparaiba,Entre R$ 2.801 e R$ 5.600,Carteira assinada (CLT),3,"Carro próprio, Apps de transporte (Uber, 99), Ônibus",Sim,Uma cidade moderna e cheia de tecnologia,Não,"Parques e praças mais bem cuidados, Melhorar o ônibus e o trânsito, Mais segurança",1 vez por mês,"Sim, sempre",Zona Sul,Falta de segurança,As notas no Google,"Não, não ligo para isso",Rock,"Netflix, Spotify",Instagram,Sim,nenhum atualmente todos que fui por eles eram overprice,"Portais de Notícias (Meon, Life Informa, Diário de SJC, G1 Vale, 012 News), Canais de TV (Vanguarda, Thathi, Canção Nova, etc.), Páginas de Instagram (Notícias SJC, Explore SJC, Fica Dica SJC, Prefeitura SJC)",4,Esquerda,Os dois juntos,Do mesmo jeito,Sim,Sim,Casado(a) ou morando junto,Moro de aluguel e não quero adquirir uma casa própria,Sim,Não,Sem previsão de crescimento futuro. ,São piores,Às vezes,Sim,2,O problema sobre os animais é que os proprios tutores nao sabem ser tutores! Nao presam a segurança de um todo quando sai com eles na rua (principalmente cachorros) ,Leste
30/03/2026 16:53:18,Mulher Cis,45 a 54 anos,Jd Aquarius ,Mais de R$ 26.000,Carteira assinada (CLT),4,"Carro próprio, Bicicleta própria",Sim,Um pouco das duas coisas,Não,"Melhorar o ônibus e o trânsito, Mais segurança",Toda semana,Às vezes,"Centro / Oeste (ex: Aquarius, Vila Adyana)",Não vejo dificuldade,As notas no Google,"Não, não ligo para isso","Pop, Rock, MPB","Netflix, Spotify, YouTube Music",Instagram,Não,Alessandra Labat,"Portais de Notícias (Meon, Life Informa, Diário de SJC, G1 Vale, 012 News), Rádios (Band Vale, CBN, Jovem Pan, Nativa, Stereo Vale, etc.), Páginas de Instagram (Notícias SJC, Explore SJC, Fica Dica SJC, Prefeitura SJC), Grupos de WhatsApp ou Telegram",3,Direita,Os dois juntos,Piorando,Não,Sim,Casado(a) ou morando junto,Tenho Casa Própria,Não,Não,Precisa de cuidado para não decair,São melhores,Às vezes,Sim,5,A saúde infantil ja era precária antes do fechamento Policlin pediátrico. Atualmente  falta um bom hospital / pronto socorro infantil particular/convenio.,Oeste
30/03/2026 17:00:26,Homem Cis,25 a 34 anos,Vista Verde,Entre R$ 12.001 e R$ 26.000,Carteira assinada (CLT),4,"Carro próprio, Moto própria, Apps de transporte (Uber, 99)",Sim,Um pouco das duas coisas,Sim,"Parques e praças mais bem cuidados, Melhorar o ônibus e o trânsito, Mais segurança",2 ou 3 vezes por mês,Quase nunca,Vou em todas as regiões,É tudo muito caro,Se o lugar é bonito e agradável,"Não, não ligo para isso","Sertanejo, Pagode/Samba","Netflix, Amazon Prime Video, Disney+, Max (HBO), Spotify",YouTube,Não,Não acompanho redes sociais ,"Canais de TV (Vanguarda, Thathi, Canção Nova, etc.), Conversando com amigos e família",3,Direita,Os dois juntos,Melhorando,Sim,Sim,Casado(a) ou morando junto,Moro de aluguel mas quero uma casa própria,Não,Não,Muito bom.,São melhores,"Sim, sempre",Sim,5,,Leste
30/03/2026 17:02:14,Mulher Cis,25 a 34 anos,Jardim das Indústrias,Entre R$ 5.601 e R$ 12.000,Carteira assinada (CLT),5,"Apps de transporte (Uber, 99)",Sim,Uma cidade tranquila com jeito de interior,Sim,Mais opções para sair à noite,1 vez por mês,"Sim, sempre","Centro / Oeste (ex: Aquarius, Vila Adyana)",Não vejo dificuldade,As notas no Google,"Não, não ligo para isso","Eletrônica, MPB, Pagode/Samba","Amazon Prime Video, Globoplay, Spotify, YouTube Music",Instagram,Não,Nao acompanho influencers,Não acompanho as notícias da cidade,1,Esquerda,Os dois juntos,Melhorando,Sim,Sim,Namorando,Moro de aluguel mas quero uma casa própria,Não,Um pouco,,São melhores,"Tenho vontade, mas não vou",Sim,5,,Oeste
30/03/2026 17:03:25,Homem Cis,35 a 44 anos,Vila Adiana,Entre R$ 5.601 e R$ 12.000,Carteira assinada (CLT),5,"Carro próprio, Carro alugado, Apps de transporte (Uber, 99), Ônibus",Sim,Um pouco das duas coisas,Não,"Mais festas e eventos culturais, Mais opções para sair à noite, Restaurantes e lanchonetes diferentes, Parques e praças mais bem cuidados, Melhorar o ônibus e o trânsito, Mais segurança",2 ou 3 vezes por mês,Às vezes,Vou em todas as regiões,É tudo muito caro,Se o lugar é bonito e agradável,"Não, não ligo para isso",Rock,"Netflix, Amazon Prime Video, Disney+, Max (HBO), Globoplay, Apple TV+, Star+, Paramount+, Spotify, Deezer, PlayStation Plus",Google,Não,Não tem ,"Portais de Notícias (Meon, Life Informa, Diário de SJC, G1 Vale, 012 News), Rádios (Band Vale, CBN, Jovem Pan, Nativa, Stereo Vale, etc.), Canais de TV (Vanguarda, Thathi, Canção Nova, etc.), Páginas de Instagram (Notícias SJC, Explore SJC, Fica Dica SJC, Prefeitura SJC), Conversando com amigos e família",1,Prefiro não responder,As empresas e o comércio,Piorando,Sim,Sim,Casado(a) ou morando junto,Moro de aluguel mas quero uma casa própria,Não,Não,Podia ser melhor mas....,São iguais,Não tenho interesse,Sim,3,Custo de vida ,Centro
30/03/2026 17:05:24,Homem Cis,35 a 44 anos,Jardim Morumbi ,Entre R$ 5.601 e R$ 12.000,Carteira assinada (CLT),4,"Carro próprio, Apps de transporte (Uber, 99)",Não,Um pouco das duas coisas,Sim,"Mais festas e eventos culturais, Mais opções para sair à noite, Parques e praças mais bem cuidados, Mais segurança",2 ou 3 vezes por mês,Quase nunca,"Centro / Oeste (ex: Aquarius, Vila Adyana)",É tudo muito caro,O preço,"Não, não ligo para isso",Sertanejo,"Netflix, Amazon Prime Video, Spotify",Instagram,Sim,"Gandula, juniorbarbarossa, everson zoio","Portais de Notícias (Meon, Life Informa, Diário de SJC, G1 Vale, 012 News), Rádios (Band Vale, CBN, Jovem Pan, Nativa, Stereo Vale, etc.), Grupos de WhatsApp ou Telegram",3,Direita,Os dois juntos,Melhorando,Sim,Sim,Casado(a) ou morando junto,Tenho Casa Própria,Sim,Não,"Uma cidade bem organizada, ",São melhores,Não tenho interesse,Não,3,,Sul
30/03/2026 17:05:31,Homem Cis,18 a 24 anos,Jardim Morumbi,Entre R$ 2.801 e R$ 5.600,Estudante,5,"Apps de transporte (Uber, 99), Ônibus",Sim,Um pouco das duas coisas,Não,"Mais festas e eventos culturais, Mais opções para sair à noite, Restaurantes e lanchonetes diferentes, Melhorar o ônibus e o trânsito",1 vez por mês,Quase nunca,Zona Sul,Falta de segurança,Se o lugar é bonito e agradável,Um pouco,"Pop, Rock, MPB, Pagode/Samba","Spotify, Game Pass",Instagram,Não,"_jpgoess, iguinho69_job, gandula","Canais de TV (Vanguarda, Thathi, Canção Nova, etc.), Páginas de Instagram (Notícias SJC, Explore SJC, Fica Dica SJC, Prefeitura SJC)",4,Direita,Os dois juntos,Do mesmo jeito,Sim,Sim,Solteiro(a),Moro de aluguel mas quero uma casa própria,Não,Um pouco,"Uma boa cidade, porém com o custo de vida muito alto",São melhores,Às vezes,Sim,4,,Sul
30/03/2026 17:07:36,Mulher Cis,35 a 44 anos,Jardim das indústrias ,Entre R$ 2.801 e R$ 5.600,Por conta própria / Bico / PJ,3,Carro próprio,Sim,Um pouco das duas coisas,Não,Melhorar o ônibus e o trânsito,2 ou 3 vezes por mês,Às vezes,Zona Sul,É tudo muito caro,Indicação de amigos ou família,"Não, não ligo para isso","Pop, Rock, Sertanejo, MPB, Gospel","Netflix, Amazon Prime Video, Disney+, Max (HBO), Apple TV+, Spotify, YouTube Music",Instagram,Sim,Não sigo ,"Páginas de Instagram (Notícias SJC, Explore SJC, Fica Dica SJC, Prefeitura SJC)",3,Direita,Os dois juntos,Do mesmo jeito,Sim,Sim,Casado(a) ou morando junto,Moro de aluguel mas quero uma casa própria,Sim,Um pouco,Tranquilo ,Não sei dizer,"Sim, sempre",Não,4,Falta emprego e oportunidades com salários mais altos. ,Oeste
30/03/2026 17:07:46,Mulher Cis,25 a 34 anos,Jardim Anhembi,Entre R$ 5.601 e R$ 12.000,Carteira assinada (CLT),5,"Apps de transporte (Uber, 99), Linha Verde",Sim,Um pouco das duas coisas,Sim,"Mais festas e eventos culturais, Mais opções para sair à noite",2 ou 3 vezes por mês,Às vezes,Zona Sul,É tudo muito caro,O preço,Um pouco,"Pop, Rock, Eletrônica, Pagode/Samba","Netflix, Max (HBO), Spotify",Instagram,Sim,Casal sjc,"Páginas de Instagram (Notícias SJC, Explore SJC, Fica Dica SJC, Prefeitura SJC)",4,Esquerda,Os dois juntos,Do mesmo jeito,Sim,Sim,Divorciado(a),Moro de aluguel mas quero uma casa própria,Sim,Um pouco,Boa qualidade de vida,Não sei dizer,"Sim, sempre",Sim,4,Moradores tem mania de criar animais de estimação soltos.,Sul
30/03/2026 17:10:51,Homem Cis,25 a 34 anos,Cidade Morumbi,Entre R$ 2.801 e R$ 5.600,Carteira assinada (CLT),4,"Apps de transporte (Uber, 99), Ônibus, Linha Verde",Sim,Um pouco das duas coisas,Não,"Mais opções para sair à noite, Restaurantes e lanchonetes diferentes, Melhorar o ônibus e o trânsito, Mais segurança",2 ou 3 vezes por mês,Às vezes,"Centro / Oeste (ex: Aquarius, Vila Adyana)",É tudo muito caro,As notas no Google,"Não, não ligo para isso","Rock, Trap, Hip Hop","Netflix, Amazon Prime Video, Spotify",Instagram,Sim,.,"Portais de Notícias (Meon, Life Informa, Diário de SJC, G1 Vale, 012 News), Páginas de Instagram (Notícias SJC, Explore SJC, Fica Dica SJC, Prefeitura SJC)",2,Centro,Os dois juntos,Do mesmo jeito,Sim,Sim,Casado(a) ou morando junto,Moro de aluguel mas quero uma casa própria,Não,Um pouco,Sp sem poluição,São melhores,Às vezes,Sim,5,"Atividades de esportes, sempre gostei de praticar mas tudo é pago e mt caro",Sul
30/03/2026 17:13:34,Homem Cis,18 a 24 anos,Jardim Veneza,Entre R$ 2.801 e R$ 5.600,Carteira assinada (CLT),4,Carro próprio,Sim,Um pouco das duas coisas,Sim,"Restaurantes e lanchonetes diferentes, Parques e praças mais bem cuidados",2 ou 3 vezes por mês,Às vezes,Zona Sul,É tudo muito caro,O que vejo no Instagram ou TikTok,"Não, não ligo para isso","Sertanejo, MPB, Pagode/Samba","Netflix, Star+, Paramount+, Spotify",Instagram,Sim,Não acompanho especificos.,"Páginas de Instagram (Notícias SJC, Explore SJC, Fica Dica SJC, Prefeitura SJC), Conversando com amigos e família",4,Direita,As empresas e o comércio,Do mesmo jeito,Sim,Sim,Casado(a) ou morando junto,Tenho Casa Própria,Sim,Não,,São iguais,,Sim,3,,Sul
30/03/2026 17:13:46,Mulher Cis,25 a 34 anos,Centro,Entre R$ 2.801 e R$ 5.600,Carteira assinada (CLT),4,"Apps de transporte (Uber, 99), Ônibus",Não,Um pouco das duas coisas,Não,"Mais opções para sair à noite, Restaurantes e lanchonetes diferentes, Melhorar o ônibus e o trânsito",Toda semana,Nunca,"Centro / Oeste (ex: Aquarius, Vila Adyana)",Não tem lugar legal para ir,Se o lugar é bonito e agradável,Um pouco,"Rock, Eletrônica, MPB","Netflix, Amazon Prime Video, Disney+, Max (HBO), Globoplay, Apple TV+, Star+, Spotify",google maps,Sim,--,"Páginas de Instagram (Notícias SJC, Explore SJC, Fica Dica SJC, Prefeitura SJC)",4,Esquerda,Não sei,Piorando,Sim,Sim,Casado(a) ou morando junto,Moro de aluguel mas quero uma casa própria,Sim,Não,Virando SP,São melhores,Às vezes,Sim,3,,Centro
30/03/2026 17:16:37,Mulher Cis,35 a 44 anos,Jardim América ,Entre R$ 5.601 e R$ 12.000,Carteira assinada (CLT),5,"Ônibus, Linha Verde",Não,Nenhuma delas,Sim,"Mais festas e eventos culturais, Mais opções para sair à noite, Restaurantes e lanchonetes diferentes, Parques e praças mais bem cuidados, Melhorar o ônibus e o trânsito, Mais segurança",Toda semana,Às vezes,"Centro / Oeste (ex: Aquarius, Vila Adyana)",Não tem lugar legal para ir,O preço,"Não, não ligo para isso","Pop, Rock, Sertanejo, Pagode/Samba","Netflix, Amazon Prime Video, Spotify",Instagram,Não,Não conheço nenhum ,"Páginas de Instagram (Notícias SJC, Explore SJC, Fica Dica SJC, Prefeitura SJC)",2,Direita,As empresas e o comércio,Piorando,Sim,Sim,Solteiro(a),Tenho Casa Própria,Sim,Não,"Uma cidade “sabor tecnológica” apesar de boa, o piso salarial é horrível. As empresas não tem benefícios nenhum em estar em São José, pouco emprego na indústria. Se for comparar mesmo, Jacareí é muito mais tecnológica que São José. Tem muito mais indústrias do que em São José. A maioria das pessoas trabalham em Jacareí porque não tem mais indústrias em São José dos Campos, infelizmente ",São iguais,Às vezes,Sim,5,Falta incentivo fiscal para ter mais indústrias na cidade e gerar mais empregos.. São José dos Campos não tem tanto lugar para comércio e turismo e o prefeito se esquece que o que gira o comércio e o turismo são as indústrias que dispõem de vagas de emprego com bons salários ,Sul
30/03/2026 17:17:01,Mulher Cis,25 a 34 anos,Vila Adyana,Entre R$ 2.801 e R$ 5.600,Por conta própria / Bico / PJ,5,"Apps de transporte (Uber, 99)",Sim,Um pouco das duas coisas,Sim,Não falta nada,Toda semana,"Sim, sempre","Centro / Oeste (ex: Aquarius, Vila Adyana)",Não vejo dificuldade,Se o lugar é bonito e agradável,"Não, não ligo para isso",Pop,"Netflix, Spotify",Instagram,Sim,"@inspireoutras, @gabivilelap","Páginas de Instagram (Notícias SJC, Explore SJC, Fica Dica SJC, Prefeitura SJC)",3,Esquerda,As empresas e o comércio,Do mesmo jeito,Sim,Sim,Solteiro(a),Moro de aluguel e não quero adquirir uma casa própria,Sim,Não,,São melhores,"Sim, sempre",Não,4,,Centro
30/03/2026 17:17:46,Mulher Cis,25 a 34 anos,Vila São Geraldo ,Até R$ 2.800,Carteira assinada (CLT),4,"Apps de transporte (Uber, 99), Ônibus",Não,Um pouco das duas coisas,Não,"Mais opções para sair à noite, Parques e praças mais bem cuidados, Melhorar o ônibus e o trânsito",1 vez por mês,"Sim, sempre",Zona Sul,Não tem lugar legal para ir,Se o lugar é bonito e agradável,"Não, não ligo para isso","Pop, Sertanejo, Eletrônica, MPB, Pagode/Samba","Netflix, Spotify",Instagram,Sim,Não sei nome ,"Rádios (Band Vale, CBN, Jovem Pan, Nativa, Stereo Vale, etc.), Canais de TV (Vanguarda, Thathi, Canção Nova, etc.), Páginas de Instagram (Notícias SJC, Explore SJC, Fica Dica SJC, Prefeitura SJC)",2,Prefiro não responder,As empresas e o comércio,Melhorando,Sim,Sim,Namorando,Tenho Casa Própria,Sim,Um pouco,Cidade tranquila para se viver,São piores,Não tenho interesse,Sim,4,,Norte
30/03/2026 17:28:45,Homem Cis,35 a 44 anos,Jardim Santa Júlia,Entre R$ 2.801 e R$ 5.600,Carteira assinada (CLT),4,"Carro próprio, Apps de transporte (Uber, 99), Bicicleta própria, Ônibus",Sim,Um pouco das duas coisas,Não,"Parques e praças mais bem cuidados, Melhorar o ônibus e o trânsito, Mais segurança",Toda semana,Quase nunca,Zona Leste,É tudo muito caro,O preço,"Não, não ligo para isso",Sertanejo,"Netflix, Spotify",Não tenho rede social,Não,Não conheço um ,"Portais de Notícias (Meon, Life Informa, Diário de SJC, G1 Vale, 012 News), Canais de TV (Vanguarda, Thathi, Canção Nova, etc.), Conversando com amigos e família",3,Direita,Os dois juntos,Do mesmo jeito,Não,Sim,Casado(a) ou morando junto,Tenho Casa Própria,Não,Não,"Um cidade boa , porém com custos elevados . E a Prefeitura ainda inflou mais os custos com os aumentos de impostos.",São melhores,Não tenho interesse,,3,"A cidade tem boas leis quanto aos pets , porém falta fiscalização . principalemnte no que diz as regras de passeios sobre algumas raças maiores.
Outro ponto , É preciso começar a controlar mais rigorosamente o tráfego das scootes e motos elétricas , na maioria não respeitam nada , andam na calçada , na ciclovia , em meio aos carros de capacete , contra mão . Enfim é algo que precisa ser controlado.",Sudeste
30/03/2026 17:32:49,Mulher Cis,25 a 34 anos,Jardim Portugal,Entre R$ 2.801 e R$ 5.600,Carteira assinada (CLT),3,"Carro próprio, Ônibus, Linha Verde",Sim,Uma cidade moderna e cheia de tecnologia,Sim,"Mais festas e eventos culturais, Parques e praças mais bem cuidados, Melhorar o ônibus e o trânsito, Mais segurança",1 vez por mês,Quase nunca,"Centro / Oeste (ex: Aquarius, Vila Adyana)",Falta de segurança,Indicação de amigos ou família,"Não, não ligo para isso","Pop, Rock, Sertanejo, Hip Hop, Pagode/Samba","Netflix, Amazon Prime Video, Spotify",Instagram,Não,Não acompanho influenciador,"Portais de Notícias (Meon, Life Informa, Diário de SJC, G1 Vale, 012 News), Páginas de Instagram (Notícias SJC, Explore SJC, Fica Dica SJC, Prefeitura SJC)",3,Prefiro não responder,As empresas e o comércio,Piorando,Sim,Não,Solteiro(a),,Sim,Não,,,"Tenho vontade, mas não vou",Não,3,,Sul
30/03/2026 17:40:24,Homem Cis,35 a 44 anos,Jardim Satélite,Entre R$ 5.601 e R$ 12.000,Desempregado,4,"Apps de transporte (Uber, 99), Patinete Alugado, Ônibus",Sim,Nenhuma delas,Não,"Mais festas e eventos culturais, Mais opções para sair à noite, Restaurantes e lanchonetes diferentes, Parques e praças mais bem cuidados, Melhorar o ônibus e o trânsito, Mais segurança",1 vez por mês,Quase nunca,Zona Sul,Não tem lugar legal para ir,Se o lugar é bonito e agradável,"Não, não ligo para isso",Rock,"Netflix, Amazon Prime Video, Disney+, Max (HBO), Apple TV+, Spotify",Instagram,Sim,-,"Portais de Notícias (Meon, Life Informa, Diário de SJC, G1 Vale, 012 News), Canais de TV (Vanguarda, Thathi, Canção Nova, etc.), Páginas de Instagram (Notícias SJC, Explore SJC, Fica Dica SJC, Prefeitura SJC), Grupos de WhatsApp ou Telegram, Conversando com amigos e família",4,Esquerda,A Prefeitura e o Governo,Piorando,Sim,Sim,Casado(a) ou morando junto,Moro de aluguel mas quero uma casa própria,Sim,Muito,"Uma cidade bem localizada, otima pra viver mas com pessoas cada vez mais arrogantes e individualistas. Oportunidades de trabalho em questão financeira estão bem abaixo de outras grandes cidades. É uma ótima cidade para criar filhos pela estrutura da educação",São piores,Às vezes,Sim,4,Perguntas sobre educação e emprego,Sul
30/03/2026 17:42:04,Homem Cis,25 a 34 anos,Jardim Novs Michigan ,Até R$ 2.800,Carteira assinada (CLT),5,"Moto própria, Apps de transporte (Uber, 99), Ônibus, Linha Verde",Sim,Um pouco das duas coisas,Sim,"Mais festas e eventos culturais, Mais opções para sair à noite, Restaurantes e lanchonetes diferentes, Parques e praças mais bem cuidados, Melhorar o ônibus e o trânsito, Mais segurança",Toda semana,"Sim, sempre",Zona Leste,O trânsito,O preço,"Não, não ligo para isso","Pop, Rock, Sertanejo, Eletrônica, MPB, Gospel, Pagode/Samba",Não uso nenhum,Instagram,Sim,Não sigo,"Portais de Notícias (Meon, Life Informa, Diário de SJC, G1 Vale, 012 News), Rádios (Band Vale, CBN, Jovem Pan, Nativa, Stereo Vale, etc.), Canais de TV (Vanguarda, Thathi, Canção Nova, etc.), Páginas de Instagram (Notícias SJC, Explore SJC, Fica Dica SJC, Prefeitura SJC), Grupos de WhatsApp ou Telegram, Conversando com amigos e família",1,Prefiro não responder,Os dois juntos,Melhorando,Sim,Sim,Solteiro(a),Tenho Casa Própria,Sim,Não,Cidade acolhedora ,Não sei dizer,Às vezes,Não,5,Não ,Leste
30/03/2026 16:51:00,Mulher Cis,25 a 34 anos,Vila Machado,Entre R$ 2.801 e R$ 5.600,Funcionário público,4,"Moto alugada, Apps de transporte (Uber, 99), Ônibus",Não,Uma cidade tranquila com jeito de interior,Não,"Mais opções para sair à noite, Melhorar o ônibus e o trânsito, Mais segurança",1 vez por mês,Nunca,Zona Sul,Falta de segurança,O que vejo no Instagram ou TikTok,"Não, não ligo para isso","Sertanejo, Funk, Eletrônica","Netflix, Globoplay, Paramount+",TikTok,Não,Não lembro,"Rádios (Band Vale, CBN, Jovem Pan, Nativa, Stereo Vale, etc.), Canais de TV (Vanguarda, Thathi, Canção Nova, etc.), Grupos de WhatsApp ou Telegram",3,Prefiro não responder,Não sei,Do mesmo jeito,Não,Não,Solteiro(a),Moro de aluguel e não quero adquirir uma casa própria,Sim,Não,,São iguais,"Tenho vontade, mas não vou",Sim,3,,Norte
30/03/2026 17:45:31,Mulher Cis,25 a 34 anos,Jardim Sul,Entre R$ 12.001 e R$ 26.000,Carteira assinada (CLT),4,"Apps de transporte (Uber, 99)",Não,Um pouco das duas coisas,Não,"Mais festas e eventos culturais, Mais opções para sair à noite, Restaurantes e lanchonetes diferentes, Parques e praças mais bem cuidados",Quase nunca,Às vezes,"Centro / Oeste (ex: Aquarius, Vila Adyana)",Não tem lugar legal para ir,O que vejo no Instagram ou TikTok,Um pouco,"Pop, Rock, Funk, Trap, Eletrônica","Netflix, Amazon Prime Video, Max (HBO), Spotify",Instagram,Sim,não lembro,Não acompanho as notícias da cidade,1,Esquerda,Não sei,Melhorando,Sim,Sim,Casado(a) ou morando junto,Moro de aluguel mas quero uma casa própria,Sim,Não,,São piores,"Tenho vontade, mas não vou",Sim,3,,Sul
30/03/2026 17:48:46,Mulher Cis,45 a 54 anos,Vila Ema,Mais de R$ 26.000,Dono de empresa,5,"Carro próprio, Carro alugado, Apps de transporte (Uber, 99), Apps de Bike, Patinete Alugado",Não,Um pouco das duas coisas,Não,"Mais festas e eventos culturais, Mais opções para sair à noite, Restaurantes e lanchonetes diferentes",Toda semana,Às vezes,Zona Sul,Não tem lugar legal para ir,Indicação de amigos ou família,"Não, não ligo para isso","Pop, MPB, Pagode/Samba","Netflix, Amazon Prime Video, Disney+, Max (HBO), Globoplay, Paramount+, Spotify, YouTube Music",Instagram,Não,Não conheço nenhum,"Portais de Notícias (Meon, Life Informa, Diário de SJC, G1 Vale, 012 News), Rádios (Band Vale, CBN, Jovem Pan, Nativa, Stereo Vale, etc.), Canais de TV (Vanguarda, Thathi, Canção Nova, etc.)",4,Centro,Os dois juntos,Melhorando,Sim,Sim,Casado(a) ou morando junto,Tenho Casa Própria,Sim,Não,Bom som mesmo é viver em São José,São melhores,"Sim, sempre",Não,5,"A cidade precisa de mais opções de escolas e universidades.
Mais eventos de empreendedorismo e networking.",Centro
30/03/2026 17:56:06,Homem Cis,25 a 34 anos,Campos de São José,Entre R$ 5.601 e R$ 12.000,Carteira assinada (CLT),4,"Carro próprio, Moto própria",Não,Uma cidade moderna e cheia de tecnologia,Sim,"Mais festas e eventos culturais, Mais opções para sair à noite, Restaurantes e lanchonetes diferentes, Mais segurança",1 vez por mês,Às vezes,Vou em todas as regiões,Não tem lugar legal para ir,Se o lugar é bonito e agradável,"Não, não ligo para isso","Pop, Rock, Sertanejo, Trap, MPB, Hip Hop, Gospel, Pagode/Samba","Globoplay, Spotify",Google,Não,"Nenhum, não tenho rede social","Portais de Notícias (Meon, Life Informa, Diário de SJC, G1 Vale, 012 News), Canais de TV (Vanguarda, Thathi, Canção Nova, etc.)",2,Centro,As empresas e o comércio,Do mesmo jeito,Sim,Sim,Casado(a) ou morando junto,Tenho Casa Própria,Não,Não,,São melhores,Às vezes,Sim,2,,Leste
30/03/2026 18:04:19,Mulher Cis,45 a 54 anos,Jardim das industrias,Entre R$ 5.601 e R$ 12.000,Estudante,4,"Carro próprio, Apps de transporte (Uber, 99), Ônibus",Não,Um pouco das duas coisas,Não,"Mais festas e eventos culturais, Melhorar o ônibus e o trânsito, Mais segurança",2 ou 3 vezes por mês,Às vezes,Vou em todas as regiões,É tudo muito caro,Indicação de amigos ou família,"Não, não ligo para isso","Pop, Rock, MPB, Gospel","Netflix, Amazon Prime Video, Disney+",Instagram,Não,"Luís Barros, Thaís galanis","Portais de Notícias (Meon, Life Informa, Diário de SJC, G1 Vale, 012 News), Páginas de Instagram (Notícias SJC, Explore SJC, Fica Dica SJC, Prefeitura SJC), Conversando com amigos e família",3,Centro,Os dois juntos,Piorando,Sim,Não,Casado(a) ou morando junto,Moro de aluguel mas quero uma casa própria,Não,Não,Está se tornando uma cidade para ricos devido ao alto custo pra se viver aqui,São iguais,Às vezes,Não,3,Não,Oeste
30/03/2026 18:13:19,Mulher Cis,25 a 34 anos,Vila Tesouro ,Entre R$ 5.601 e R$ 12.000,Carteira assinada (CLT),2,"Carro próprio, Apps de transporte (Uber, 99)",Não,Um pouco das duas coisas,Não,"Mais festas e eventos culturais, Mais opções para sair à noite, Restaurantes e lanchonetes diferentes, Melhorar o ônibus e o trânsito",2 ou 3 vezes por mês,Às vezes,"Centro / Oeste (ex: Aquarius, Vila Adyana)",É tudo muito caro,Se o lugar é bonito e agradável,Um pouco,"Pop, Rock, MPB","Netflix, Amazon Prime Video, Max (HBO), Spotify",Instagram,Não,Não acompanho ninguém ,"Portais de Notícias (Meon, Life Informa, Diário de SJC, G1 Vale, 012 News), Páginas de Instagram (Notícias SJC, Explore SJC, Fica Dica SJC, Prefeitura SJC)",4,Esquerda,Os dois juntos,Do mesmo jeito,Sim,Não,Casado(a) ou morando junto,Moro de aluguel mas quero uma casa própria,Sim,Não,"Cidade que vive muito de aparências, foco em se projetar do que realmente implementar melhorias reais. Está tudo absolutamente caro, aluguel absurdo, o que me faz pensar em mudar. ",Não sei dizer,Às vezes,Sim,3,,Leste
30/03/2026 18:14:49,Mulher Cis,35 a 44 anos,Bosque dos Eucaliptos,Entre R$ 5.601 e R$ 12.000,Por conta própria / Bico / PJ,4,"Carro próprio, Apps de transporte (Uber, 99)",Não,Um pouco das duas coisas,Não,"Mais festas e eventos culturais, Restaurantes e lanchonetes diferentes",Quase nunca,Nunca,Zona Sul,É tudo muito caro,Se o lugar é bonito e agradável,"Não, não ligo para isso",MPB,"Netflix, Amazon Prime Video, Disney+, Globoplay, Spotify",Instagram,Sim,"Luiz Guilherme, Casal SJC","Portais de Notícias (Meon, Life Informa, Diário de SJC, G1 Vale, 012 News), Páginas de Instagram (Notícias SJC, Explore SJC, Fica Dica SJC, Prefeitura SJC)",1,Esquerda,Os dois juntos,Do mesmo jeito,Sim,Não,Solteiro(a),Tenho Casa Própria,Sim,Não,Uma cidade que parece grande mas é muito conservadora. Uma grande cidade pequena.,São melhores,"Tenho vontade, mas não vou",Sim,3,,Sul
30/03/2026 18:28:33,Homem Cis,25 a 34 anos,Bosque dos Eucaliptos,Entre R$ 5.601 e R$ 12.000,Carteira assinada (CLT),3,"Carro próprio, Apps de transporte (Uber, 99), Ônibus, Linha Verde",Não,Um pouco das duas coisas,Não,"Mais opções para sair à noite, Restaurantes e lanchonetes diferentes, Melhorar o ônibus e o trânsito, Mais segurança",1 vez por mês,Nunca,"Centro / Oeste (ex: Aquarius, Vila Adyana)",É tudo muito caro,O preço,"Não, não ligo para isso","Pop, Rock, Sertanejo, MPB","Netflix, Amazon Prime Video, Disney+, Max (HBO), Globoplay, Paramount+, Spotify",Instagram,Sim,"Não possuo rede social, quando quero pesquisar algo, uso o Instagram da minha esposa, principalmente para indicações de bares e restaurantes. ","Rádios (Band Vale, CBN, Jovem Pan, Nativa, Stereo Vale, etc.), Canais de TV (Vanguarda, Thathi, Canção Nova, etc.), Conversando com amigos e família",2,Direita,As empresas e o comércio,Do mesmo jeito,Sim,Sim,Casado(a) ou morando junto,Moro de aluguel mas quero uma casa própria,Sim,Não,Um grande polo tecnológico em constante evolução industrial. ,São melhores,"Tenho vontade, mas não vou",Sim,5,"Nascido e criado nessa cidade, defino São José como um Polo Tecnológico em constante evolução, mas atualmente não há oportunidades para medianos evoluírem na cidade. Ainda assim é próspera, tanto que pessoas migram para cá em busca de melhores condições, mas a educação e estrutura oferecidas pelo governo não acompanham mais a evolução industrial da cidade. Universidades públicas medianas com poucas opções de curso, Universidades particulares abaixo da média do mercado, escolas públicas com péssima base de ensinamento, unidades públicas de saúde com extrema limitação e esses de bons profissionais... Isso tudo cumula em oportunidades apenas para pessoas muito bem qualificadas, muitas das vezes vindo de fora ou até mesmo da capital. Atualmente a economia da cidade tem impactado negativamente na evolução do comércio, momentos de lazeres. Resumidamente a fortuna é muito centralizada, a classe média sobrevive e a classe baixa não evolui. O custo de vida só aumenta e as oportunidades de evoluir diminuem. ",Sul
30/03/2026 18:29:25,Homem Cis,25 a 34 anos,Bosque dos ires ,Entre R$ 5.601 e R$ 12.000,Carteira assinada (CLT),3,"Carro próprio, Apps de transporte (Uber, 99)",Sim,Uma cidade moderna e cheia de tecnologia,Não,"Mais festas e eventos culturais, Mais opções para sair à noite, Mais segurança",1 vez por mês,"Sim, sempre",Zona Sul,Não tem lugar legal para ir,Se o lugar é bonito e agradável,Um pouco,"Sertanejo, Hip Hop, Gospel, Pagode/Samba","Netflix, Max (HBO), Spotify",Google ,Não,Na,"Portais de Notícias (Meon, Life Informa, Diário de SJC, G1 Vale, 012 News), Canais de TV (Vanguarda, Thathi, Canção Nova, etc.), Conversando com amigos e família",2,Esquerda,Os dois juntos,Do mesmo jeito,Sim,Sim,Casado(a) ou morando junto,Moro de aluguel mas quero uma casa própria,Não,Não,Parado no tempo.,São iguais,Às vezes,Sim,3,,Sul
30/03/2026 18:59:15,Homem Cis,25 a 34 anos,Parque industrial ,Entre R$ 2.801 e R$ 5.600,Carteira assinada (CLT),4,Carro próprio,Sim,Um pouco das duas coisas,Sim,Não falta nada,2 ou 3 vezes por mês,Às vezes,Zona Sul,Não vejo dificuldade,Se o lugar é bonito e agradável,Um pouco,Sertanejo,"Max (HBO), Spotify",TikTok,Não,Nenhum,"Páginas de Instagram (Notícias SJC, Explore SJC, Fica Dica SJC, Prefeitura SJC)",1,Prefiro não responder,As empresas e o comércio,Do mesmo jeito,Não,Sim,Solteiro(a),Moro de aluguel mas quero uma casa própria,Sim,Não,,São melhores,Às vezes,Sim,4,,Sul
30/03/2026 19:03:08,Mulher Cis,25 a 34 anos,Parque industrial ,Entre R$ 2.801 e R$ 5.600,Carteira assinada (CLT),5,"Carro próprio, Apps de transporte (Uber, 99)",Sim,Uma cidade moderna e cheia de tecnologia,Sim,"Restaurantes e lanchonetes diferentes, Mais segurança",Quase nunca,Quase nunca,Zona Sul,Não vejo dificuldade,O preço,"Não, não ligo para isso","Pop, Sertanejo, Funk, Trap, MPB, Hip Hop, Gospel, Pagode/Samba","Netflix, Amazon Prime Video, Disney+, Max (HBO), Globoplay, Apple TV+, Star+, Paramount+, Spotify",Instagram,Sim,Bia Machado - Tami Arantes - Aline Pereira ,"Portais de Notícias (Meon, Life Informa, Diário de SJC, G1 Vale, 012 News), Canais de TV (Vanguarda, Thathi, Canção Nova, etc.), Páginas de Instagram (Notícias SJC, Explore SJC, Fica Dica SJC, Prefeitura SJC)",3,Prefiro não responder,As empresas e o comércio,Melhorando,Sim,Sim,Solteiro(a),Moro de aluguel mas quero uma casa própria,Sim,Não,,São melhores,Às vezes,Sim,5,,Sul
30/03/2026 19:05:20,Homem Cis,25 a 34 anos,Parque Industrial ,Entre R$ 2.801 e R$ 5.600,Carteira assinada (CLT),4,"Apps de transporte (Uber, 99)",Sim,Um pouco das duas coisas,Sim,"Mais festas e eventos culturais, Mais opções para sair à noite, Melhorar o ônibus e o trânsito",1 vez por mês,Às vezes,"Centro / Oeste (ex: Aquarius, Vila Adyana)",Ônibus ou falta de transporte,Se o lugar é bonito e agradável,Um pouco,"Pop, Rock, Sertanejo, Funk, MPB","Netflix, Amazon Prime Video, Globoplay, Spotify",Instagram,Não,Não conheço ,"Canais de TV (Vanguarda, Thathi, Canção Nova, etc.), Páginas de Instagram (Notícias SJC, Explore SJC, Fica Dica SJC, Prefeitura SJC), Conversando com amigos e família",3,Esquerda,Os dois juntos,Piorando,Sim,Sim,Solteiro(a),Moro de aluguel mas quero uma casa própria,Sim,Não,"Uma cidade maravilhosa, mas em decadência devido falta de planejamento por parte do setor público municipal.",São melhores,"Tenho vontade, mas não vou",Sim,5,Saúde pública na cidade de SJC está em decadência. ,Sul
30/03/2026 19:15:13,Homem Cis,25 a 34 anos,Jardim das industrias,Entre R$ 2.801 e R$ 5.600,Por conta própria / Bico / PJ,4,"Apps de transporte (Uber, 99)",Sim,Um pouco das duas coisas,Sim,Não falta nada,Toda semana,Às vezes,"Centro / Oeste (ex: Aquarius, Vila Adyana)",É tudo muito caro,O preço,"Não, não ligo para isso","Sertanejo, Trap, Pagode/Samba","Netflix, Amazon Prime Video, Disney+, Max (HBO), Apple TV+, Star+, Spotify, YouTube Music",Instagram,Não,Não acompanho,"Portais de Notícias (Meon, Life Informa, Diário de SJC, G1 Vale, 012 News), Conversando com amigos e família",2,Prefiro não responder,Os dois juntos,Do mesmo jeito,Sim,Sim,Solteiro(a),Moro de aluguel mas quero uma casa própria,Sim,Não,,São iguais,Não tenho interesse,Não,5,,Oeste
30/03/2026 19:37:37,Homem Cis,25 a 34 anos,Jardim Aquarius,Entre R$ 12.001 e R$ 26.000,Por conta própria / Bico / PJ,5,Carro próprio,Sim,Um pouco das duas coisas,Não,"Mais festas e eventos culturais, Restaurantes e lanchonetes diferentes",2 ou 3 vezes por mês,Quase nunca,"Centro / Oeste (ex: Aquarius, Vila Adyana)",É tudo muito caro,Se o lugar é bonito e agradável,Um pouco,"Pop, Rock, Sertanejo","Netflix, Disney+, Max (HBO), Globoplay, Spotify",Instagram,Sim,ConciergerieBrasil,"Portais de Notícias (Meon, Life Informa, Diário de SJC, G1 Vale, 012 News), Canais de TV (Vanguarda, Thathi, Canção Nova, etc.), Páginas de Instagram (Notícias SJC, Explore SJC, Fica Dica SJC, Prefeitura SJC)",4,Esquerda,Os dois juntos,Do mesmo jeito,Não,Sim,Casado(a) ou morando junto,Moro de aluguel mas quero uma casa própria,Sim,Não,"Seguro, tranquilo, porém com lugares que cobram muito e oferecem pouco valor em seus produtos e serviços. As pessoas estão mais ignorantes e grosseiras, fechadas e sem empatia.",Não sei dizer,"Tenho vontade, mas não vou",Sim,5,,Oeste
30/03/2026 20:24:10,Mulher Cis,18 a 24 anos,Jardim das indústrias ,Entre R$ 2.801 e R$ 5.600,Carteira assinada (CLT),4,Carro próprio,Não,Um pouco das duas coisas,Sim,"Mais festas e eventos culturais, Melhorar o ônibus e o trânsito, Mais segurança",2 ou 3 vezes por mês,Às vezes,"Centro / Oeste (ex: Aquarius, Vila Adyana)",Não tem lugar legal para ir,As notas no Google,Um pouco,Sertanejo,"Netflix, Amazon Prime Video, YouTube Music",TikTok,Sim,"Paloma venturi, Rita Coelho, Livia altomare ","Páginas de Instagram (Notícias SJC, Explore SJC, Fica Dica SJC, Prefeitura SJC)",3,Prefiro não responder,Os dois juntos,Melhorando,Sim,Sim,Solteiro(a),Moro de aluguel mas quero uma casa própria,Sim,Um pouco,,São melhores,Às vezes,Sim,5,,Oeste
30/03/2026 21:12:14,Homem Cis,35 a 44 anos,Jardim Santa Inês 2,Entre R$ 2.801 e R$ 5.600,Carteira assinada (CLT),4,"Carro próprio, Moto própria",Sim,Uma cidade moderna e cheia de tecnologia,Sim,"Parques e praças mais bem cuidados, Melhorar o ônibus e o trânsito, Mais segurança",2 ou 3 vezes por mês,Quase nunca,Zona Leste,É tudo muito caro,Indicação de amigos ou família,"Não, não ligo para isso","Pop, Rock, Sertanejo","Netflix, Amazon Prime Video, Disney+, Max (HBO), Spotify",TikTok,Não,Não conheço,"Portais de Notícias (Meon, Life Informa, Diário de SJC, G1 Vale, 012 News), Rádios (Band Vale, CBN, Jovem Pan, Nativa, Stereo Vale, etc.), Canais de TV (Vanguarda, Thathi, Canção Nova, etc.), Conversando com amigos e família",3,Prefiro não responder,Os dois juntos,Melhorando,Sim,Sim,Casado(a) ou morando junto,Tenho Casa Própria,Sim,Não,Cidade próspera e tecnológica,São melhores,"Tenho vontade, mas não vou",Sim,4,,Leste
30/03/2026 21:13:14,Mulher Cis,25 a 34 anos,Jd Imperial,Entre R$ 2.801 e R$ 5.600,Por conta própria / Bico / PJ,3,Ônibus,Sim,Um pouco das duas coisas,Sim,"Mais festas e eventos culturais, Mais opções para sair à noite, Melhorar o ônibus e o trânsito",2 ou 3 vezes por mês,Quase nunca,"Centro / Oeste (ex: Aquarius, Vila Adyana)",É tudo muito caro,O preço,"Não, não ligo para isso","Pop, Rock, Funk, Eletrônica, Hip Hop, Pagode/Samba","Netflix, Amazon Prime Video, Disney+, Max (HBO), Globoplay, Apple TV+, Spotify",Instagram,Sim,"Sjc_ity, ocasaldesjc, ficadicasjc","Páginas de Instagram (Notícias SJC, Explore SJC, Fica Dica SJC, Prefeitura SJC)",4,Esquerda,Os dois juntos,Do mesmo jeito,Sim,Sim,Casado(a) ou morando junto,Moro de aluguel mas quero uma casa própria,Sim,Não,,São iguais,,Sim,4,,Sul
30/03/2026 21:14:48,Homem Cis,25 a 34 anos,Vila Maria ,Entre R$ 2.801 e R$ 5.600,Carteira assinada (CLT),3,"Apps de transporte (Uber, 99), Apps de Bike, Patinete Alugado, Ônibus",Sim,Um pouco das duas coisas,Sim,"Mais opções para sair à noite, Parques e praças mais bem cuidados, Melhorar o ônibus e o trânsito, Mais segurança",Toda semana,Quase nunca,"Centro / Oeste (ex: Aquarius, Vila Adyana)",É tudo muito caro,Se o lugar é bonito e agradável,"Não, não ligo para isso","Pop, Rock, Funk, Eletrônica, Pagode/Samba","Netflix, Disney+, Globoplay",Instagram,Não,Não conheço nenhum ,"Páginas de Instagram (Notícias SJC, Explore SJC, Fica Dica SJC, Prefeitura SJC), Conversando com amigos e família",3,Esquerda,Os dois juntos,Melhorando,Sim,Sim,Casado(a) ou morando junto,Moro de aluguel mas quero uma casa própria,Sim,Não,"Uma cidade cara, mas tranquila.",São melhores,Às vezes,Sim,4,Nao,Centro
30/03/2026 21:17:43,Mulher Cis,45 a 54 anos,Bosque dos Ipes,Entre R$ 5.601 e R$ 12.000,Carteira assinada (CLT),4,Carro próprio,Sim,Um pouco das duas coisas,Sim,"Mais festas e eventos culturais, Mais opções para sair à noite",Toda semana,Às vezes,"Centro / Oeste (ex: Aquarius, Vila Adyana)",É tudo muito caro,Se é perto de casa,"Não, não ligo para isso","Pop, Rock, Sertanejo, MPB",Netflix,Instagram,Não,Pits nao acompanho e nem sei nome deles hehe,"Páginas de Instagram (Notícias SJC, Explore SJC, Fica Dica SJC, Prefeitura SJC)",4,Prefiro não responder,Os dois juntos,Melhorando,Sim,Sim,Casado(a) ou morando junto,Tenho Casa Própria,Não,Não,,São melhores,Às vezes,Sim,4,,Sul
30/03/2026 21:25:04,Mulher Cis,35 a 44 anos,Esplanada,Entre R$ 12.001 e R$ 26.000,Carteira assinada (CLT),5,Carro próprio,Sim,Um pouco das duas coisas,Sim,Mais festas e eventos culturais,2 ou 3 vezes por mês,Quase nunca,"Centro / Oeste (ex: Aquarius, Vila Adyana)",Não vejo dificuldade,Indicação de amigos ou família,"Não, não ligo para isso","MPB, Pagode/Samba","Netflix, Amazon Prime Video, Disney+, Globoplay, Spotify",Instagram,Sim,Acho que nenhum,"Portais de Notícias (Meon, Life Informa, Diário de SJC, G1 Vale, 012 News), Canais de TV (Vanguarda, Thathi, Canção Nova, etc.), Conversando com amigos e família",2,Esquerda,Os dois juntos,Melhorando,Sim,Sim,Casado(a) ou morando junto,Tenho Casa Própria,Não,Não,Qualidade de vida ,São melhores,Às vezes,Sim,5,,Oeste
30/03/2026 21:27:01,Homem Cis,25 a 34 anos,Vila Paiva,Entre R$ 5.601 e R$ 12.000,Por conta própria / Bico / PJ,2,"Carro próprio, Bicicleta própria",Sim,Nenhuma delas,Não,"Mais opções para sair à noite, Restaurantes e lanchonetes diferentes, Melhorar o ônibus e o trânsito, Mais segurança",2 ou 3 vezes por mês,Às vezes,"Centro / Oeste (ex: Aquarius, Vila Adyana)",É tudo muito caro,O preço,Um pouco,"Pop, Rock, Sertanejo","Netflix, Disney+, Max (HBO), Deezer",Instagram,Não,Nenhum,Grupos de WhatsApp ou Telegram,1,Direita,Os dois juntos,Piorando,Sim,Não,Divorciado(a),Tenho Casa Própria,Não,Não,Cara e muito superfaturado ,São piores,Não tenho interesse,Sim,4,,Norte
30/03/2026 21:29:41,Mulher Cis,25 a 34 anos,Jardim das Indústrias ,Entre R$ 5.601 e R$ 12.000,Estudante,3,"Carro próprio, Apps de transporte (Uber, 99), Ônibus, Linha Verde",Não,Um pouco das duas coisas,Não,Parques e praças mais bem cuidados,1 vez por mês,Quase nunca,"Centro / Oeste (ex: Aquarius, Vila Adyana)",É tudo muito caro,As notas no Google,"Não, não ligo para isso","Pop, Rock, Hip Hop","Netflix, Max (HBO), Spotify",Instagram,Sim,Nenhum,"Páginas de Instagram (Notícias SJC, Explore SJC, Fica Dica SJC, Prefeitura SJC)",2,Esquerda,Os dois juntos,Do mesmo jeito,Sim,Sim,Solteiro(a),Moro de aluguel mas quero uma casa própria,Sim,Não,"Muito boa, mas precisa implantar formas de transporte alternativas de maneira segura!! ",São melhores,Às vezes,Sim,3,"Falta: espaços verdes, ciclovias seguras, eventos culturais, espaços pro jovem socializar, ser mais pet friendly, e claro, governantes que não se preocupem apenas com asfalto. ",Oeste
30/03/2026 21:41:21,Mulher Cis,35 a 44 anos,São Judas Tadeu ,Entre R$ 5.601 e R$ 12.000,Carteira assinada (CLT),4,Carro próprio,Sim,Um pouco das duas coisas,Sim,Restaurantes e lanchonetes diferentes,1 vez por mês,Quase nunca,Zona Leste,É tudo muito caro,Indicação de amigos ou família,"Não, não ligo para isso","Pop, Sertanejo, Gospel","Netflix, Amazon Prime Video, Spotify",Instagram,Sim,Não lembro,"Páginas de Instagram (Notícias SJC, Explore SJC, Fica Dica SJC, Prefeitura SJC)",3,Direita,Os dois juntos,Melhorando,Sim,Sim,Divorciado(a),Tenho Casa Própria,Sim,Um pouco,,São melhores,Às vezes,Não,4,"São José dos Campos, precisa investir mais na área da saúde, e escolas municipais, em escolas profissionalizantes ",Sudeste
30/03/2026 22:08:18,Mulher Cis,25 a 34 anos,Urbanova ,Entre R$ 5.601 e R$ 12.000,Carteira assinada (CLT),4,"Carro próprio, Patinete Alugado, Ônibus",Sim,Um pouco das duas coisas,Sim,Melhorar o ônibus e o trânsito,1 vez por mês,Às vezes,"Centro / Oeste (ex: Aquarius, Vila Adyana)",É tudo muito caro,O preço,Um pouco,"Rock, MPB, Gospel","Netflix, Spotify",TikTok,Sim,"Sanjadicas, exploresjc","Páginas de Instagram (Notícias SJC, Explore SJC, Fica Dica SJC, Prefeitura SJC)",2,Direita,As empresas e o comércio,Melhorando,Não,Sim,Casado(a) ou morando junto,Tenho Casa Própria,Sim,Não,Boa qualidade de vida mas a um custo de vida elevado,São melhores,Às vezes,Não,5,,Oeste
30/03/2026 22:16:54,Homem Cis,35 a 44 anos,Vila Industrial ,Até R$ 2.800,Carteira assinada (CLT),4,"Apps de transporte (Uber, 99), Bicicleta própria, Ônibus, Linha Verde",Sim,Um pouco das duas coisas,Não,"Mais festas e eventos culturais, Mais opções para sair à noite, Restaurantes e lanchonetes diferentes, Parques e praças mais bem cuidados, Melhorar o ônibus e o trânsito, Mais segurança",2 ou 3 vezes por mês,Às vezes,"Centro / Oeste (ex: Aquarius, Vila Adyana)",Não vejo dificuldade,Se o lugar é bonito e agradável,"Não, não ligo para isso","Pop, Rock, Funk, Trap, Eletrônica, MPB, Hip Hop, Gospel, Pagode/Samba","Netflix, Spotify",TikTok,Sim,Não sei,"Portais de Notícias (Meon, Life Informa, Diário de SJC, G1 Vale, 012 News), Canais de TV (Vanguarda, Thathi, Canção Nova, etc.), Páginas de Instagram (Notícias SJC, Explore SJC, Fica Dica SJC, Prefeitura SJC), Grupos de WhatsApp ou Telegram",2,Prefiro não responder,Os dois juntos,Melhorando,Sim,Sim,Solteiro(a),Tenho Casa Própria,Sim,Um pouco,"A cidade poderia ser melhor em aspecto de festas, bares e baladas. Ter mais abertura da prefeitura para poder melhorar a circulação do dinheiro entre os joseenses. ",,"Tenho vontade, mas não vou",Sim,5,"Sobre a liberação do ônibus gratuito aos domingos e aumentar os horários de funcionamento de bares. Revitalizar o centro com bares, restaurantes e lanchonetes",Leste
30/03/2026 22:52:51,Mulher Cis,25 a 34 anos,Jd Cerejeiras,Entre R$ 2.801 e R$ 5.600,Por conta própria / Bico / PJ,5,"Carro próprio, Apps de transporte (Uber, 99)",Sim,Um pouco das duas coisas,Sim,"Mais festas e eventos culturais, Mais opções para sair à noite, Melhorar o ônibus e o trânsito",2 ou 3 vezes por mês,"Sim, sempre","Centro / Oeste (ex: Aquarius, Vila Adyana)",É tudo muito caro,Se o lugar é bonito e agradável,Um pouco,"Pop, Sertanejo, Funk, MPB, Pagode/Samba","Netflix, Amazon Prime Video, Spotify",Instagram,Sim,"Robson e Rita, Gabi Ferreira","Páginas de Instagram (Notícias SJC, Explore SJC, Fica Dica SJC, Prefeitura SJC), Conversando com amigos e família",3,Esquerda,Os dois juntos,Melhorando,Sim,Sim,Namorando,Moro de aluguel mas quero uma casa própria,Não,Um pouco,Bem estruturada e segura,Não sei dizer,"Tenho vontade, mas não vou",Sim,4,,Leste
30/03/2026 23:05:20,Mulher Cis,25 a 34 anos,Jardim America,Entre R$ 5.601 e R$ 12.000,Por conta própria / Bico / PJ,3,"Apps de transporte (Uber, 99), Ônibus",Sim,Um pouco das duas coisas,Não,"Mais festas e eventos culturais, Mais opções para sair à noite, Restaurantes e lanchonetes diferentes, Parques e praças mais bem cuidados, Melhorar o ônibus e o trânsito, Mais segurança",Quase nunca,"Sim, sempre",Zona Sul,É tudo muito caro,Indicação de amigos ou família,"Não, não ligo para isso","MPB, Pagode/Samba","Netflix, Apple TV+, Spotify",Instagram,Não,"Casal Robson e Rita, Casal Luana e Bruno ( Aventuragens)","Páginas de Instagram (Notícias SJC, Explore SJC, Fica Dica SJC, Prefeitura SJC)",3,Prefiro não responder,Os dois juntos,Melhorando,Não,Não,Casado(a) ou morando junto,Moro de aluguel e não quero adquirir uma casa própria,Não,Não,"Muitas opções de lugar para sair, porém sem dinheiro não se faz nada! CUSTO DE VIDA CARISSIMO",São piores,"Tenho vontade, mas não vou",Sim,3,,Sul
30/03/2026 23:15:02,Mulher Cis,18 a 24 anos,Putim,Entre R$ 2.801 e R$ 5.600,Carteira assinada (CLT),3,"Apps de transporte (Uber, 99), Ônibus",Não,Um pouco das duas coisas,Sim,"Parques e praças mais bem cuidados, Melhorar o ônibus e o trânsito",2 ou 3 vezes por mês,Quase nunca,"Centro / Oeste (ex: Aquarius, Vila Adyana)",Falta de segurança,Indicação de amigos ou família,"Não, não ligo para isso","Sertanejo, Funk, Trap, Hip Hop, Gospel, Pagode/Samba",Não uso nenhum,Instagram,Sim,Ficadicasjc,"Canais de TV (Vanguarda, Thathi, Canção Nova, etc.), Páginas de Instagram (Notícias SJC, Explore SJC, Fica Dica SJC, Prefeitura SJC), Conversando com amigos e família, Não acompanho as notícias da cidade",1,Prefiro não responder,As empresas e o comércio,Do mesmo jeito,Sim,Sim,Solteiro(a),Moro de aluguel mas quero uma casa própria,Sim,Um pouco,Uma cidade com um potencial enorme que se a política pública funcionar vai alavancar ainda mais,São melhores,"Tenho vontade, mas não vou",Sim,2,,Sudeste
31/03/2026 00:07:26,Mulher Cis,18 a 24 anos,jardim América ,Entre R$ 12.001 e R$ 26.000,Estudante,5,"Carro próprio, Apps de transporte (Uber, 99), Bicicleta própria, Apps de Bike, Ônibus, Linha Verde",Sim,Um pouco das duas coisas,Sim,"Mais festas e eventos culturais, Mais opções para sair à noite",Toda semana,Às vezes,Zona Sul,Não tem lugar legal para ir,O preço,"Não, não ligo para isso","Pop, Rock, Trap","Netflix, Amazon Prime Video, Disney+, Max (HBO), Star+, Paramount+, Spotify",Instagram,Não,nenhum,"Canais de TV (Vanguarda, Thathi, Canção Nova, etc.), Páginas de Instagram (Notícias SJC, Explore SJC, Fica Dica SJC, Prefeitura SJC)",1,Esquerda,Não sei,Melhorando,Sim,Sim,Solteiro(a),,Sim,Não,,São melhores,Às vezes,Sim,5,,Sul
31/03/2026 00:18:55,Homem Cis,35 a 44 anos,Jardim Oriente ,Entre R$ 5.601 e R$ 12.000,Carteira assinada (CLT),5,"Carro próprio, Apps de transporte (Uber, 99)",Não,Um pouco das duas coisas,Sim,Mais festas e eventos culturais,Toda semana,Às vezes,Vou em todas as regiões,Não vejo dificuldade,Se o lugar é bonito e agradável,Um pouco,"Pop, Rock, MPB, Hip Hop","Amazon Prime Video, Disney+, Max (HBO), Spotify",TikTok,Sim,"Não acompanho exclusivamente, vejo de forma aleatória","Portais de Notícias (Meon, Life Informa, Diário de SJC, G1 Vale, 012 News), Canais de TV (Vanguarda, Thathi, Canção Nova, etc.), Conversando com amigos e família",3,Direita,Os dois juntos,Do mesmo jeito,Sim,Sim,Casado(a) ou morando junto,Tenho Casa Própria,Não,Não,Prosperando,São melhores,Não tenho interesse,Não,5,,Sul
31/03/2026 05:13:50,Homem Cis,45 a 54 anos,Aquarius ,Mais de R$ 26.000,Carteira assinada (CLT),5,Carro próprio,Sim,Um pouco das duas coisas,Sim,"Mais festas e eventos culturais, Melhorar o ônibus e o trânsito",2 ou 3 vezes por mês,Às vezes,Vou em todas as regiões,É tudo muito caro,Se o lugar é bonito e agradável,"Não, não ligo para isso","Pop, Rock, MPB","Netflix, Paramount+, Spotify",Instagram,Sim,Arma taubate ,"Portais de Notícias (Meon, Life Informa, Diário de SJC, G1 Vale, 012 News), Rádios (Band Vale, CBN, Jovem Pan, Nativa, Stereo Vale, etc.), Páginas de Instagram (Notícias SJC, Explore SJC, Fica Dica SJC, Prefeitura SJC)",2,Centro,Os dois juntos,Melhorando,Sim,Sim,Casado(a) ou morando junto,Tenho Casa Própria,Não,Não,Melhor cidade do interior ,São melhores,Às vezes,Sim,4,,Oeste
31/03/2026 06:51:34,Mulher Cis,45 a 54 anos,Chacaras sao jose ,Entre R$ 5.601 e R$ 12.000,Dono de empresa,4,Carro próprio,Sim,Uma cidade moderna e cheia de tecnologia,Sim,Mais segurança,1 vez por mês,Às vezes,"Centro / Oeste (ex: Aquarius, Vila Adyana)",Não vejo dificuldade,Se o lugar é bonito e agradável,"Não, não ligo para isso","Sertanejo, MPB","Netflix, Amazon Prime Video, Max (HBO), Globoplay, Spotify, YouTube Music",Instagram,Sim,Livia claus,"Portais de Notícias (Meon, Life Informa, Diário de SJC, G1 Vale, 012 News), Rádios (Band Vale, CBN, Jovem Pan, Nativa, Stereo Vale, etc.), Canais de TV (Vanguarda, Thathi, Canção Nova, etc.), Páginas de Instagram (Notícias SJC, Explore SJC, Fica Dica SJC, Prefeitura SJC)",2,Direita,A Prefeitura e o Governo,Melhorando,Sim,Sim,Casado(a) ou morando junto,Tenho Casa Própria,Não,Não,Boa,São melhores,"Sim, sempre",Não,5,,Sudeste
31/03/2026 06:56:26,Mulher Cis,35 a 44 anos,Chácaras São José ,Entre R$ 2.801 e R$ 5.600,Carteira assinada (CLT),4,"Carro próprio, Apps de transporte (Uber, 99), Ônibus",Não,Um pouco das duas coisas,Sim,Melhorar o ônibus e o trânsito,2 ou 3 vezes por mês,Quase nunca,"Centro / Oeste (ex: Aquarius, Vila Adyana)",É tudo muito caro,Se o lugar é bonito e agradável,"Não, não ligo para isso","Pop, Rock, Pagode/Samba","Netflix, Amazon Prime Video, Disney+, Max (HBO), Apple TV+, Star+, Spotify",Instagram,Não,Nenhum,"Portais de Notícias (Meon, Life Informa, Diário de SJC, G1 Vale, 012 News), Páginas de Instagram (Notícias SJC, Explore SJC, Fica Dica SJC, Prefeitura SJC), Conversando com amigos e família",2,Prefiro não responder,Os dois juntos,Melhorando,Sim,Sim,Solteiro(a),Moro de aluguel e não quero adquirir uma casa própria,Sim,Não,Organizada e pacata,São melhores,Não tenho interesse,Sim,5,,Sudeste
31/03/2026 07:04:51,Homem Cis,25 a 34 anos,Bosque dos Eucaliptos,Entre R$ 12.001 e R$ 26.000,Carteira assinada (CLT),5,"Carro próprio, Apps de transporte (Uber, 99)",Sim,Uma cidade moderna e cheia de tecnologia,Sim,Não falta nada,2 ou 3 vezes por mês,Quase nunca,"Centro / Oeste (ex: Aquarius, Vila Adyana)",É tudo muito caro,Se o lugar é bonito e agradável,"Não, não ligo para isso","Pop, Rock, Sertanejo, Funk, Trap, Eletrônica, MPB, Hip Hop, Pagode/Samba","Netflix, Amazon Prime Video, Max (HBO), Globoplay, Spotify, YouTube Music, PlayStation Plus",TikTok,Sim,Não recordo,"Portais de Notícias (Meon, Life Informa, Diário de SJC, G1 Vale, 012 News), Rádios (Band Vale, CBN, Jovem Pan, Nativa, Stereo Vale, etc.), Páginas de Instagram (Notícias SJC, Explore SJC, Fica Dica SJC, Prefeitura SJC), Conversando com amigos e família",3,Esquerda,Os dois juntos,Do mesmo jeito,Não,Sim,Casado(a) ou morando junto,Moro de aluguel mas quero uma casa própria,Não,Não,,São melhores,Às vezes,Não,4,,Sul
31/03/2026 07:18:56,Mulher Cis,45 a 54 anos,Vila Zizinha,Entre R$ 5.601 e R$ 12.000,Por conta própria / Bico / PJ,4,"Carro próprio, Ônibus, Linha Verde",Sim,Um pouco das duas coisas,Sim,"Parques e praças mais bem cuidados, Melhorar o ônibus e o trânsito, Mais segurança",2 ou 3 vezes por mês,Às vezes,Zona Sul,É tudo muito caro,Indicação de amigos ou família,"Não, não ligo para isso","Pop, Rock, MPB, Pagode/Samba","Netflix, Amazon Prime Video, Globoplay, Spotify",Instagram,Não,nenhum,"Páginas de Instagram (Notícias SJC, Explore SJC, Fica Dica SJC, Prefeitura SJC)",4,Esquerda,Os dois juntos,Do mesmo jeito,Sim,Sim,Solteiro(a),Tenho Casa Própria,Não,Não,"Uma cidade boa mas a Zona Norte é esquecida pelas gestões de qq partido q assuma a cidade, precisa de mais investimento como ocorre em outras areas para formentar mais empregos na própria região não fazendo com que o morador tenha que deslocar para outras regiões.",São iguais,Às vezes,Sim,4,"Questão da Segurança, 'drogados' que estão aos montes pela cidade causando muita insegurança e nada é feito para solucionar o problema.",Norte
31/03/2026 07:22:18,Mulher Cis,18 a 24 anos,Parque dos ipês ,Entre R$ 2.801 e R$ 5.600,Desempregado,3,"Apps de transporte (Uber, 99), Ônibus",Não,Um pouco das duas coisas,Sim,"Mais festas e eventos culturais, Mais opções para sair à noite, Restaurantes e lanchonetes diferentes, Parques e praças mais bem cuidados, Melhorar o ônibus e o trânsito, Mais segurança",Quase nunca,Nunca,Zona Sul,É tudo muito caro,O preço,Um pouco,"Sertanejo, Gospel",Não uso nenhum,Instagram,Não,Não acompanho ,"Portais de Notícias (Meon, Life Informa, Diário de SJC, G1 Vale, 012 News), Páginas de Instagram (Notícias SJC, Explore SJC, Fica Dica SJC, Prefeitura SJC)",2,Prefiro não responder,As empresas e o comércio,Do mesmo jeito,Sim,Sim,Solteiro(a),Tenho Casa Própria,Sim,Não,"Cidade boa, mas cidade cara para se viver ",São piores,Às vezes,Sim,4,Não ,Sul
31/03/2026 07:39:23,Mulher Cis,35 a 44 anos,Chácaras São José ,Entre R$ 2.801 e R$ 5.600,Funcionário público,3,Ônibus,Não,Nenhuma delas,Não,"Mais festas e eventos culturais, Restaurantes e lanchonetes diferentes, Melhorar o ônibus e o trânsito",Quase nunca,Às vezes,Zona Norte,É tudo muito caro,O preço,"Não, não ligo para isso","Pop, Rock, MPB, Gospel, Pagode/Samba",Amazon Prime Video,Instagram,Não,"De São José, nenhum.","Páginas de Instagram (Notícias SJC, Explore SJC, Fica Dica SJC, Prefeitura SJC), Conversando com amigos e família",4,Direita,Não sei,Do mesmo jeito,Sim,Não,Casado(a) ou morando junto,Tenho Casa Própria,Sim,Não,"Precisando melhorar, principalmente centro e zona norte. Passagem de ônibus cara para quem utiliza os ônibus sem ar condicionado e lotados.",São iguais,Não tenho interesse,Não,4,"São José dos Campos só é mais modernas nos bairros mais ricos. Os bairros mais pobres parecem ser esquecidos. O terminal de ônibus é antigo demais, não cabe todas as linhas, as filas de passageiros cruzam umas com as outras, o ponto das linhas que vai para zona norte é lotado e nem banco tem (em frente a praça da igreja centro). É muito desleixo. Além disso, os preços nos supermercados da cidade são altos e não entregam muita qualidade.",Sudeste
31/03/2026 07:52:49,Mulher Cis,25 a 34 anos,Jardim das Indústrias ,Entre R$ 12.001 e R$ 26.000,Carteira assinada (CLT),4,"Moto própria, Apps de transporte (Uber, 99), Bicicleta própria",Sim,Um pouco das duas coisas,Sim,"Mais festas e eventos culturais, Restaurantes e lanchonetes diferentes, Melhorar o ônibus e o trânsito",2 ou 3 vezes por mês,Às vezes,"Centro / Oeste (ex: Aquarius, Vila Adyana)",Não tem lugar legal para ir,Se o lugar é bonito e agradável,"Não, não ligo para isso","Pop, MPB","Netflix, Max (HBO), Spotify",Instagram,Sim,"Casal de sjc, lugares do vale","Portais de Notícias (Meon, Life Informa, Diário de SJC, G1 Vale, 012 News), Canais de TV (Vanguarda, Thathi, Canção Nova, etc.), Páginas de Instagram (Notícias SJC, Explore SJC, Fica Dica SJC, Prefeitura SJC)",4,Esquerda,Os dois juntos,Do mesmo jeito,Sim,Sim,Casado(a) ou morando junto,Tenho Casa Própria,Sim,Um pouco,Uma cidade muito boa de se viver ,São melhores,Às vezes,Sim,5,,Oeste
31/03/2026 08:05:12,Homem Cis,45 a 54 anos,Vista Verde,Entre R$ 12.001 e R$ 26.000,Carteira assinada (CLT),3,Carro próprio,Sim,Um pouco das duas coisas,Sim,"Mais opções para sair à noite, Restaurantes e lanchonetes diferentes, Melhorar o ônibus e o trânsito, Mais segurança",Toda semana,"Sim, sempre",Zona Leste,O trânsito,O preço,Um pouco,"Rock, MPB, Gospel","Netflix, Amazon Prime Video, Globoplay, Spotify",YouTube,Não,"Nenhum, nenhum e nenhum","Rádios (Band Vale, CBN, Jovem Pan, Nativa, Stereo Vale, etc.), Canais de TV (Vanguarda, Thathi, Canção Nova, etc.), Páginas de Instagram (Notícias SJC, Explore SJC, Fica Dica SJC, Prefeitura SJC), Conversando com amigos e família",3,Direita,Os dois juntos,Piorando,Sim,Sim,Casado(a) ou morando junto,Tenho Casa Própria,Sim,Não,Simpática e com potencial de melhorar,São melhores,"Sim, sempre",Sim,4,"A prefeitura faz benfeitorias e investe nas zonas sul e oeste, porém esquece da zona leste.",Leste
31/03/2026 08:14:25,Homem Cis,35 a 44 anos,Floresta,Entre R$ 12.001 e R$ 26.000,Por conta própria / Bico / PJ,4,"Carro próprio, Apps de transporte (Uber, 99)",Não,Uma cidade moderna e cheia de tecnologia,Não,"Mais opções para sair à noite, Restaurantes e lanchonetes diferentes",2 ou 3 vezes por mês,Quase nunca,Zona Sul,Não tem lugar legal para ir,Se o lugar é bonito e agradável,"Não, não ligo para isso","Rock, Sertanejo, Eletrônica, MPB, Pagode/Samba","Netflix, Amazon Prime Video, Globoplay, Paramount+, Spotify, YouTube Music",Instagram,Não,Não acompanho nenhum,"Portais de Notícias (Meon, Life Informa, Diário de SJC, G1 Vale, 012 News), Rádios (Band Vale, CBN, Jovem Pan, Nativa, Stereo Vale, etc.), Canais de TV (Vanguarda, Thathi, Canção Nova, etc.), Páginas de Instagram (Notícias SJC, Explore SJC, Fica Dica SJC, Prefeitura SJC)",1,Direita,Os dois juntos,Melhorando,Sim,Sim,Casado(a) ou morando junto,Tenho Casa Própria,Sim,Não,,São piores,Não tenho interesse,Sim,3,,Sudeste
31/03/2026 08:41:33,Homem Cis,25 a 34 anos,Jardim Cruzeiro do Sul,Entre R$ 5.601 e R$ 12.000,Carteira assinada (CLT),5,"Carro próprio, Bicicleta própria",Sim,Um pouco das duas coisas,Sim,Não falta nada,2 ou 3 vezes por mês,Quase nunca,Zona Sul,É tudo muito caro,Se o lugar é bonito e agradável,"Não, não ligo para isso","Rock, Sertanejo, Pagode/Samba","Netflix, YouTube Music",Google Maps,Não,"Não tenho redes sociais, então não acompanho influenciadores.","Portais de Notícias (Meon, Life Informa, Diário de SJC, G1 Vale, 012 News), Rádios (Band Vale, CBN, Jovem Pan, Nativa, Stereo Vale, etc.), Canais de TV (Vanguarda, Thathi, Canção Nova, etc.), Conversando com amigos e família",3,Centro,Os dois juntos,Melhorando,Sim,Sim,Casado(a) ou morando junto,Moro de aluguel e não quero adquirir uma casa própria,Sim,Não,Cidade grande com clima do interior,São iguais,Não tenho interesse,Não,5,,Sul
31/03/2026 08:54:17,Mulher Cis,35 a 44 anos,Chácaras São José ,Entre R$ 5.601 e R$ 12.000,Por conta própria / Bico / PJ,4,"Apps de transporte (Uber, 99)",Sim,Um pouco das duas coisas,Não,"Mais festas e eventos culturais, Parques e praças mais bem cuidados, Mais segurança",1 vez por mês,"Sim, sempre","Centro / Oeste (ex: Aquarius, Vila Adyana)",Não vejo dificuldade,O preço,"Não, não ligo para isso","Pop, Rock, Eletrônica","Netflix, YouTube Music",Facebook ,Sim,Não lembro o nome,"Portais de Notícias (Meon, Life Informa, Diário de SJC, G1 Vale, 012 News)",5,Direita,Os dois juntos,Melhorando,Sim,Sim,Solteiro(a),Moro de aluguel mas quero uma casa própria,Sim,Não,Evoluindo ,São piores,Às vezes,Não,5,,Sudeste
31/03/2026 09:17:47,Homem Cis,18 a 24 anos,Jardim Paulista,Entre R$ 5.601 e R$ 12.000,Carteira assinada (CLT),4,"Carro próprio, Moto própria",Sim,Um pouco das duas coisas,Não,"Melhorar o ônibus e o trânsito, Mais segurança",1 vez por mês,Às vezes,"Centro / Oeste (ex: Aquarius, Vila Adyana)",Não vejo dificuldade,Se o lugar é bonito e agradável,"Não, não ligo para isso","Rock, Trap, Eletrônica",Spotify,Instagram,Não,Nenhum ,"Canais de TV (Vanguarda, Thathi, Canção Nova, etc.), Páginas de Instagram (Notícias SJC, Explore SJC, Fica Dica SJC, Prefeitura SJC)",3,Direita,Os dois juntos,Piorando,Sim,Sim,Casado(a) ou morando junto,Moro de aluguel mas quero uma casa própria,Sim,Não,"Uma cidade moderna, eficiente e com boa qualidade de vida. Porém está ficando precária a segurança em relação a usuários de drogas e desabrigados circulando em diferentes pontos da cidade inclusive a luz do dia.",São melhores,Não tenho interesse,Sim,2,,Centro
31/03/2026 09:23:36,Mulher Cis,25 a 34 anos,Jardim Oswaldo Cruz,Entre R$ 12.001 e R$ 26.000,Por conta própria / Bico / PJ,5,"Carro próprio, Apps de transporte (Uber, 99)",Sim,Um pouco das duas coisas,Sim,"Mais festas e eventos culturais, Restaurantes e lanchonetes diferentes",Toda semana,Às vezes,Vou em todas as regiões,Não vejo dificuldade,O que vejo no Instagram ou TikTok,Um pouco,"Pop, Rock, MPB, Pagode/Samba","Netflix, Amazon Prime Video, Disney+, Max (HBO), Spotify",YouTube,Sim,Na,"Páginas de Instagram (Notícias SJC, Explore SJC, Fica Dica SJC, Prefeitura SJC)",1,Direita,Os dois juntos,Melhorando,Sim,Sim,Casado(a) ou morando junto,Moro de aluguel mas quero uma casa própria,Não,Não,"Tranquila, mas com vida.",Não sei dizer,Às vezes,Sim,3,"Me mudei ha menos de um ano, faltam opções para que nao sabe responder. Tbm faltam opções pensadas na familia, tenho filhos e busco sempre lugares para eles, com espaco kids, entretenimento para criancas. ",Centro
31/03/2026 09:38:23,Mulher Cis,25 a 34 anos,Zona Leste,Entre R$ 5.601 e R$ 12.000,Por conta própria / Bico / PJ,4,"Carro próprio, Apps de transporte (Uber, 99), Ônibus",Sim,Um pouco das duas coisas,Sim,"Mais opções para sair à noite, Melhorar o ônibus e o trânsito",Toda semana,Às vezes,"Centro / Oeste (ex: Aquarius, Vila Adyana)",É tudo muito caro,As notas no Google,"Não, não ligo para isso","Pop, Rock, Sertanejo, MPB","Netflix, Amazon Prime Video, Disney+, Globoplay, Spotify",Instagram,Sim,"@ocasaldesjc,  @sjcampos_ e empresa: @destinationsjc","Portais de Notícias (Meon, Life Informa, Diário de SJC, G1 Vale, 012 News), Páginas de Instagram (Notícias SJC, Explore SJC, Fica Dica SJC, Prefeitura SJC)",5,Direita,Os dois juntos,Melhorando,Sim,Sim,Casado(a) ou morando junto,Moro de aluguel mas quero uma casa própria,Sim,Não,Uma cidade em constante evolução.,São melhores,Às vezes,Não,5,"Sim, faltam opções para quem tem criança. Bares e restaurantes não se preocupam em por uma mísera piscina de bolinha que aumentaria muito o consumo dos pais e o tempo de permanencia. As opções de parques para crianças são muitas mas o setor de bares e restaurantes peca muito nisso na cidade. Ficamos refens de 3 principais opções sempre.",Leste
31/03/2026 09:44:35,Mulher Cis,25 a 34 anos,Vila Industrial,Entre R$ 2.801 e R$ 5.600,Carteira assinada (CLT),5,"Carro próprio, Apps de transporte (Uber, 99)",Sim,Um pouco das duas coisas,Não,"Parques e praças mais bem cuidados, Melhorar o ônibus e o trânsito",2 ou 3 vezes por mês,Às vezes,Zona Sul,É tudo muito caro,O preço,"Não, não ligo para isso","Pop, Rock, Eletrônica","Disney+, Max (HBO), Spotify",TikTok,Sim,Bora comer; Casal de SJC,"Rádios (Band Vale, CBN, Jovem Pan, Nativa, Stereo Vale, etc.), Páginas de Instagram (Notícias SJC, Explore SJC, Fica Dica SJC, Prefeitura SJC), Conversando com amigos e família",3,Centro,Os dois juntos,Melhorando,Sim,Sim,Casado(a) ou morando junto,Moro de aluguel mas quero uma casa própria,Sim,Não,"Uma ótima cidade para viver, mas precisa se atentar a qual região escolhe",São melhores,"Sim, sempre",Sim,4,"São José tem crescido muito e isso é ótimo, mas precisa ser um crescimento sustentável financeira e estruturalmente falando (financeiro, caixa da cidade; estrutura, trânsito, esgoto, etc)",Leste
31/03/2026 10:26:25,Mulher Cis,35 a 44 anos,Jardim das indústrias ,Entre R$ 12.001 e R$ 26.000,Por conta própria / Bico / PJ,5,"Carro próprio, Moto própria, Apps de transporte (Uber, 99)",Não,Um pouco das duas coisas,Sim,Mais festas e eventos culturais,Quase nunca,Quase nunca,"Centro / Oeste (ex: Aquarius, Vila Adyana)",Não tem lugar legal para ir,O que vejo no Instagram ou TikTok,"Não, não ligo para isso",Rock,"Netflix, Amazon Prime Video, Disney+, Max (HBO), Apple TV+, Spotify",Instagram,Não,Nao me recordo ,Não acompanho as notícias da cidade,1,Direita,As empresas e o comércio,Do mesmo jeito,Sim,Sim,Casado(a) ou morando junto,Tenho Casa Própria,Sim,Um pouco,,São melhores,"Sim, sempre",Não,2,,Oeste
31/03/2026 10:29:35,Mulher Cis,18 a 24 anos,Jd Alvorada,Entre R$ 5.601 e R$ 12.000,Carteira assinada (CLT),5,Carro próprio,Sim,Uma cidade moderna e cheia de tecnologia,Não,Mais opções para sair à noite,2 ou 3 vezes por mês,Quase nunca,"Centro / Oeste (ex: Aquarius, Vila Adyana)",É tudo muito caro,Se o lugar é bonito e agradável,"Não, não ligo para isso","Pop, Funk","Netflix, Amazon Prime Video, Disney+, Max (HBO), Globoplay, Apple TV+, Spotify",Instagram,Sim,Sjc dicas,"Páginas de Instagram (Notícias SJC, Explore SJC, Fica Dica SJC, Prefeitura SJC), Conversando com amigos e família",2,Esquerda,Não sei,Melhorando,Sim,Não,Casado(a) ou morando junto,Tenho Casa Própria,Sim,Não,"Cidade prática. Perto de SP, perto da praia. ",São melhores,"Sim, sempre",Sim,5,,Oeste
31/03/2026 10:30:27,Mulher Cis,25 a 34 anos,Jardim Ismenia,Entre R$ 5.601 e R$ 12.000,Carteira assinada (CLT),4,"Apps de transporte (Uber, 99), Ônibus, Linha Verde",Não,Um pouco das duas coisas,Não,"Mais festas e eventos culturais, Mais opções para sair à noite, Restaurantes e lanchonetes diferentes, Parques e praças mais bem cuidados, Melhorar o ônibus e o trânsito",Toda semana,Às vezes,"Centro / Oeste (ex: Aquarius, Vila Adyana)",Não tem lugar legal para ir,Se o lugar é bonito e agradável,Um pouco,"Pop, Funk, Trap","Netflix, Amazon Prime Video, Disney+, Max (HBO), Globoplay, Apple TV+, Star+, Spotify, PlayStation Plus",TikTok,Não,Nenhum,"Portais de Notícias (Meon, Life Informa, Diário de SJC, G1 Vale, 012 News), Canais de TV (Vanguarda, Thathi, Canção Nova, etc.), Páginas de Instagram (Notícias SJC, Explore SJC, Fica Dica SJC, Prefeitura SJC)",5,Esquerda,Os dois juntos,Do mesmo jeito,Sim,Sim,Casado(a) ou morando junto,Tenho Casa Própria,Sim,Não,,Não sei dizer,Às vezes,Sim,4,,Leste
31/03/2026 11:28:50,Mulher Cis,18 a 24 anos,Jardim Santa Inês ,Até R$ 2.800,Carteira assinada (CLT),4,"Apps de transporte (Uber, 99), Ônibus",Não,Um pouco das duas coisas,Não,"Mais festas e eventos culturais, Mais opções para sair à noite, Restaurantes e lanchonetes diferentes, Parques e praças mais bem cuidados, Melhorar o ônibus e o trânsito, Mais segurança",2 ou 3 vezes por mês,Quase nunca,Zona Leste,Falta de segurança,O que vejo no Instagram ou TikTok,Um pouco,"Pop, Sertanejo, MPB, Pagode/Samba","Netflix, Disney+, YouTube Music",TikTok,Sim,"Isadoraraymundi, taliitamachado","Conversando com amigos e família, Não acompanho as notícias da cidade",1,Prefiro não responder,Os dois juntos,Do mesmo jeito,Sim,Sim,Namorando,Tenho Casa Própria,Não,Não,,São melhores,Não tenho interesse,Não,4,,Leste
31/03/2026 12:37:49,Mulher Cis,35 a 44 anos,Jardim Colonial ,Até R$ 2.800,Carteira assinada (CLT),3,Moto própria,Sim,Um pouco das duas coisas,Sim,Mais festas e eventos culturais,2 ou 3 vezes por mês,Às vezes,"Centro / Oeste (ex: Aquarius, Vila Adyana)",É tudo muito caro,O preço,"Não, não ligo para isso","Pop, Rock, Eletrônica, MPB, Pagode/Samba","Amazon Prime Video, Spotify",Instagram,Não,Não conheço nenhum,"Páginas de Instagram (Notícias SJC, Explore SJC, Fica Dica SJC, Prefeitura SJC)",4,Esquerda,Os dois juntos,Do mesmo jeito,Não,Sim,Namorando,Moro de aluguel mas quero uma casa própria,Não,Não,"Meio urbana, meio interiorana. A cidade em si é linda, os joseenses que deixam a desejar, muitos tem o rei na barriga ou não tem consciência de classe.",São iguais,"Tenho vontade, mas não vou",Sim,3,"Em relação as ações sociais e eventos culturais, falta estender para outras regiões, a sensação é que o foco é justamente para quem tem um padrão de vida mais alto.",Sul
31/03/2026 12:40:14,Homem Cis,25 a 34 anos,Parque Industrial ,Entre R$ 2.801 e R$ 5.600,Estudante,4,"Apps de transporte (Uber, 99), Patinete Alugado, Ônibus",Não,Um pouco das duas coisas,Não,"Mais festas e eventos culturais, Mais opções para sair à noite, Melhorar o ônibus e o trânsito",1 vez por mês,"Sim, sempre","Centro / Oeste (ex: Aquarius, Vila Adyana)",Ônibus ou falta de transporte,Se o lugar é bonito e agradável,"Não, não ligo para isso","Rock, Sertanejo","Netflix, Disney+, Max (HBO), Apple TV+, Spotify, PlayStation Plus",Instagram,Não,--,"Portais de Notícias (Meon, Life Informa, Diário de SJC, G1 Vale, 012 News), Páginas de Instagram (Notícias SJC, Explore SJC, Fica Dica SJC, Prefeitura SJC)",4,Direita,As empresas e o comércio,Piorando,Sim,Sim,Solteiro(a),Tenho Casa Própria,Sim,Não,se tornando elitizada a cada pouco,Não sei dizer,Às vezes,Não,4,não ,Sul
31/03/2026 13:20:47,Mulher Cis,25 a 34 anos,Parque Industrial ,Entre R$ 5.601 e R$ 12.000,Por conta própria / Bico / PJ,3,"Apps de transporte (Uber, 99), Linha Verde",Não,Nenhuma delas,Não,"Mais festas e eventos culturais, Mais opções para sair à noite",1 vez por mês,"Sim, sempre","Centro / Oeste (ex: Aquarius, Vila Adyana)",Não tem lugar legal para ir,Se o lugar é bonito e agradável,"Não, não ligo para isso","Pop, Rock, Eletrônica, MPB, Pagode/Samba","Netflix, Amazon Prime Video, Disney+, Max (HBO), Spotify",Instagram,Não,Não acompanho,"Portais de Notícias (Meon, Life Informa, Diário de SJC, G1 Vale, 012 News), Canais de TV (Vanguarda, Thathi, Canção Nova, etc.), Páginas de Instagram (Notícias SJC, Explore SJC, Fica Dica SJC, Prefeitura SJC)",4,Centro,As empresas e o comércio,Piorando,Sim,Não,Casado(a) ou morando junto,Moro de aluguel e não quero adquirir uma casa própria,Sim,Um pouco,"Custo de vida de capital, com opções , salário e oportunidades de um interior. Muito investimento em empresas e tecnologia e nada é repassado pro morador. 
Coisas caras e sem qualidade. ",São iguais,Às vezes,Sim,5,,Sul
31/03/2026 13:44:12,Homem Cis,25 a 34 anos,Jardim Sul,Entre R$ 2.801 e R$ 5.600,Por conta própria / Bico / PJ,4,"Carro próprio, Apps de transporte (Uber, 99), Ônibus, Linha Verde",Sim,Um pouco das duas coisas,Sim,Melhorar o ônibus e o trânsito,Toda semana,Nunca,"Centro / Oeste (ex: Aquarius, Vila Adyana)",É tudo muito caro,Se o lugar é bonito e agradável,"Não, não ligo para isso","Pop, Rock, Sertanejo, MPB","Netflix, Amazon Prime Video, Max (HBO), YouTube Music",Instagram,Não,Nao conheço,"Páginas de Instagram (Notícias SJC, Explore SJC, Fica Dica SJC, Prefeitura SJC)",3,Centro,Os dois juntos,Melhorando,Não,Sim,Casado(a) ou morando junto,Moro de aluguel mas quero uma casa própria,Sim,Não,,São melhores,Às vezes,Sim,4,,Sul
31/03/2026 14:28:51,Mulher Cis,18 a 24 anos,Monte castelo,Entre R$ 5.601 e R$ 12.000,Carteira assinada (CLT),4,"Carro próprio, Apps de transporte (Uber, 99)",Não,Uma cidade moderna e cheia de tecnologia,Não,"Mais festas e eventos culturais, Mais opções para sair à noite, Restaurantes e lanchonetes diferentes",2 ou 3 vezes por mês,"Sim, sempre","Centro / Oeste (ex: Aquarius, Vila Adyana)",Não tem lugar legal para ir,Se o lugar é bonito e agradável,Um pouco,"Pop, Sertanejo, MPB","Netflix, Amazon Prime Video, Disney+, Spotify",Instagram,Não,Não acompanho ,"Canais de TV (Vanguarda, Thathi, Canção Nova, etc.), Conversando com amigos e família",1,Prefiro não responder,Os dois juntos,Melhorando,Sim,Sim,Solteiro(a),Tenho Casa Própria,Não,Um pouco,,São melhores,Às vezes,Não,4,,Centro
31/03/2026 14:39:56,Homem Cis,25 a 34 anos,parque industrial,Entre R$ 5.601 e R$ 12.000,Carteira assinada (CLT),4,"Apps de transporte (Uber, 99), Bicicleta própria",Sim,Um pouco das duas coisas,Sim,"Mais festas e eventos culturais, Restaurantes e lanchonetes diferentes, Melhorar o ônibus e o trânsito",2 ou 3 vezes por mês,Às vezes,"Centro / Oeste (ex: Aquarius, Vila Adyana)",Não tem lugar legal para ir,Se o lugar é bonito e agradável,Um pouco,"Rock, MPB, Hip Hop","Netflix, Amazon Prime Video, Max (HBO), Paramount+, Spotify",Instagram,Não,wendy silveira,"Páginas de Instagram (Notícias SJC, Explore SJC, Fica Dica SJC, Prefeitura SJC)",4,Esquerda,As empresas e o comércio,Melhorando,Sim,Sim,Casado(a) ou morando junto,Moro de aluguel mas quero uma casa própria,Não,Não,desigualdade social,São melhores,"Sim, sempre",Sim,4,nao,Sul
29/04/2026 10:33:20,Mulher Cis,25 a 34 anos,Monte Castelo,Até R$ 2.800,Por conta própria / Bico / PJ,3,"Carro próprio, Apps de transporte (Uber, 99), Ônibus",Não,Uma cidade tranquila com jeito de interior,Sim,"Mais festas e eventos culturais, Mais opções para sair à noite, Mais segurança",2 ou 3 vezes por mês,Às vezes,Vou em todas as regiões,Não tem lugar legal para ir,As notas no Google,"Não, não ligo para isso","Pop, Rock, Funk, MPB","Netflix, Amazon Prime Video, Disney+, Max (HBO), Globoplay, Spotify",Instagram,Sim,Latif Naara,"Portais de Notícias (Meon, Life Informa, Diário de SJC, G1 Vale, 012 News), Páginas de Instagram (Notícias SJC, Explore SJC, Fica Dica SJC, Prefeitura SJC), Conversando com amigos e família",4,Prefiro não responder,Os dois juntos,Melhorando,Sim,Sim,Solteiro(a),Moro de aluguel mas quero uma casa própria,Sim,Não,,Não sei dizer,Às vezes,Sim,3,,Centro